{
"type": "FeatureCollection",
"name": "farmcredit_locations",
"crs": { "type": "name", "properties": { "name": "urn:ogc:def:crs:OGC:1.3:CRS84" } },
"features": [
{ "type": "Feature", "properties": { "organization": "First South Farm Credit", "address": "41655 State Highway 59", "city": "Bay Minette", "st": "AL", "zip": "36507", "office_type": "Branch" }, "geometry": { "type": "Point", "coordinates": [ -87.777017, 30.832233 ] } },
{ "type": "Feature", "properties": { "organization": "First South Farm Credit", "address": "1824 Eva Rd NE", "city": "Cullman", "st": "AL", "zip": "35055", "office_type": "Branch" }, "geometry": { "type": "Point", "coordinates": [ -86.827872, 34.201192 ] } },
{ "type": "Feature", "properties": { "organization": "Alabama Farm Credit", "address": "1949 St Joseph Dr NW", "city": "Cullman", "st": "AL", "zip": "35055", "office_type": "Branch" }, "geometry": { "type": "Point", "coordinates": [ -86.87304, 34.20558 ] } },
{ "type": "Feature", "properties": { "organization": "Alabama Ag Credit", "address": "921 Hwy 80 West", "city": "Demopolis", "st": "AL", "zip": "36732", "office_type": "Branch" }, "geometry": { "type": "Point", "coordinates": [ -87.847431, 32.497039 ] } },
{ "type": "Feature", "properties": { "organization": "Alabama Ag Credit", "address": "1001 Forest Drive", "city": "Dothan", "st": "AL", "zip": "36303", "office_type": "Branch" }, "geometry": { "type": "Point", "coordinates": [ -85.433618, 31.235018 ] } },
{ "type": "Feature", "properties": { "organization": "Alabama Ag Credit", "address": "9810 Timber Circle", "city": "Spanish Fort", "st": "AL", "zip": "36527", "office_type": "Branch" }, "geometry": { "type": "Point", "coordinates": [ -87.852799, 30.672152 ] } },
{ "type": "Feature", "properties": { "organization": "Alabama Ag Credit", "address": "7602 Halcyon Summit Dr", "city": "Montgomery", "st": "AL", "zip": "36117", "office_type": "Branch" }, "geometry": { "type": "Point", "coordinates": [ -86.16865, 32.365195 ] } },
{ "type": "Feature", "properties": { "organization": "First South Farm Credit", "address": "1401 Forest Ave", "city": "Montgomery", "st": "AL", "zip": "36106", "office_type": "Branch" }, "geometry": { "type": "Point", "coordinates": [ -86.285856, 32.364785 ] } },
{ "type": "Feature", "properties": { "organization": "First South Farm Credit", "address": "4210 McFarland Blvd", "city": "Northport", "st": "AL", "zip": "35476", "office_type": "Branch" }, "geometry": { "type": "Point", "coordinates": [ -87.59834, 33.23918 ] } },
{ "type": "Feature", "properties": { "organization": "Alabama Ag Credit", "address": "2618 8th Street, Suite 10", "city": "Tuscaloosa", "st": "AL", "zip": "35401", "office_type": "Branch" }, "geometry": { "type": "Point", "coordinates": [ -87.570875, 33.20619 ] } },
{ "type": "Feature", "properties": { "organization": "First South Farm Credit", "address": "320 Alabama Hwy 75 North", "city": "Albertville", "st": "AL", "zip": "35951", "office_type": "Branch" }, "geometry": { "type": "Point", "coordinates": [ -86.19996, 34.2785 ] } },
{ "type": "Feature", "properties": { "organization": "Alabama Farm Credit", "address": "808 AL Hwy 75 N", "city": "Albertville", "st": "AL", "zip": "35950", "office_type": "Branch" }, "geometry": { "type": "Point", "coordinates": [ -86.192099, 34.281501 ] } },
{ "type": "Feature", "properties": { "organization": "First South Farm Credit", "address": "2341 Alabama Hwy 21 South", "city": "Oxford", "st": "AL", "zip": "36203", "office_type": "Branch" }, "geometry": { "type": "Point", "coordinates": [ -85.844412, 33.591402 ] } },
{ "type": "Feature", "properties": { "organization": "First South Farm Credit", "address": "700 Hwy. 80 West", "city": "Demopolis", "st": "AL", "zip": "36732", "office_type": "Branch" }, "geometry": { "type": "Point", "coordinates": [ -87.84732, 32.49861 ] } },
{ "type": "Feature", "properties": { "organization": "First South Farm Credit", "address": "141 Lee Street", "city": "Luverne", "st": "AL", "zip": "36049", "office_type": "Branch" }, "geometry": { "type": "Point", "coordinates": [ -86.2854, 31.731113 ] } },
{ "type": "Feature", "properties": { "organization": "First South Farm Credit", "address": "1613 Frederick Road", "city": "Opelika", "st": "AL", "zip": "36801", "office_type": "Branch" }, "geometry": { "type": "Point", "coordinates": [ -85.399255, 32.622442 ] } },
{ "type": "Feature", "properties": { "organization": "Alabama Ag Credit", "address": "1431 Gateway Drive", "city": "Opelika", "st": "AL", "zip": "36801", "office_type": "Branch" }, "geometry": { "type": "Point", "coordinates": [ -85.40893, 32.636984 ] } },
{ "type": "Feature", "properties": { "organization": "Alabama Ag Credit", "address": "420 Broad Street", "city": "Selma", "st": "AL", "zip": "36701", "office_type": "Branch" }, "geometry": { "type": "Point", "coordinates": [ -87.021813, 32.411853 ] } },
{ "type": "Feature", "properties": { "organization": "Alabama Farm Credit", "address": "65696 AL Hwy 77", "city": "Talladega", "st": "AL", "zip": "35161", "office_type": "Branch" }, "geometry": { "type": "Point", "coordinates": [ -86.114585, 33.452095 ] } },
{ "type": "Feature", "properties": { "organization": "First South Farm Credit", "address": "1103 Bypass West", "city": "Andalusia", "st": "AL", "zip": "36420", "office_type": "Branch" }, "geometry": { "type": "Point", "coordinates": [ -86.50085, 31.294821 ] } },
{ "type": "Feature", "properties": { "organization": "Alabama Ag Credit", "address": "1010 Boll Weevil Circle", "city": "Enterprise", "st": "AL", "zip": "36330", "office_type": "Branch" }, "geometry": { "type": "Point", "coordinates": [ -85.84693, 31.33408 ] } },
{ "type": "Feature", "properties": { "organization": "Alabama Ag Credit", "address": "87 North Mount Pleasant Avenue", "city": "Monroeville", "st": "AL", "zip": "36460", "office_type": "Branch" }, "geometry": { "type": "Point", "coordinates": [ -87.325523, 31.528086 ] } },
{ "type": "Feature", "properties": { "organization": "First South Farm Credit", "address": "970 Hwy. 20 East", "city": "Tuscumbia", "st": "AL", "zip": "35674", "office_type": "Branch" }, "geometry": { "type": "Point", "coordinates": [ -87.652879, 34.704362 ] } },
{ "type": "Feature", "properties": { "organization": "Alabama Farm Credit", "address": "1013 Hwy 72E", "city": "Tuscumbia", "st": "AL", "zip": "35674", "office_type": "Branch" }, "geometry": { "type": "Point", "coordinates": [ -87.594783, 34.683519 ] } },
{ "type": "Feature", "properties": { "organization": "Alabama Farm Credit", "address": "26243 US Highway 72", "city": "Athens", "st": "AL", "zip": "35613", "office_type": "Branch" }, "geometry": { "type": "Point", "coordinates": [ -86.860454, 34.764281 ] } },
{ "type": "Feature", "properties": { "organization": "First South Farm Credit", "address": "30035 US Highway 72 West", "city": "Madison", "st": "AL", "zip": "35756", "office_type": "Branch" }, "geometry": { "type": "Point", "coordinates": [ -86.79809, 34.74956 ] } },
{ "type": "Feature", "properties": { "organization": "First South Farm Credit", "address": "1960 Stonegate Drive", "city": "Birmingham", "st": "AL", "zip": "35242", "office_type": "Branch" }, "geometry": { "type": "Point", "coordinates": [ -86.701328, 33.483616 ] } },
{ "type": "Feature", "properties": { "organization": "First South Farm Credit", "address": "14390 Market St", "city": "Moulton", "st": "AL", "zip": "35650", "office_type": "Branch" }, "geometry": { "type": "Point", "coordinates": [ -87.292408, 34.479352 ] } },
{ "type": "Feature", "properties": { "organization": "AgWest Farm Credit", "address": "2157 North Northlake Way", "city": "Seattle", "st": "WA", "zip": "98103", "office_type": "Branch" }, "geometry": { "type": "Point", "coordinates": [ -122.3323, 47.64823 ] } },
{ "type": "Feature", "properties": { "organization": "AgWest Farm Credit", "address": "1120 S. 20th Avenue", "city": "Safford", "st": "AZ", "zip": "85546", "office_type": "Branch" }, "geometry": { "type": "Point", "coordinates": [ -109.73354, 32.82738 ] } },
{ "type": "Feature", "properties": { "organization": "AgWest Farm Credit", "address": "3003 S. Fair Lane", "city": "Tempe", "st": "AZ", "zip": "85282", "office_type": "Branch" }, "geometry": { "type": "Point", "coordinates": [ -111.976429, 33.396013 ] } },
{ "type": "Feature", "properties": { "organization": "Western AgCredit", "address": "2495 N. Main Street", "city": "Cedar City", "st": "UT", "zip": "84721", "office_type": "Branch" }, "geometry": { "type": "Point", "coordinates": [ -113.052393, 37.722515 ] } },
{ "type": "Feature", "properties": { "organization": "Farm Credit of Western Arkansas", "address": "3600 SW Regional Airport Blvd. Suite 16", "city": "Bentonville", "st": "AR", "zip": "72712", "office_type": "Branch" }, "geometry": { "type": "Point", "coordinates": [ -94.252764, 36.336874 ] } },
{ "type": "Feature", "properties": { "organization": "Farm Credit of Western Arkansas", "address": "129 W Industrial Park Rd", "city": "Harrison", "st": "AR", "zip": "72601", "office_type": "Branch" }, "geometry": { "type": "Point", "coordinates": [ -93.12566, 36.25114 ] } },
{ "type": "Feature", "properties": { "organization": "AgHeritage Farm Credit Services", "address": "6035 Highway 65 N", "city": "McGehee", "st": "AR", "zip": "71654", "office_type": "Branch" }, "geometry": { "type": "Point", "coordinates": [ -91.404149, 33.647751 ] } },
{ "type": "Feature", "properties": { "organization": "Farm Credit of Western Arkansas", "address": "4970 Hwy 412 East", "city": "Siloam Springs", "st": "AR", "zip": "72761", "office_type": "Branch" }, "geometry": { "type": "Point", "coordinates": [ -94.48854, 36.18012 ] } },
{ "type": "Feature", "properties": { "organization": "AgHeritage Farm Credit Services", "address": "1102 E 22nd St", "city": "Stuttgart", "st": "AR", "zip": "72160", "office_type": "Branch" }, "geometry": { "type": "Point", "coordinates": [ -91.54017, 34.47885 ] } },
{ "type": "Feature", "properties": { "organization": "Farm Credit of Western Arkansas", "address": "2858 Walnut St.", "city": "Arkadelphia", "st": "AR", "zip": "71923", "office_type": "Branch" }, "geometry": { "type": "Point", "coordinates": [ -93.08639, 34.11835 ] } },
{ "type": "Feature", "properties": { "organization": "Farm Credit of Western Arkansas", "address": "1703 Pittman St", "city": "Magnolia", "st": "AR", "zip": "71753", "office_type": "Branch" }, "geometry": { "type": "Point", "coordinates": [ -93.216747, 33.273007 ] } },
{ "type": "Feature", "properties": { "organization": "AgHeritage Farm Credit Services", "address": "2620 S Main St", "city": "Searcy", "st": "AR", "zip": "72143", "office_type": "Branch" }, "geometry": { "type": "Point", "coordinates": [ -91.731956, 35.212059 ] } },
{ "type": "Feature", "properties": { "organization": "Farm Credit of Western Arkansas", "address": "641 Highway 71 N Ste 102", "city": "Alma", "st": "AR", "zip": "72921", "office_type": "Branch" }, "geometry": { "type": "Point", "coordinates": [ -94.226717, 35.493499 ] } },
{ "type": "Feature", "properties": { "organization": "Farm Credit of Western Arkansas", "address": "12907 Hwy 71 South", "city": "Fort Smith", "st": "AR", "zip": "72916", "office_type": "Branch" }, "geometry": { "type": "Point", "coordinates": [ -94.3631, 35.26219 ] } },
{ "type": "Feature", "properties": { "organization": "Farm Credit Mid-America", "address": "3000 Prosperity Drive", "city": "Jonesboro", "st": "AR", "zip": "72404", "office_type": "Branch" }, "geometry": { "type": "Point", "coordinates": [ -90.672425, 35.80619 ] } },
{ "type": "Feature", "properties": { "organization": "Farm Credit Mid-America", "address": "151 Block Street", "city": "Marion", "st": "AR", "zip": "72364", "office_type": "Branch" }, "geometry": { "type": "Point", "coordinates": [ -90.20409, 35.20782 ] } },
{ "type": "Feature", "properties": { "organization": "Farm Credit of Western Arkansas", "address": "1329 Hwy 9", "city": "Morrilton", "st": "AR", "zip": "72110", "office_type": "Branch" }, "geometry": { "type": "Point", "coordinates": [ -92.72297, 35.14376 ] } },
{ "type": "Feature", "properties": { "organization": "Farm Credit Mid-America", "address": "6216 Hwy 49", "city": "Poplar Grove", "st": "AR", "zip": "72374", "office_type": "Branch" }, "geometry": { "type": "Point", "coordinates": [ -90.771009, 34.55564 ] } },
{ "type": "Feature", "properties": { "organization": "Farm Credit of Western Arkansas", "address": "89C N Broadview St", "city": "Greenbrier", "st": "AR", "zip": "72058", "office_type": "Branch" }, "geometry": { "type": "Point", "coordinates": [ -92.387845, 35.24739 ] } },
{ "type": "Feature", "properties": { "organization": "Farm Credit of Western Arkansas", "address": "1808 Farm Credit Dr", "city": "Ozark", "st": "AR", "zip": "72949", "office_type": "Branch" }, "geometry": { "type": "Point", "coordinates": [ -93.843793, 35.49961 ] } },
{ "type": "Feature", "properties": { "organization": "Farm Credit of Western Arkansas", "address": "3772 W Hwy 22", "city": "Paris", "st": "AR", "zip": "72855", "office_type": "Branch" }, "geometry": { "type": "Point", "coordinates": [ -93.77426, 35.29443 ] } },
{ "type": "Feature", "properties": { "organization": "Farm Credit Mid-America", "address": "1674 S Falls Blvd", "city": "Wynne", "st": "AR", "zip": "72396", "office_type": "Branch" }, "geometry": { "type": "Point", "coordinates": [ -90.791272, 35.204408 ] } },
{ "type": "Feature", "properties": { "organization": "Farm Credit of Western Arkansas", "address": "15227 I-30 South", "city": "Benton", "st": "AR", "zip": "72015", "office_type": "Branch" }, "geometry": { "type": "Point", "coordinates": [ -92.611809, 34.560958 ] } },
{ "type": "Feature", "properties": { "organization": "Farm Credit of Western Arkansas", "address": "1722 E 3rd St.", "city": "Hope", "st": "AR", "zip": "71801", "office_type": "Branch" }, "geometry": { "type": "Point", "coordinates": [ -93.570803, 33.668575 ] } },
{ "type": "Feature", "properties": { "organization": "Farm Credit Mid-America", "address": "1312 Highway 135 N", "city": "Paragould", "st": "AR", "zip": "72450", "office_type": "Branch" }, "geometry": { "type": "Point", "coordinates": [ -90.500084, 36.071732 ] } },
{ "type": "Feature", "properties": { "organization": "AgHeritage Farm Credit Services", "address": "1105 Pace Rd", "city": "Pocahontas", "st": "AR", "zip": "72455", "office_type": "Branch" }, "geometry": { "type": "Point", "coordinates": [ -90.95768, 36.24933 ] } },
{ "type": "Feature", "properties": { "organization": "AgHeritage Farm Credit Services", "address": "1169 Batesville Blvd", "city": "Batesville", "st": "AR", "zip": "72501", "office_type": "Branch" }, "geometry": { "type": "Point", "coordinates": [ -91.636673, 35.727022 ] } },
{ "type": "Feature", "properties": { "organization": "Farm Credit of Western Arkansas", "address": "1007 Interstate RD", "city": "Clarksville", "st": "AR", "zip": "72830", "office_type": "Branch" }, "geometry": { "type": "Point", "coordinates": [ -93.486213, 35.4585 ] } },
{ "type": "Feature", "properties": { "organization": "Farm Credit of Western Arkansas", "address": "302 W Bishop St", "city": "Nashville", "st": "AR", "zip": "71852", "office_type": "Branch" }, "geometry": { "type": "Point", "coordinates": [ -93.849806, 33.948624 ] } },
{ "type": "Feature", "properties": { "organization": "AgHeritage Farm Credit Services", "address": "2800 Stegall Rd", "city": "Newport", "st": "AR", "zip": "72112", "office_type": "Branch" }, "geometry": { "type": "Point", "coordinates": [ -91.247918, 35.607558 ] } },
{ "type": "Feature", "properties": { "organization": "Farm Credit of Western Arkansas", "address": "2797 E Parkway Dr.", "city": "Russellville", "st": "AR", "zip": "72802", "office_type": "Branch" }, "geometry": { "type": "Point", "coordinates": [ -93.099356, 35.282679 ] } },
{ "type": "Feature", "properties": { "organization": "Farm Credit of Western Arkansas", "address": "2305 Trinity Blvd.", "city": "Texarkana", "st": "AR", "zip": "71854", "office_type": "Branch" }, "geometry": { "type": "Point", "coordinates": [ -94.01858, 33.47468 ] } },
{ "type": "Feature", "properties": { "organization": "AgHeritage Farm Credit Services", "address": "498 Broadmoor Dr", "city": "Brinkley", "st": "AR", "zip": "72021", "office_type": "Branch" }, "geometry": { "type": "Point", "coordinates": [ -91.19541, 34.904679 ] } },
{ "type": "Feature", "properties": { "organization": "Farm Credit of Western Arkansas", "address": "14238 Highway 412", "city": "Huntsville", "st": "AR", "zip": "72740", "office_type": "Branch" }, "geometry": { "type": "Point", "coordinates": [ -93.709122, 36.113766 ] } },
{ "type": "Feature", "properties": { "organization": "AgHeritage Farm Credit Services", "address": "1121 W Front Street", "city": "Lonoke", "st": "AR", "zip": "72086", "office_type": "Branch" }, "geometry": { "type": "Point", "coordinates": [ -91.914243, 34.781357 ] } },
{ "type": "Feature", "properties": { "organization": "Farm Credit Mid-America", "address": "4389 W Keiser Ave", "city": "Osceola", "st": "AR", "zip": "72370", "office_type": "Branch" }, "geometry": { "type": "Point", "coordinates": [ -90.042562, 35.697659 ] } },
{ "type": "Feature", "properties": { "organization": "Farm Credit of Western Arkansas", "address": "1091 W Henri De Tonti Blvd.", "city": "Springdale", "st": "AR", "zip": "72762", "office_type": "Branch" }, "geometry": { "type": "Point", "coordinates": [ -94.25302, 36.17623 ] } },
{ "type": "Feature", "properties": { "organization": "Farm Credit of Western Arkansas", "address": "1607 Hwy 71 North", "city": "Mena", "st": "AR", "zip": "71953", "office_type": "Branch" }, "geometry": { "type": "Point", "coordinates": [ -94.21402, 34.58593 ] } },
{ "type": "Feature", "properties": { "organization": "Farm Credit of Western Arkansas", "address": "800 E Magnolia Ave", "city": "De Queen", "st": "AR", "zip": "71832", "office_type": "Branch" }, "geometry": { "type": "Point", "coordinates": [ -94.32975, 34.04392 ] } },
{ "type": "Feature", "properties": { "organization": "Farm Credit of Western Arkansas", "address": "1181 East Heritage Parkway", "city": "Prairie Grove", "st": "AR", "zip": "72753", "office_type": "Branch" }, "geometry": { "type": "Point", "coordinates": [ -94.297918, 35.986366 ] } },
{ "type": "Feature", "properties": { "organization": "Farm Credit of Western Arkansas", "address": "302 E 5th ST", "city": "Danville", "st": "AR", "zip": "72833", "office_type": "Branch" }, "geometry": { "type": "Point", "coordinates": [ -93.39213, 35.05704 ] } },
{ "type": "Feature", "properties": { "organization": "American AgCredit", "address": "403 E Hwy 395", "city": "Alturas", "st": "CA", "zip": "96101", "office_type": "Branch" }, "geometry": { "type": "Point", "coordinates": [ -120.539575, 41.495678 ] } },
{ "type": "Feature", "properties": { "organization": "Farm Credit Services of Colusa-Glenn", "address": "2970 Davison CT", "city": "Colusa", "st": "CA", "zip": "95932", "office_type": "Branch" }, "geometry": { "type": "Point", "coordinates": [ -121.996629, 39.187965 ] } },
{ "type": "Feature", "properties": { "organization": "Golden State Farm Credit", "address": "1530 Marion St.", "city": "Kingsburg", "st": "CA", "zip": "93631", "office_type": "Branch" }, "geometry": { "type": "Point", "coordinates": [ -119.553093, 36.515554 ] } },
{ "type": "Feature", "properties": { "organization": "American AgCredit", "address": "2345 E. Earhart Ave", "city": "Stockton", "st": "CA", "zip": "95206", "office_type": "Branch" }, "geometry": { "type": "Point", "coordinates": [ -121.23772, 37.90361 ] } },
{ "type": "Feature", "properties": { "organization": "Golden State Farm Credit", "address": "201-A North Tehama Street", "city": "Willows", "st": "CA", "zip": "95988", "office_type": "Branch" }, "geometry": { "type": "Point", "coordinates": [ -122.193378, 39.532076 ] } },
{ "type": "Feature", "properties": { "organization": "AgWest Farm Credit", "address": "1800 Lassen Blvd.", "city": "Yuba City", "st": "CA", "zip": "95993", "office_type": "Branch" }, "geometry": { "type": "Point", "coordinates": [ -121.649256, 39.137435 ] } },
{ "type": "Feature", "properties": { "organization": "American AgCredit", "address": "1440 W Williams Ave", "city": "Fallon", "st": "NV", "zip": "89406", "office_type": "Branch" }, "geometry": { "type": "Point", "coordinates": [ -118.79317, 39.47518 ] } },
{ "type": "Feature", "properties": { "organization": "AgWest Farm Credit", "address": "940 W. El Monte Way", "city": "Dinuba", "st": "CA", "zip": "93618", "office_type": "Branch" }, "geometry": { "type": "Point", "coordinates": [ -119.40551, 36.544892 ] } },
{ "type": "Feature", "properties": { "organization": "American AgCredit", "address": "5560 S Broadway", "city": "Eureka", "st": "CA", "zip": "95503", "office_type": "Branch" }, "geometry": { "type": "Point", "coordinates": [ -124.199551, 40.743888 ] } },
{ "type": "Feature", "properties": { "organization": "Fresno Madera Farm Credit", "address": "4635 W Spruce Ave", "city": "Fresno", "st": "CA", "zip": "93722", "office_type": "Branch" }, "geometry": { "type": "Point", "coordinates": [ -119.876401, 36.83854 ] } },
{ "type": "Feature", "properties": { "organization": "Fresno Madera Farm Credit", "address": "1698 Draper Street", "city": "Kingsburg", "st": "CA", "zip": "93631", "office_type": "Branch" }, "geometry": { "type": "Point", "coordinates": [ -119.549594, 36.516778 ] } },
{ "type": "Feature", "properties": { "organization": "Fresno Madera Farm Credit", "address": "3475 Golden State Blvd", "city": "Madera", "st": "CA", "zip": "93637", "office_type": "Branch" }, "geometry": { "type": "Point", "coordinates": [ -120.105955, 36.99938 ] } },
{ "type": "Feature", "properties": { "organization": "Golden State Farm Credit", "address": "1001 East 3rd Street", "city": "Hanford", "st": "CA", "zip": "93230", "office_type": "Branch" }, "geometry": { "type": "Point", "coordinates": [ -119.62897, 36.3238 ] } },
{ "type": "Feature", "properties": { "organization": "Yosemite Farm Credit", "address": "530 Washington Avenue", "city": "Los Banos", "st": "CA", "zip": "93635", "office_type": "Branch" }, "geometry": { "type": "Point", "coordinates": [ -120.851603, 37.05623 ] } },
{ "type": "Feature", "properties": { "organization": "Yosemite Farm Credit", "address": "760 W 18th Street", "city": "Merced", "st": "CA", "zip": "95340", "office_type": "Branch" }, "geometry": { "type": "Point", "coordinates": [ -120.487163, 37.303687 ] } },
{ "type": "Feature", "properties": { "organization": "American AgCredit", "address": "711 W 19th ST", "city": "Merced", "st": "CA", "zip": "95340", "office_type": "Branch" }, "geometry": { "type": "Point", "coordinates": [ -120.485419, 37.30495 ] } },
{ "type": "Feature", "properties": { "organization": "AgWest Farm Credit", "address": "175 Cow Meadow Place", "city": "Paso Robles", "st": "CA", "zip": "93446", "office_type": "Branch" }, "geometry": { "type": "Point", "coordinates": [ -120.69602, 35.57169 ] } },
{ "type": "Feature", "properties": { "organization": "AgWest Farm Credit", "address": "200 E. Cartmill Avenue", "city": "Tulare", "st": "CA", "zip": "93274", "office_type": "Branch" }, "geometry": { "type": "Point", "coordinates": [ -119.347889, 36.241325 ] } },
{ "type": "Feature", "properties": { "organization": "AgWest Farm Credit", "address": "440 Pioneer Avenue", "city": "Woodland", "st": "CA", "zip": "95776", "office_type": "Branch" }, "geometry": { "type": "Point", "coordinates": [ -121.747433, 38.675322 ] } },
{ "type": "Feature", "properties": { "organization": "American AgCredit", "address": "255 W Peckham Lane", "city": "Reno", "st": "NV", "zip": "89509", "office_type": "Branch" }, "geometry": { "type": "Point", "coordinates": [ -119.799369, 39.487864 ] } },
{ "type": "Feature", "properties": { "organization": "AgWest Farm Credit", "address": "1111 W Lacey Blvd", "city": "Hanford", "st": "CA", "zip": "93230", "office_type": "Branch" }, "geometry": { "type": "Point", "coordinates": [ -119.66126, 36.3277 ] } },
{ "type": "Feature", "properties": { "organization": "AgWest Farm Credit", "address": "485 Business Park Way", "city": "Imperial ", "st": "CA", "zip": "92251", "office_type": "Branch" }, "geometry": { "type": "Point", "coordinates": [ -115.57677, 32.826256 ] } },
{ "type": "Feature", "properties": { "organization": "AgWest Farm Credit", "address": "19628 Industry Pkwy Dr", "city": "Bakersfield", "st": "CA", "zip": "93308", "office_type": "Branch" }, "geometry": { "type": "Point", "coordinates": [ -119.07841, 35.44077 ] } },
{ "type": "Feature", "properties": { "organization": "American AgCredit", "address": "455 E Gobbi St", "city": "Ukiah", "st": "CA", "zip": "95482", "office_type": "Branch" }, "geometry": { "type": "Point", "coordinates": [ -123.199672, 39.144128 ] } },
{ "type": "Feature", "properties": { "organization": "AgWest Farm Credit", "address": "300 Klamath Ave", "city": "Klamath Falls", "st": "OR", "zip": "97601", "office_type": "Branch" }, "geometry": { "type": "Point", "coordinates": [ -121.78311, 42.222304 ] } },
{ "type": "Feature", "properties": { "organization": "Yosemite Farm Credit", "address": "345 W Las Palmas", "city": "Patterson", "st": "CA", "zip": "95363", "office_type": "Branch" }, "geometry": { "type": "Point", "coordinates": [ -121.131821, 37.471141 ] } },
{ "type": "Feature", "properties": { "organization": "American AgCredit", "address": "4845 Old Redwood Hwy", "city": "Santa Rosa", "st": "CA", "zip": "95403", "office_type": "Branch" }, "geometry": { "type": "Point", "coordinates": [ -122.753389, 38.501446 ] } },
{ "type": "Feature", "properties": { "organization": "American AgCredit", "address": "42429 Winchester Rd", "city": "Temecula", "st": "CA", "zip": "92590", "office_type": "Branch" }, "geometry": { "type": "Point", "coordinates": [ -117.181066, 33.510439 ] } },
{ "type": "Feature", "properties": { "organization": "Yosemite Farm Credit", "address": "810 W Monte Vista Avenue", "city": "Turlock", "st": "CA", "zip": "95382", "office_type": "Branch" }, "geometry": { "type": "Point", "coordinates": [ -120.858996, 37.520757 ] } },
{ "type": "Feature", "properties": { "organization": "American AgCredit", "address": "924 E Blanco Rd", "city": "Salinas", "st": "CA", "zip": "93901", "office_type": "Branch" }, "geometry": { "type": "Point", "coordinates": [ -121.636445, 36.654277 ] } },
{ "type": "Feature", "properties": { "organization": "American AgCredit", "address": "77711 Flora Rd", "city": "Palm Desert", "st": "CA", "zip": "92211", "office_type": "Branch" }, "geometry": { "type": "Point", "coordinates": [ -116.307794, 33.768112 ] } },
{ "type": "Feature", "properties": { "organization": "American AgCredit", "address": "700 N Yosemite Ave", "city": "Oakdale", "st": "CA", "zip": "95362", "office_type": "Branch" }, "geometry": { "type": "Point", "coordinates": [ -120.851992, 37.773909 ] } },
{ "type": "Feature", "properties": { "organization": "AgWest Farm Credit", "address": "1178 Tama Lane", "city": "Santa Maria", "st": "CA", "zip": "93455", "office_type": "Branch" }, "geometry": { "type": "Point", "coordinates": [ -120.453589, 34.91912 ] } },
{ "type": "Feature", "properties": { "organization": "AgWest Farm Credit", "address": "2031 Knoll Dr", "city": "Ventura", "st": "CA", "zip": "93003", "office_type": "Branch" }, "geometry": { "type": "Point", "coordinates": [ -119.220845, 34.25452 ] } },
{ "type": "Feature", "properties": { "organization": "Golden State Farm Credit", "address": "255 Sale Lane", "city": "Red Bluff", "st": "CA", "zip": "96080", "office_type": "Branch" }, "geometry": { "type": "Point", "coordinates": [ -122.21932, 40.178499 ] } },
{ "type": "Feature", "properties": { "organization": "AgWest Farm Credit", "address": "650 E Pine St.", "city": "Central Point", "st": "OR", "zip": "97502", "office_type": "Branch" }, "geometry": { "type": "Point", "coordinates": [ -122.91227, 42.376352 ] } },
{ "type": "Feature", "properties": { "organization": "Yosemite Farm Credit", "address": "1213 13th Street", "city": "Modesto", "st": "CA", "zip": "95354", "office_type": "Branch" }, "geometry": { "type": "Point", "coordinates": [ -121.00049, 37.644795 ] } },
{ "type": "Feature", "properties": { "organization": "American AgCredit", "address": "850 East Second Ave", "city": "Durango", "st": "CO", "zip": "81301", "office_type": "Branch" }, "geometry": { "type": "Point", "coordinates": [ -107.87928, 37.27266 ] } },
{ "type": "Feature", "properties": { "organization": "American AgCredit", "address": "4505 W 29th Street", "city": "Greeley", "st": "CO", "zip": "80634", "office_type": "Branch" }, "geometry": { "type": "Point", "coordinates": [ -104.753296, 40.391043 ] } },
{ "type": "Feature", "properties": { "organization": "Farm Credit of Southern Colorado", "address": "1302 E Third", "city": "La Junta", "st": "CO", "zip": "81050", "office_type": "Branch" }, "geometry": { "type": "Point", "coordinates": [ -103.526279, 37.985643 ] } },
{ "type": "Feature", "properties": { "organization": "Farm Credit of Southern Colorado", "address": "1301 E Olive ST", "city": "Lamar", "st": "CO", "zip": "81052", "office_type": "Branch" }, "geometry": { "type": "Point", "coordinates": [ -102.601142, 38.088902 ] } },
{ "type": "Feature", "properties": { "organization": "Farm Credit of Southern Colorado", "address": "100 E Main", "city": "Limon", "st": "CO", "zip": "80828", "office_type": "Branch" }, "geometry": { "type": "Point", "coordinates": [ -103.687911, 39.263018 ] } },
{ "type": "Feature", "properties": { "organization": "Farm Credit of Southern Colorado", "address": "159 Washington St", "city": "Monte Vista", "st": "CO", "zip": "81144", "office_type": "Branch" }, "geometry": { "type": "Point", "coordinates": [ -106.148373, 37.579408 ] } },
{ "type": "Feature", "properties": { "organization": "Farm Credit of Southern Colorado", "address": "549 South Lincoln", "city": "Burlington", "st": "CO", "zip": "80807", "office_type": "Branch" }, "geometry": { "type": "Point", "coordinates": [ -102.27751, 39.291304 ] } },
{ "type": "Feature", "properties": { "organization": "Farm Credit of Southern Colorado", "address": "5110 Edison Ave", "city": "Colorado Springs", "st": "CO", "zip": "80915", "office_type": "Branch" }, "geometry": { "type": "Point", "coordinates": [ -104.732345, 38.840358 ] } },
{ "type": "Feature", "properties": { "organization": "American AgCredit", "address": "627 24 1/2 Road Suite I", "city": "Grand Junction", "st": "CO", "zip": "81505", "office_type": "Branch" }, "geometry": { "type": "Point", "coordinates": [ -108.59937, 39.095718 ] } },
{ "type": "Feature", "properties": { "organization": "American AgCredit", "address": "1404 Hawk Parkway, #101", "city": "Montrose", "st": "CO", "zip": "81401", "office_type": "Branch" }, "geometry": { "type": "Point", "coordinates": [ -107.867257, 38.44795 ] } },
{ "type": "Feature", "properties": { "organization": "Premier Farm Credit", "address": "143 S Campbell Ave", "city": "Holyoke", "st": "CO", "zip": "80734", "office_type": "Branch" }, "geometry": { "type": "Point", "coordinates": [ -102.300583, 40.584734 ] } },
{ "type": "Feature", "properties": { "organization": "Premier Farm Credit", "address": "229 S 3rd St", "city": "Sterling", "st": "CO", "zip": "80751", "office_type": "Branch" }, "geometry": { "type": "Point", "coordinates": [ -103.20973, 40.62173 ] } },
{ "type": "Feature", "properties": { "organization": "Premier Farm Credit", "address": "225 E Railroad Ave", "city": "Fort Morgan", "st": "CO", "zip": "80701", "office_type": "Branch" }, "geometry": { "type": "Point", "coordinates": [ -103.79879, 40.24873 ] } },
{ "type": "Feature", "properties": { "organization": "Premier Farm Credit", "address": "700 W 8th Ave", "city": "Yuma", "st": "CO", "zip": "80759", "office_type": "Branch" }, "geometry": { "type": "Point", "coordinates": [ -102.73255, 40.11903 ] } },
{ "type": "Feature", "properties": { "organization": "Horizon Farm Credit", "address": "1410 S State St", "city": "Dover", "st": "DE", "zip": "19901", "office_type": "Branch" }, "geometry": { "type": "Point", "coordinates": [ -75.522513, 39.136356 ] } },
{ "type": "Feature", "properties": { "organization": "Horizon Farm Credit", "address": "20816 DuPont Blvd", "city": "Georgetown", "st": "DE", "zip": "19947", "office_type": "Branch" }, "geometry": { "type": "Point", "coordinates": [ -75.399722, 38.692768 ] } },
{ "type": "Feature", "properties": { "organization": "Horizon Farm Credit", "address": "5303 Spectrum Drive", "city": "Frederick", "st": "MD", "zip": "21703", "office_type": "Branch" }, "geometry": { "type": "Point", "coordinates": [ -77.404028, 39.375326 ] } },
{ "type": "Feature", "properties": { "organization": "Farm Credit of Florida", "address": "12300 NW US Hwy 441", "city": "Alachua", "st": "FL", "zip": "32615", "office_type": "Branch" }, "geometry": { "type": "Point", "coordinates": [ -82.420207, 29.766998 ] } },
{ "type": "Feature", "properties": { "organization": "Farm Credit of Central Florida", "address": "57 E. Third Street", "city": "Apopka", "st": "FL", "zip": "32703", "office_type": "Branch" }, "geometry": { "type": "Point", "coordinates": [ -81.51053, 28.67449 ] } },
{ "type": "Feature", "properties": { "organization": "Farm Credit of Central Florida", "address": "204 E. Orange Street", "city": "Lakeland", "st": "FL", "zip": "33801", "office_type": "Branch" }, "geometry": { "type": "Point", "coordinates": [ -81.955729, 28.04187 ] } },
{ "type": "Feature", "properties": { "organization": "Farm Credit of Florida", "address": "309 N 2nd St", "city": "Palatka", "st": "FL", "zip": "32177", "office_type": "Branch" }, "geometry": { "type": "Point", "coordinates": [ -81.628911, 29.64924 ] } },
{ "type": "Feature", "properties": { "organization": "Farm Credit of Florida", "address": "11903 Southern Blvd", "city": "West Palm Beach", "st": "FL", "zip": "33411", "office_type": "Branch" }, "geometry": { "type": "Point", "coordinates": [ -80.233473, 26.681983 ] } },
{ "type": "Feature", "properties": { "organization": "Farm Credit of Florida", "address": "340 N Brevard Ave", "city": "Arcadia", "st": "FL", "zip": "34266", "office_type": "Branch" }, "geometry": { "type": "Point", "coordinates": [ -81.856339, 27.221395 ] } },
{ "type": "Feature", "properties": { "organization": "Farm Credit of Central Florida", "address": "31050 Cortez Blvd", "city": "Brooksville", "st": "FL", "zip": "34602", "office_type": "Branch" }, "geometry": { "type": "Point", "coordinates": [ -82.23079, 28.52251 ] } },
{ "type": "Feature", "properties": { "organization": "Farm Credit of Florida", "address": "1311 US Hwy 17 North", "city": "Wauchula", "st": "FL", "zip": "33873", "office_type": "Branch" }, "geometry": { "type": "Point", "coordinates": [ -81.815362, 27.56448 ] } },
{ "type": "Feature", "properties": { "organization": "Farm Credit of Northwest Florida", "address": "5336 Stewart St", "city": "Milton", "st": "FL", "zip": "32570", "office_type": "Branch" }, "geometry": { "type": "Point", "coordinates": [ -87.042655, 30.62841 ] } },
{ "type": "Feature", "properties": { "organization": "Farm Credit of Northwest Florida", "address": "3323 Thomasville Rd", "city": "Tallahassee", "st": "FL", "zip": "32308", "office_type": "Branch" }, "geometry": { "type": "Point", "coordinates": [ -84.25241, 30.49894 ] } },
{ "type": "Feature", "properties": { "organization": "Farm Credit of Florida", "address": "721 S Main St", "city": "Trenton", "st": "FL", "zip": "32693", "office_type": "Branch" }, "geometry": { "type": "Point", "coordinates": [ -82.818617, 29.608657 ] } },
{ "type": "Feature", "properties": { "organization": "Farm Credit of Florida", "address": "1606 Canyon Ave", "city": "Live Oak", "st": "FL", "zip": "32064", "office_type": "Branch" }, "geometry": { "type": "Point", "coordinates": [ -82.972749, 30.310437 ] } },
{ "type": "Feature", "properties": { "organization": "Farm Credit of Central Florida", "address": "2301 Thonotosassa Road", "city": "Plant City", "st": "FL", "zip": "33563", "office_type": "Branch" }, "geometry": { "type": "Point", "coordinates": [ -82.146887, 28.023003 ] } },
{ "type": "Feature", "properties": { "organization": "Farm Credit of Florida", "address": "7925 20th Street", "city": "Vero Beach", "st": "FL", "zip": "32966", "office_type": "Branch" }, "geometry": { "type": "Point", "coordinates": [ -80.489864, 27.636885 ] } },
{ "type": "Feature", "properties": { "organization": "Farm Credit of Northwest Florida", "address": "925 W. Washington Street", "city": "Monticello", "st": "FL", "zip": "32344", "office_type": "Branch" }, "geometry": { "type": "Point", "coordinates": [ -83.87835, 30.54468 ] } },
{ "type": "Feature", "properties": { "organization": "Farm Credit of Florida", "address": "5075 NW Blitchton Rd", "city": "Ocala", "st": "FL", "zip": "34482", "office_type": "Branch" }, "geometry": { "type": "Point", "coordinates": [ -82.204389, 29.216606 ] } },
{ "type": "Feature", "properties": { "organization": "Farm Credit of Florida", "address": "403 NW 6th St", "city": "Okeechobee", "st": "FL", "zip": "34972", "office_type": "Branch" }, "geometry": { "type": "Point", "coordinates": [ -80.834144, 27.248694 ] } },
{ "type": "Feature", "properties": { "organization": "Farm Credit of Florida", "address": "24700 S W 177 Avenue", "city": "Homestead", "st": "FL", "zip": "33031", "office_type": "Branch" }, "geometry": { "type": "Point", "coordinates": [ -80.480981, 25.470013 ] } },
{ "type": "Feature", "properties": { "organization": "Southwest Georgia Farm Credit", "address": "1037 East Forsyth Street", "city": "Americus", "st": "GA", "zip": "31709", "office_type": "Branch" }, "geometry": { "type": "Point", "coordinates": [ -84.21983, 32.07314 ] } },
{ "type": "Feature", "properties": { "organization": "Southwest Georgia Farm Credit", "address": "305 Colquitt Highway", "city": "Bainbridge", "st": "GA", "zip": "39817", "office_type": "Branch" }, "geometry": { "type": "Point", "coordinates": [ -84.60502, 30.926492 ] } },
{ "type": "Feature", "properties": { "organization": "AgSouth Farm Credit", "address": "2215 Hatch Pkwy S", "city": "Baxley", "st": "GA", "zip": "31513", "office_type": "Branch" }, "geometry": { "type": "Point", "coordinates": [ -82.3621, 31.74884 ] } },
{ "type": "Feature", "properties": { "organization": "Southwest Georgia Farm Credit", "address": "40 East Broad Street", "city": "Camilla", "st": "GA", "zip": "31730", "office_type": "Branch" }, "geometry": { "type": "Point", "coordinates": [ -84.207287, 31.23139 ] } },
{ "type": "Feature", "properties": { "organization": "AgGeorgia Farm Credit", "address": "102 Blacksnake Rd.", "city": "Mount Airy", "st": "GA", "zip": "30563", "office_type": "Branch" }, "geometry": { "type": "Point", "coordinates": [ -83.49119, 34.58063 ] } },
{ "type": "Feature", "properties": { "organization": "Southwest Georgia Farm Credit", "address": "937 Forrester Drive SE", "city": "Dawson", "st": "GA", "zip": "39842", "office_type": "Branch" }, "geometry": { "type": "Point", "coordinates": [ -84.43686, 31.760799 ] } },
{ "type": "Feature", "properties": { "organization": "AgSouth Farm Credit", "address": "204 Bowen's Mill Rd", "city": "Douglas", "st": "GA", "zip": "31533", "office_type": "Branch" }, "geometry": { "type": "Point", "coordinates": [ -82.86925, 31.51574 ] } },
{ "type": "Feature", "properties": { "organization": "AgGeorgia Farm Credit", "address": "501 Broad St.", "city": "Gainesville", "st": "GA", "zip": "30501", "office_type": "Branch" }, "geometry": { "type": "Point", "coordinates": [ -83.821756, 34.300714 ] } },
{ "type": "Feature", "properties": { "organization": "AgGeorgia Farm Credit", "address": "449 Franklin Springs St.", "city": "Royston", "st": "GA", "zip": "30662", "office_type": "Branch" }, "geometry": { "type": "Point", "coordinates": [ -83.11719, 34.28482 ] } },
{ "type": "Feature", "properties": { "organization": "AgGeorgia Farm Credit", "address": "775 Sparta Rd.", "city": "Sandersville", "st": "GA", "zip": "31082", "office_type": "Branch" }, "geometry": { "type": "Point", "coordinates": [ -82.800748, 33.001428 ] } },
{ "type": "Feature", "properties": { "organization": "Southwest Georgia Farm Credit", "address": "1215 East Jackson Street", "city": "Thomasville", "st": "GA", "zip": "31792", "office_type": "Branch" }, "geometry": { "type": "Point", "coordinates": [ -83.962513, 30.850214 ] } },
{ "type": "Feature", "properties": { "organization": "AgGeorgia Farm Credit", "address": "2857 Miller Ferry Rd", "city": "Calhoun", "st": "GA", "zip": "30701", "office_type": "Branch" }, "geometry": { "type": "Point", "coordinates": [ -85.001004, 34.440202 ] } },
{ "type": "Feature", "properties": { "organization": "AgGeorgia Farm Credit", "address": "826 Bellevue Ave.", "city": "Dublin", "st": "GA", "zip": "31021", "office_type": "Branch" }, "geometry": { "type": "Point", "coordinates": [ -82.917662, 32.536603 ] } },
{ "type": "Feature", "properties": { "organization": "AgGeorgia Farm Credit", "address": "468 Perry Parkway", "city": "Perry", "st": "GA", "zip": "31069", "office_type": "Branch" }, "geometry": { "type": "Point", "coordinates": [ -83.72275, 32.48759 ] } },
{ "type": "Feature", "properties": { "organization": "AgGeorgia Farm Credit", "address": "1601 King Rd.", "city": "Tifton", "st": "GA", "zip": "31793", "office_type": "Branch" }, "geometry": { "type": "Point", "coordinates": [ -83.53943, 31.459533 ] } },
{ "type": "Feature", "properties": { "organization": "AgSouth Farm Credit", "address": "111 Carter Ave", "city": "Blackshear", "st": "GA", "zip": "31516", "office_type": "Branch" }, "geometry": { "type": "Point", "coordinates": [ -82.241509, 31.311766 ] } },
{ "type": "Feature", "properties": { "organization": "AgGeorgia Farm Credit", "address": "504 E Screven St.", "city": "Quitman", "st": "GA", "zip": "31643", "office_type": "Branch" }, "geometry": { "type": "Point", "coordinates": [ -83.555749, 30.785267 ] } },
{ "type": "Feature", "properties": { "organization": "AgSouth Farm Credit", "address": "40 S. Main St", "city": "Statesboro", "st": "GA", "zip": "30458", "office_type": "Branch" }, "geometry": { "type": "Point", "coordinates": [ -81.782944, 32.447213 ] } },
{ "type": "Feature", "properties": { "organization": "AgGeorgia Farm Credit", "address": "176 Hwy 80 West", "city": "Waynesboro", "st": "GA", "zip": "30830", "office_type": "Branch" }, "geometry": { "type": "Point", "coordinates": [ -82.041874, 33.086063 ] } },
{ "type": "Feature", "properties": { "organization": "AgSouth Farm Credit", "address": "2520 S Highway 27", "city": "Carrollton", "st": "GA", "zip": "30112", "office_type": "Branch" }, "geometry": { "type": "Point", "coordinates": [ -85.07476, 33.521875 ] } },
{ "type": "Feature", "properties": { "organization": "AgGeorgia Farm Credit", "address": "700 East Villanow Street", "city": "LaFayette", "st": "GA", "zip": "30728", "office_type": "Branch" }, "geometry": { "type": "Point", "coordinates": [ -85.271023, 34.701088 ] } },
{ "type": "Feature", "properties": { "organization": "AgGeorgia Farm Credit", "address": "22 5th Avenue SE", "city": "Moultrie", "st": "GA", "zip": "31768", "office_type": "Branch" }, "geometry": { "type": "Point", "coordinates": [ -83.787988, 31.174584 ] } },
{ "type": "Feature", "properties": { "organization": "AgSouth Farm Credit", "address": "620 N. Church St", "city": "Thomaston", "st": "GA", "zip": "30286", "office_type": "Branch" }, "geometry": { "type": "Point", "coordinates": [ -84.328356, 32.899905 ] } },
{ "type": "Feature", "properties": { "organization": "AgGeorgia Farm Credit", "address": "1207 S. Greer St.", "city": "Cordele", "st": "GA", "zip": "31015", "office_type": "Branch" }, "geometry": { "type": "Point", "coordinates": [ -83.755626, 31.956625 ] } },
{ "type": "Feature", "properties": { "organization": "AgSouth Farm Credit", "address": "596 S Talbotton St", "city": "Greenville", "st": "GA", "zip": "30222", "office_type": "Branch" }, "geometry": { "type": "Point", "coordinates": [ -84.71078, 33.024015 ] } },
{ "type": "Feature", "properties": { "organization": "AgGeorgia Farm Credit", "address": "19 Woodlake Drive", "city": "Chatsworth", "st": "GA", "zip": "30705", "office_type": "Branch" }, "geometry": { "type": "Point", "coordinates": [ -84.76209, 34.73953 ] } },
{ "type": "Feature", "properties": { "organization": "AgSouth Farm Credit", "address": "855 Odum Hwy", "city": "Jesup", "st": "GA", "zip": "31545", "office_type": "Branch" }, "geometry": { "type": "Point", "coordinates": [ -81.915981, 31.6249 ] } },
{ "type": "Feature", "properties": { "organization": "AgSouth Farm Credit", "address": "1691 Lions Club Road", "city": "Madison", "st": "GA", "zip": "30650", "office_type": "Branch" }, "geometry": { "type": "Point", "coordinates": [ -83.47265, 33.56656 ] } },
{ "type": "Feature", "properties": { "organization": "AgGeorgia Farm Credit", "address": "311 N Bypass E", "city": "Washington", "st": "GA", "zip": "30673", "office_type": "Branch" }, "geometry": { "type": "Point", "coordinates": [ -82.72812, 33.74469 ] } },
{ "type": "Feature", "properties": { "organization": "AgSouth Farm Credit", "address": "314 Commerce Way", "city": "Vidalia", "st": "GA", "zip": "30474", "office_type": "Branch" }, "geometry": { "type": "Point", "coordinates": [ -82.36829, 32.201284 ] } },
{ "type": "Feature", "properties": { "organization": "American AgCredit", "address": "988 Kinoole ST", "city": "Hilo", "st": "HI", "zip": "96720", "office_type": "Branch" }, "geometry": { "type": "Point", "coordinates": [ -155.082325, 19.714202 ] } },
{ "type": "Feature", "properties": { "organization": "American AgCredit", "address": "99-860 Iwaena ST", "city": "Aiea", "st": "HI", "zip": "96701", "office_type": "Branch" }, "geometry": { "type": "Point", "coordinates": [ -157.913972, 21.373085 ] } },
{ "type": "Feature", "properties": { "organization": "Idaho AgCredit", "address": "2883 Hwy 39", "city": "American Falls", "st": "ID", "zip": "83211", "office_type": "Branch" }, "geometry": { "type": "Point", "coordinates": [ -112.884191, 42.78051 ] } },
{ "type": "Feature", "properties": { "organization": "Idaho AgCredit", "address": "PO Box 985", "city": "Blackfoot", "st": "ID", "zip": "83221", "office_type": "Branch" }, "geometry": { "type": "Point", "coordinates": [ -111.46264, 42.792568 ] } },
{ "type": "Feature", "properties": { "organization": "AgWest Farm Credit", "address": "541 W 100 N", "city": "Blackfoot", "st": "ID", "zip": "83221", "office_type": "Branch" }, "geometry": { "type": "Point", "coordinates": [ -112.404164, 43.210849 ] } },
{ "type": "Feature", "properties": { "organization": "AgWest Farm Credit", "address": "16034 Equine Dr", "city": "Nampa", "st": "ID", "zip": "83687", "office_type": "Branch" }, "geometry": { "type": "Point", "coordinates": [ -116.50513, 43.60543 ] } },
{ "type": "Feature", "properties": { "organization": "AgWest Farm Credit", "address": "102 N State", "city": "Preston", "st": "ID", "zip": "83263", "office_type": "Branch" }, "geometry": { "type": "Point", "coordinates": [ -111.87633, 42.09863 ] } },
{ "type": "Feature", "properties": { "organization": "AgWest Farm Credit", "address": "2001 S. Flint Road", "city": "Spokane", "st": "WA", "zip": "99224", "office_type": "Branch" }, "geometry": { "type": "Point", "coordinates": [ -117.537517, 47.637199 ] } },
{ "type": "Feature", "properties": { "organization": "AgWest Farm Credit", "address": "1408 Pomerelle Ave.", "city": "Burley", "st": "ID", "zip": "83318", "office_type": "Branch" }, "geometry": { "type": "Point", "coordinates": [ -113.777795, 42.53479 ] } },
{ "type": "Feature", "properties": { "organization": "AgWest Farm Credit", "address": "1215 Pier View Drive", "city": "Idaho Falls", "st": "ID", "zip": "83402", "office_type": "Branch" }, "geometry": { "type": "Point", "coordinates": [ -112.057718, 43.48322 ] } },
{ "type": "Feature", "properties": { "organization": "Idaho AgCredit", "address": "1586 North 2 East", "city": "Rexburg", "st": "ID", "zip": "83440", "office_type": "Branch" }, "geometry": { "type": "Point", "coordinates": [ -111.777235, 43.85892 ] } },
{ "type": "Feature", "properties": { "organization": "AgWest Farm Credit", "address": "406 Park View Loop", "city": "Twin Falls", "st": "ID", "zip": "83301", "office_type": "Branch" }, "geometry": { "type": "Point", "coordinates": [ -114.48909, 42.59237 ] } },
{ "type": "Feature", "properties": { "organization": "Idaho AgCredit", "address": "1096 Eastland Dr North, Suite 100A", "city": "Twin Falls", "st": "ID", "zip": "83301", "office_type": "Branch" }, "geometry": { "type": "Point", "coordinates": [ -114.440142, 42.58077 ] } },
{ "type": "Feature", "properties": { "organization": "AgWest Farm Credit", "address": "2631 Nez Perce Dr", "city": "Lewiston", "st": "ID", "zip": "83501", "office_type": "Branch" }, "geometry": { "type": "Point", "coordinates": [ -116.994618, 46.400878 ] } },
{ "type": "Feature", "properties": { "organization": "AgWest Farm Credit", "address": "1036 Erikson Dr", "city": "Rexburg", "st": "ID", "zip": "83440", "office_type": "Branch" }, "geometry": { "type": "Point", "coordinates": [ -111.813524, 43.825769 ] } },
{ "type": "Feature", "properties": { "organization": "AgWest Farm Credit", "address": "417 Main Street", "city": "Cottonwood", "st": "ID", "zip": "83522", "office_type": "Branch" }, "geometry": { "type": "Point", "coordinates": [ -116.349555, 46.047917 ] } },
{ "type": "Feature", "properties": { "organization": "AgWest Farm Credit", "address": "2775 Fairgrounds Rd", "city": "American Falls", "st": "ID", "zip": "83211", "office_type": "Branch" }, "geometry": { "type": "Point", "coordinates": [ -112.83451, 42.794659 ] } },
{ "type": "Feature", "properties": { "organization": "AgWest Farm Credit", "address": "308 SE 10th Street", "city": "Ontario", "st": "OR", "zip": "97914", "office_type": "Branch" }, "geometry": { "type": "Point", "coordinates": [ -116.94971, 44.02234 ] } },
{ "type": "Feature", "properties": { "organization": "Farm Credit Illinois", "address": "115 Matter Dr", "city": "Highland", "st": "IL", "zip": "62249", "office_type": "Branch" }, "geometry": { "type": "Point", "coordinates": [ -89.688272, 38.744403 ] } },
{ "type": "Feature", "properties": { "organization": "Farm Credit Illinois", "address": "2601 Henry Drive", "city": "Marion", "st": "IL", "zip": "62959", "office_type": "Branch" }, "geometry": { "type": "Point", "coordinates": [ -88.961893, 37.732875 ] } },
{ "type": "Feature", "properties": { "organization": "Compeer Financial", "address": "2950 N Main St", "city": "Princeton", "st": "IL", "zip": "61356", "office_type": "Branch" }, "geometry": { "type": "Point", "coordinates": [ -89.47123, 41.40508 ] } },
{ "type": "Feature", "properties": { "organization": "Compeer Financial", "address": "436 S 54th St", "city": "Quincy", "st": "IL", "zip": "62305", "office_type": "Branch" }, "geometry": { "type": "Point", "coordinates": [ -91.331009, 39.926008 ] } },
{ "type": "Feature", "properties": { "organization": "Compeer Financial", "address": "1350 W Prairie Dr", "city": "Sycamore", "st": "IL", "zip": "60178", "office_type": "Branch" }, "geometry": { "type": "Point", "coordinates": [ -88.704521, 41.966883 ] } },
{ "type": "Feature", "properties": { "organization": "Compeer Financial", "address": "651 W Meadows Dr", "city": "Freeport", "st": "IL", "zip": "61032", "office_type": "Branch" }, "geometry": { "type": "Point", "coordinates": [ -89.62853, 42.2758 ] } },
{ "type": "Feature", "properties": { "organization": "Farm Credit Illinois", "address": "2250 S Main Street", "city": "Jacksonville", "st": "IL", "zip": "62650", "office_type": "Branch" }, "geometry": { "type": "Point", "coordinates": [ -90.228578, 39.695587 ] } },
{ "type": "Feature", "properties": { "organization": "Farm Credit Illinois", "address": "27049 State Highway 16", "city": "Jerseyville", "st": "IL", "zip": "62052", "office_type": "Branch" }, "geometry": { "type": "Point", "coordinates": [ -90.29445, 39.115388 ] } },
{ "type": "Feature", "properties": { "organization": "Farm Credit Illinois", "address": "1100 Farm Credit Drive", "city": "Mahomet", "st": "IL", "zip": "61853", "office_type": "Branch" }, "geometry": { "type": "Point", "coordinates": [ -88.36073, 40.184 ] } },
{ "type": "Feature", "properties": { "organization": "Farm Credit Illinois", "address": "13447 IL Highway 16", "city": "Paris", "st": "IL", "zip": "61944", "office_type": "Branch" }, "geometry": { "type": "Point", "coordinates": [ -87.71341, 39.600382 ] } },
{ "type": "Feature", "properties": { "organization": "Farm Credit Illinois", "address": "1155 E 1500 North Rd", "city": "Taylorville", "st": "IL", "zip": "62568", "office_type": "Branch" }, "geometry": { "type": "Point", "coordinates": [ -89.315617, 39.567641 ] } },
{ "type": "Feature", "properties": { "organization": "Farm Credit Illinois", "address": "1506 E Fayette", "city": "Effingham", "st": "IL", "zip": "62401", "office_type": "Branch" }, "geometry": { "type": "Point", "coordinates": [ -88.506346, 39.126387 ] } },
{ "type": "Feature", "properties": { "organization": "Farm Credit Illinois", "address": "4201 W Haven Rd", "city": "Lawrenceville", "st": "IL", "zip": "62439", "office_type": "Branch" }, "geometry": { "type": "Point", "coordinates": [ -87.699067, 38.727854 ] } },
{ "type": "Feature", "properties": { "organization": "Farm Credit Illinois", "address": "410 Potomac Blvd.", "city": "Mt. Vernon", "st": "IL", "zip": "62864", "office_type": "Branch" }, "geometry": { "type": "Point", "coordinates": [ -88.955621, 38.320295 ] } },
{ "type": "Feature", "properties": { "organization": "Compeer Financial", "address": "7508 N Kickapoo - Edwards Rd", "city": "Edwards", "st": "IL", "zip": "61528", "office_type": "Branch" }, "geometry": { "type": "Point", "coordinates": [ -89.75086, 40.78006 ] } },
{ "type": "Feature", "properties": { "organization": "Farm Credit Illinois", "address": "332 E Walnut St", "city": "Watseka", "st": "IL", "zip": "60970", "office_type": "Branch" }, "geometry": { "type": "Point", "coordinates": [ -87.729611, 40.776538 ] } },
{ "type": "Feature", "properties": { "organization": "Compeer Financial", "address": "2901 E Jackson St", "city": "Macomb", "st": "IL", "zip": "61455", "office_type": "Branch" }, "geometry": { "type": "Point", "coordinates": [ -90.629071, 40.457938 ] } },
{ "type": "Feature", "properties": { "organization": "Compeer Financial", "address": "700 E Jackson", "city": "Monmouth", "st": "IL", "zip": "61462", "office_type": "Branch" }, "geometry": { "type": "Point", "coordinates": [ -90.63755, 40.92418 ] } },
{ "type": "Feature", "properties": { "organization": "Compeer Financial", "address": "1512 W Reynolds St", "city": "Pontiac", "st": "IL", "zip": "61764", "office_type": "Branch" }, "geometry": { "type": "Point", "coordinates": [ -88.655577, 40.873253 ] } },
{ "type": "Feature", "properties": { "organization": "Compeer Financial", "address": "1303 US Hwy 6 East", "city": "Geneseo", "st": "IL", "zip": "61254", "office_type": "Branch" }, "geometry": { "type": "Point", "coordinates": [ -90.13417, 41.43533 ] } },
{ "type": "Feature", "properties": { "organization": "Compeer Financial", "address": "570 William Latham Dr.", "city": "Bourbonnais", "st": "IL", "zip": "60914", "office_type": "Branch" }, "geometry": { "type": "Point", "coordinates": [ -87.88285, 41.16219 ] } },
{ "type": "Feature", "properties": { "organization": "Compeer Financial", "address": "3184 N State Route 23", "city": "Ottawa", "st": "IL", "zip": "61350", "office_type": "Branch" }, "geometry": { "type": "Point", "coordinates": [ -88.835084, 41.395961 ] } },
{ "type": "Feature", "properties": { "organization": "Compeer Financial", "address": "207 W 21st St", "city": "Rock Falls", "st": "IL", "zip": "61071", "office_type": "Branch" }, "geometry": { "type": "Point", "coordinates": [ -89.69204, 41.76183 ] } },
{ "type": "Feature", "properties": { "organization": "Farm Credit Illinois", "address": "1200 Old Tipton School Road", "city": "Sherman", "st": "IL", "zip": "62684", "office_type": "Branch" }, "geometry": { "type": "Point", "coordinates": [ -89.614605, 39.881119 ] } },
{ "type": "Feature", "properties": { "organization": "Farm Credit Illinois", "address": "2415 W Mound Rd", "city": "Decatur", "st": "IL", "zip": "62526", "office_type": "Branch" }, "geometry": { "type": "Point", "coordinates": [ -88.997181, 39.888949 ] } },
{ "type": "Feature", "properties": { "organization": "Compeer Financial", "address": "400 E Main", "city": "Aledo", "st": "IL", "zip": "61231", "office_type": "Branch" }, "geometry": { "type": "Point", "coordinates": [ -90.74553, 41.2014 ] } },
{ "type": "Feature", "properties": { "organization": "Compeer Financial", "address": "515 E Courtland St", "city": "Morton", "st": "IL", "zip": "61550", "office_type": "Branch" }, "geometry": { "type": "Point", "coordinates": [ -89.45152, 40.62946 ] } },
{ "type": "Feature", "properties": { "organization": "Compeer Financial", "address": "1101 Pines Rd", "city": "Oregon", "st": "IL", "zip": "61061", "office_type": "Branch" }, "geometry": { "type": "Point", "coordinates": [ -89.3431, 42.00391 ] } },
{ "type": "Feature", "properties": { "organization": "Farm Credit Illinois", "address": "111 Kennedy Drive", "city": "Red Bud", "st": "IL", "zip": "62278", "office_type": "Branch" }, "geometry": { "type": "Point", "coordinates": [ -89.982149, 38.211119 ] } },
{ "type": "Feature", "properties": { "organization": "Farm Credit Mid-America", "address": "1319 Baker Pl", "city": "Bluffton", "st": "IN", "zip": "46714", "office_type": "Branch" }, "geometry": { "type": "Point", "coordinates": [ -85.164858, 40.761799 ] } },
{ "type": "Feature", "properties": { "organization": "Farm Credit Mid-America", "address": "1010 W. Connexion Way", "city": "Columbia City", "st": "IN", "zip": "46725", "office_type": "Branch" }, "geometry": { "type": "Point", "coordinates": [ -85.51101, 41.17125 ] } },
{ "type": "Feature", "properties": { "organization": "Farm Credit Mid-America", "address": "5975 25th Street", "city": "Columbus", "st": "IN", "zip": "47203", "office_type": "Branch" }, "geometry": { "type": "Point", "coordinates": [ -85.857886, 39.223226 ] } },
{ "type": "Feature", "properties": { "organization": "Farm Credit Mid-America", "address": "517 Corda Blvd", "city": "Crawfordsville", "st": "IN", "zip": "47933", "office_type": "Branch" }, "geometry": { "type": "Point", "coordinates": [ -86.870609, 40.047249 ] } },
{ "type": "Feature", "properties": { "organization": "Farm Credit Mid-America", "address": "4204 S Western Ave", "city": "Marion", "st": "IN", "zip": "46953", "office_type": "Branch" }, "geometry": { "type": "Point", "coordinates": [ -85.674078, 40.518221 ] } },
{ "type": "Feature", "properties": { "organization": "Farm Credit Mid-America", "address": "203 W Drexel Parkway", "city": "Rensselaer", "st": "IN", "zip": "47978", "office_type": "Branch" }, "geometry": { "type": "Point", "coordinates": [ -87.153764, 40.922514 ] } },
{ "type": "Feature", "properties": { "organization": "Farm Credit Mid-America", "address": "3048 E 00 NS", "city": "Kokomo", "st": "IN", "zip": "46901", "office_type": "Branch" }, "geometry": { "type": "Point", "coordinates": [ -86.068988, 40.477659 ] } },
{ "type": "Feature", "properties": { "organization": "Farm Credit Mid-America", "address": "421 Meijer Dr", "city": "Lafayette", "st": "IN", "zip": "47905", "office_type": "Branch" }, "geometry": { "type": "Point", "coordinates": [ -86.811319, 40.411852 ] } },
{ "type": "Feature", "properties": { "organization": "Farm Credit Mid-America", "address": "643 S Boatman Road", "city": "Scottsburg", "st": "IN", "zip": "47170", "office_type": "Branch" }, "geometry": { "type": "Point", "coordinates": [ -85.812723, 38.682943 ] } },
{ "type": "Feature", "properties": { "organization": "Farm Credit Mid-America", "address": "390 Federal Drive NW", "city": "Corydon", "st": "IN", "zip": "47112", "office_type": "Branch" }, "geometry": { "type": "Point", "coordinates": [ -86.133818, 38.236116 ] } },
{ "type": "Feature", "properties": { "organization": "Farm Credit Mid-America", "address": "1512 West Main St", "city": "Greensburg", "st": "IN", "zip": "47240", "office_type": "Branch" }, "geometry": { "type": "Point", "coordinates": [ -85.50721, 39.3367 ] } },
{ "type": "Feature", "properties": { "organization": "Farm Credit Mid-America", "address": "14231 Teetor Road", "city": "Hagerstown", "st": "IN", "zip": "47346", "office_type": "Branch" }, "geometry": { "type": "Point", "coordinates": [ -85.14257, 39.90267 ] } },
{ "type": "Feature", "properties": { "organization": "Farm Credit Mid-America", "address": "1847 Troy Road", "city": "Washington", "st": "IN", "zip": "47501", "office_type": "Branch" }, "geometry": { "type": "Point", "coordinates": [ -87.1668, 38.62952 ] } },
{ "type": "Feature", "properties": { "organization": "Farm Credit Mid-America", "address": "1940 Hospitality Drive", "city": "Jasper", "st": "IN", "zip": "47546", "office_type": "Branch" }, "geometry": { "type": "Point", "coordinates": [ -86.94312, 38.363908 ] } },
{ "type": "Feature", "properties": { "organization": "Farm Credit Mid-America", "address": "50 N 250 W", "city": "Lagrange", "st": "IN", "zip": "46761", "office_type": "Branch" }, "geometry": { "type": "Point", "coordinates": [ -85.473975, 41.641603 ] } },
{ "type": "Feature", "properties": { "organization": "Farm Credit Mid-America", "address": "1759 North Main Street", "city": "Rushville", "st": "IN", "zip": "46173", "office_type": "Branch" }, "geometry": { "type": "Point", "coordinates": [ -85.44555, 39.62827 ] } },
{ "type": "Feature", "properties": { "organization": "Farm Credit Mid-America", "address": "831 State Road 28 E", "city": "Williamsport", "st": "IN", "zip": "47993", "office_type": "Branch" }, "geometry": { "type": "Point", "coordinates": [ -87.28903, 40.30638 ] } },
{ "type": "Feature", "properties": { "organization": "Farm Credit Mid-America", "address": "3406 N State Road 9", "city": "Anderson", "st": "IN", "zip": "46012", "office_type": "Branch" }, "geometry": { "type": "Point", "coordinates": [ -85.670824, 40.155922 ] } },
{ "type": "Feature", "properties": { "organization": "Farm Credit Mid-America", "address": "15747 Neeley St", "city": "Evansville", "st": "IN", "zip": "47225", "office_type": "Branch" }, "geometry": { "type": "Point", "coordinates": [ -87.55109, 38.12201 ] } },
{ "type": "Feature", "properties": { "organization": "Farm Credit Mid-America", "address": "100 International Dr", "city": "Franklin", "st": "IN", "zip": "46131", "office_type": "Branch" }, "geometry": { "type": "Point", "coordinates": [ -86.07335, 39.5176 ] } },
{ "type": "Feature", "properties": { "organization": "Farm Credit Mid-America", "address": "226 Rouch Place", "city": "Rochester", "st": "IN", "zip": "46975", "office_type": "Branch" }, "geometry": { "type": "Point", "coordinates": [ -86.22149, 41.0493 ] } },
{ "type": "Feature", "properties": { "organization": "Farm Credit Mid-America", "address": "1050 Ballard Lane", "city": "Greencastle", "st": "IN", "zip": "46135", "office_type": "Branch" }, "geometry": { "type": "Point", "coordinates": [ -86.81785, 39.64554 ] } },
{ "type": "Feature", "properties": { "organization": "Farm Credit Mid-America", "address": "3399 N Finance Rd", "city": "Bloomington", "st": "IN", "zip": "47404", "office_type": "Branch" }, "geometry": { "type": "Point", "coordinates": [ -86.580375, 39.206765 ] } },
{ "type": "Feature", "properties": { "organization": "Farm Credit Mid-America", "address": "2901 Leonard Dr", "city": "Valparaiso", "st": "IN", "zip": "46383", "office_type": "Branch" }, "geometry": { "type": "Point", "coordinates": [ -87.0251, 41.45822 ] } },
{ "type": "Feature", "properties": { "organization": "Farm Credit Services of America", "address": "1525 Boyson Rd", "city": "Hiawatha", "st": "IA", "zip": "52233", "office_type": "Branch" }, "geometry": { "type": "Point", "coordinates": [ -91.69391, 42.04379 ] } },
{ "type": "Feature", "properties": { "organization": "Farm Credit Services of America", "address": "2328 Millennium Rd", "city": "Decorah", "st": "IA", "zip": "52101", "office_type": "Branch" }, "geometry": { "type": "Point", "coordinates": [ -91.727494, 43.273353 ] } },
{ "type": "Feature", "properties": { "organization": "Farm Credit Services of America", "address": "4056 4th Street SW", "city": "Mason City", "st": "IA", "zip": "50401", "office_type": "Branch" }, "geometry": { "type": "Point", "coordinates": [ -93.262547, 43.148737 ] } },
{ "type": "Feature", "properties": { "organization": "Farm Credit Services of America", "address": "1902 D Ave W", "city": "Oskaloosa", "st": "IA", "zip": "52577", "office_type": "Branch" }, "geometry": { "type": "Point", "coordinates": [ -92.66734, 41.29945 ] } },
{ "type": "Feature", "properties": { "organization": "Farm Credit Services of America", "address": "105 Theater Cir", "city": "Perry", "st": "IA", "zip": "50220", "office_type": "Branch" }, "geometry": { "type": "Point", "coordinates": [ -94.071095, 41.835932 ] } },
{ "type": "Feature", "properties": { "organization": "Farm Credit Services of America", "address": "700 Senate Ave", "city": "Red Oak", "st": "IA", "zip": "51566", "office_type": "Branch" }, "geometry": { "type": "Point", "coordinates": [ -95.224148, 41.026832 ] } },
{ "type": "Feature", "properties": { "organization": "Farm Credit Services of America", "address": "7149 Nordic Drive", "city": "Cedar Falls", "st": "IA", "zip": "50613", "office_type": "Branch" }, "geometry": { "type": "Point", "coordinates": [ -92.447575, 42.472428 ] } },
{ "type": "Feature", "properties": { "organization": "Farm Credit Services of America", "address": "1301 W Main", "city": "Manchester", "st": "IA", "zip": "52057", "office_type": "Branch" }, "geometry": { "type": "Point", "coordinates": [ -91.48039, 42.484589 ] } },
{ "type": "Feature", "properties": { "organization": "Farm Credit Services of America", "address": "1015 590th St", "city": "Storm Lake", "st": "IA", "zip": "50588", "office_type": "Branch" }, "geometry": { "type": "Point", "coordinates": [ -95.20752, 42.66253 ] } },
{ "type": "Feature", "properties": { "organization": "Farm Credit Services of America", "address": "345 Fair Meadow DR", "city": "Webster City", "st": "IA", "zip": "50595", "office_type": "Branch" }, "geometry": { "type": "Point", "coordinates": [ -93.81526, 42.454355 ] } },
{ "type": "Feature", "properties": { "organization": "Farm Credit Services of America", "address": "919 Bella Vista Drive", "city": "Carroll", "st": "IA", "zip": "51401", "office_type": "Branch" }, "geometry": { "type": "Point", "coordinates": [ -94.84788, 42.06753 ] } },
{ "type": "Feature", "properties": { "organization": "Farm Credit Services of America", "address": "1621 11th St", "city": "DeWitt", "st": "IA", "zip": "52742", "office_type": "Branch" }, "geometry": { "type": "Point", "coordinates": [ -90.55465, 41.82469 ] } },
{ "type": "Feature", "properties": { "organization": "Farm Credit Services of America", "address": "1812 Hawkeye Ave", "city": "Harlan", "st": "IA", "zip": "51537", "office_type": "Branch" }, "geometry": { "type": "Point", "coordinates": [ -95.3366, 41.63947 ] } },
{ "type": "Feature", "properties": { "organization": "Farm Credit Services of America", "address": "3000 Park Street", "city": "Sheldon", "st": "IA", "zip": "51201", "office_type": "Branch" }, "geometry": { "type": "Point", "coordinates": [ -95.8183, 43.185326 ] } },
{ "type": "Feature", "properties": { "organization": "Farm Credit Services of America", "address": "3808 Broadway Ave", "city": "Yankton", "st": "SD", "zip": "57078", "office_type": "Branch" }, "geometry": { "type": "Point", "coordinates": [ -97.395819, 42.919802 ] } },
{ "type": "Feature", "properties": { "organization": "Farm Credit Services of America", "address": "3675 450th Ave", "city": "Emmetsburg", "st": "IA", "zip": "50536", "office_type": "Branch" }, "geometry": { "type": "Point", "coordinates": [ -94.699446, 43.116 ] } },
{ "type": "Feature", "properties": { "organization": "Farm Credit Services of America", "address": "2216 James Ave", "city": "Mt Pleasant", "st": "IA", "zip": "52641", "office_type": "Branch" }, "geometry": { "type": "Point", "coordinates": [ -91.542391, 40.983697 ] } },
{ "type": "Feature", "properties": { "organization": "Farm Credit Services of America", "address": "203 W Merle Hibbs Blvd", "city": "Marshalltown", "st": "IA", "zip": "50158", "office_type": "Branch" }, "geometry": { "type": "Point", "coordinates": [ -92.9163, 42.01359 ] } },
{ "type": "Feature", "properties": { "organization": "Farm Credit Services of America", "address": "2125 W 20th ST S", "city": "Newton", "st": "IA", "zip": "50208", "office_type": "Branch" }, "geometry": { "type": "Point", "coordinates": [ -93.07951, 41.679541 ] } },
{ "type": "Feature", "properties": { "organization": "Farm Credit Services of America", "address": "5011 S Broadband Lane", "city": "Sioux Falls", "st": "SD", "zip": "57108", "office_type": "Branch" }, "geometry": { "type": "Point", "coordinates": [ -96.783692, 43.499691 ] } },
{ "type": "Feature", "properties": { "organization": "Farm Credit Services of America", "address": "4512 S Lakeport ST", "city": "Sioux City", "st": "IA", "zip": "51106", "office_type": "Branch" }, "geometry": { "type": "Point", "coordinates": [ -96.346564, 42.43624 ] } },
{ "type": "Feature", "properties": { "organization": "Frontier Farm Credit", "address": "1270 N 300th RD", "city": "Baldwin City", "st": "KS", "zip": "66006", "office_type": "Branch" }, "geometry": { "type": "Point", "coordinates": [ -95.2657, 38.783093 ] } },
{ "type": "Feature", "properties": { "organization": "American AgCredit", "address": "5634 10th Street", "city": "Great Bend", "st": "KS", "zip": "67530", "office_type": "Branch" }, "geometry": { "type": "Point", "coordinates": [ -98.8108, 38.3621 ] } },
{ "type": "Feature", "properties": { "organization": "Frontier Farm Credit", "address": "2219 Natchez", "city": "Hiawatha", "st": "KS", "zip": "66434", "office_type": "Branch" }, "geometry": { "type": "Point", "coordinates": [ -95.56307, 39.84616 ] } },
{ "type": "Feature", "properties": { "organization": "High Plains Farm Credit", "address": "605 Main St", "city": "Larned", "st": "KS", "zip": "67550", "office_type": "Branch" }, "geometry": { "type": "Point", "coordinates": [ -99.100174, 38.179983 ] } },
{ "type": "Feature", "properties": { "organization": "Frontier Farm Credit", "address": "2005 Harding DR", "city": "Parsons", "st": "KS", "zip": "67357", "office_type": "Branch" }, "geometry": { "type": "Point", "coordinates": [ -95.2664, 37.3665 ] } },
{ "type": "Feature", "properties": { "organization": "High Plains Farm Credit", "address": "290 NE State Rd 61", "city": "Pratt", "st": "KS", "zip": "67124", "office_type": "Branch" }, "geometry": { "type": "Point", "coordinates": [ -98.715548, 37.65273 ] } },
{ "type": "Feature", "properties": { "organization": "American AgCredit", "address": "706 S. Main Street", "city": "Pratt", "st": "KS", "zip": "67871", "office_type": "Branch" }, "geometry": { "type": "Point", "coordinates": [ -98.739338, 37.639314 ] } },
{ "type": "Feature", "properties": { "organization": "Frontier Farm Credit", "address": "1808 Road G", "city": "Emporia", "st": "KS", "zip": "66801", "office_type": "Branch" }, "geometry": { "type": "Point", "coordinates": [ -96.24328, 38.42012 ] } },
{ "type": "Feature", "properties": { "organization": "American AgCredit", "address": "4105 N Ridge RD", "city": "Wichita", "st": "KS", "zip": "67205", "office_type": "Branch" }, "geometry": { "type": "Point", "coordinates": [ -97.427342, 37.75838 ] } },
{ "type": "Feature", "properties": { "organization": "American AgCredit", "address": "1501 Soule Street", "city": "Dodge City", "st": "KS", "zip": "67801", "office_type": "Branch" }, "geometry": { "type": "Point", "coordinates": [ -100.033552, 37.773181 ] } },
{ "type": "Feature", "properties": { "organization": "High Plains Farm Credit", "address": "408 W. Frontview St.", "city": "Dodge City", "st": "KS", "zip": "67801", "office_type": "Branch" }, "geometry": { "type": "Point", "coordinates": [ -100.02243, 37.78077 ] } },
{ "type": "Feature", "properties": { "organization": "Frontier Farm Credit", "address": "835 Pony Express Highway", "city": "Marysville", "st": "KS", "zip": "66508", "office_type": "Branch" }, "geometry": { "type": "Point", "coordinates": [ -96.670025, 39.841664 ] } },
{ "type": "Feature", "properties": { "organization": "Frontier Farm Credit", "address": "2009 Vanesta Place", "city": "Manhattan", "st": "KS", "zip": "66503", "office_type": "Branch" }, "geometry": { "type": "Point", "coordinates": [ -96.63668, 39.20354 ] } },
{ "type": "Feature", "properties": { "organization": "American AgCredit", "address": "302 Fleming Street", "city": "Garden City", "st": "KS", "zip": "67846", "office_type": "Branch" }, "geometry": { "type": "Point", "coordinates": [ -100.85381, 37.965613 ] } },
{ "type": "Feature", "properties": { "organization": "High Plains Farm Credit", "address": "1100 E. 43rd St.", "city": "Hays", "st": "KS", "zip": "67601", "office_type": "Branch" }, "geometry": { "type": "Point", "coordinates": [ -99.315397, 38.901265 ] } },
{ "type": "Feature", "properties": { "organization": "American AgCredit", "address": "925 W. Magnolia", "city": "Salina", "st": "KS", "zip": "67401", "office_type": "Branch" }, "geometry": { "type": "Point", "coordinates": [ -97.622871, 38.797494 ] } },
{ "type": "Feature", "properties": { "organization": "American AgCredit", "address": "2451 N. Kansas", "city": "Liberal", "st": "KS", "zip": "67901", "office_type": "Branch" }, "geometry": { "type": "Point", "coordinates": [ -100.92131, 37.067 ] } },
{ "type": "Feature", "properties": { "organization": "High Plains Farm Credit", "address": "101 Eagle Drive", "city": "Ness City", "st": "KS", "zip": "67560", "office_type": "Branch" }, "geometry": { "type": "Point", "coordinates": [ -99.891779, 38.452829 ] } },
{ "type": "Feature", "properties": { "organization": "American AgCredit", "address": "1422 South Main", "city": "Scott City", "st": "KS", "zip": "67871", "office_type": "Branch" }, "geometry": { "type": "Point", "coordinates": [ -100.90626, 38.47016 ] } },
{ "type": "Feature", "properties": { "organization": "American AgCredit", "address": "1902 E 23rd St", "city": "Hutchinson", "st": "KS", "zip": "67502", "office_type": "Branch" }, "geometry": { "type": "Point", "coordinates": [ -97.88607, 38.0801 ] } },
{ "type": "Feature", "properties": { "organization": "High Plains Farm Credit", "address": "477 F St", "city": "Phillipsburg", "st": "KS", "zip": "67661", "office_type": "Branch" }, "geometry": { "type": "Point", "coordinates": [ -99.322152, 39.757289 ] } },
{ "type": "Feature", "properties": { "organization": "Farm Credit Mid-America", "address": "10020 Nashville Rd", "city": "Bowling Green", "st": "KY", "zip": "42101", "office_type": "Branch" }, "geometry": { "type": "Point", "coordinates": [ -86.52942, 36.87273 ] } },
{ "type": "Feature", "properties": { "organization": "Farm Credit Mid-America", "address": "1502 New Columbia Rd", "city": "Campbellsville", "st": "KY", "zip": "42718", "office_type": "Branch" }, "geometry": { "type": "Point", "coordinates": [ -85.355995, 37.315546 ] } },
{ "type": "Feature", "properties": { "organization": "Central Kentucky Agricultural Credit Association", "address": "2311 Lawrenceburg Road", "city": "Frankfort", "st": "KY", "zip": "40601", "office_type": "Branch" }, "geometry": { "type": "Point", "coordinates": [ -84.89539, 38.14917 ] } },
{ "type": "Feature", "properties": { "organization": "Farm Credit Mid-America", "address": "2800 New Bowling Green Road", "city": "Glasgow", "st": "KY", "zip": "42141", "office_type": "Branch" }, "geometry": { "type": "Point", "coordinates": [ -85.957681, 37.013891 ] } },
{ "type": "Feature", "properties": { "organization": "River Valley AgCredit", "address": "12350 US Hwy 60W", "city": "Kevil", "st": "KY", "zip": "42053", "office_type": "Branch" }, "geometry": { "type": "Point", "coordinates": [ -88.826887, 36.959889 ] } },
{ "type": "Feature", "properties": { "organization": "Farm Credit Mid-America", "address": "3047 Owingsville Road", "city": "Mt Sterling", "st": "KY", "zip": "40353", "office_type": "Branch" }, "geometry": { "type": "Point", "coordinates": [ -83.902235, 38.083337 ] } },
{ "type": "Feature", "properties": { "organization": "Farm Credit Mid-America", "address": "1203 Mt Eden Rd", "city": "Shelbyville", "st": "KY", "zip": "40065", "office_type": "Branch" }, "geometry": { "type": "Point", "coordinates": [ -85.209591, 38.194256 ] } },
{ "type": "Feature", "properties": { "organization": "Central Kentucky Agricultural Credit Association", "address": "485 N Danville Byp", "city": "Danville", "st": "KY", "zip": "40422", "office_type": "Branch" }, "geometry": { "type": "Point", "coordinates": [ -84.80002, 37.6556 ] } },
{ "type": "Feature", "properties": { "organization": "Farm Credit Mid-America", "address": "1201 Providence Place Parkway", "city": "Lexington", "st": "KY", "zip": "40511", "office_type": "Branch" }, "geometry": { "type": "Point", "coordinates": [ -84.480221, 38.103244 ] } },
{ "type": "Feature", "properties": { "organization": "Farm Credit Mid-America", "address": "7112 AA Hwy", "city": "Maysville", "st": "KY", "zip": "41056", "office_type": "Branch" }, "geometry": { "type": "Point", "coordinates": [ -83.74233, 38.59912 ] } },
{ "type": "Feature", "properties": { "organization": "Central Kentucky Agricultural Credit Association", "address": "201 Commerce Dr", "city": "Paris", "st": "KY", "zip": "40361", "office_type": "Branch" }, "geometry": { "type": "Point", "coordinates": [ -84.275862, 38.218269 ] } },
{ "type": "Feature", "properties": { "organization": "Farm Credit Mid-America", "address": "101 Opportunity Way", "city": "Elizabethtown", "st": "KY", "zip": "42701", "office_type": "Branch" }, "geometry": { "type": "Point", "coordinates": [ -85.89199, 37.65694 ] } },
{ "type": "Feature", "properties": { "organization": "Farm Credit Mid-America", "address": "1063 S Hwy 259", "city": "Hardinsburg", "st": "KY", "zip": "40143", "office_type": "Branch" }, "geometry": { "type": "Point", "coordinates": [ -86.470645, 37.6429 ] } },
{ "type": "Feature", "properties": { "organization": "Farm Credit Mid-America", "address": "5172 Canton Pike", "city": "Hopkinsville", "st": "KY", "zip": "42240", "office_type": "Branch" }, "geometry": { "type": "Point", "coordinates": [ -87.552364, 36.856905 ] } },
{ "type": "Feature", "properties": { "organization": "River Valley AgCredit", "address": "1401 N 12th St", "city": "Murray", "st": "KY", "zip": "42071", "office_type": "Branch" }, "geometry": { "type": "Point", "coordinates": [ -88.312928, 36.631526 ] } },
{ "type": "Feature", "properties": { "organization": "Farm Credit Mid-America", "address": "115 Commerce Drive", "city": "Russellville", "st": "KY", "zip": "42276", "office_type": "Branch" }, "geometry": { "type": "Point", "coordinates": [ -86.88287, 36.86598 ] } },
{ "type": "Feature", "properties": { "organization": "River Valley AgCredit", "address": "196 U.S. Highway 51 North", "city": "Bardwell", "st": "KY", "zip": "42023", "office_type": "Branch" }, "geometry": { "type": "Point", "coordinates": [ -89.009107, 36.869951 ] } },
{ "type": "Feature", "properties": { "organization": "Farm Credit Mid-America", "address": "2211 W Highway 914", "city": "Somerset", "st": "KY", "zip": "42503", "office_type": "Branch" }, "geometry": { "type": "Point", "coordinates": [ -84.64541, 37.05221 ] } },
{ "type": "Feature", "properties": { "organization": "Farm Credit Mid-America", "address": "8300 Keach Dr", "city": "Henderson", "st": "KY", "zip": "42420", "office_type": "Branch" }, "geometry": { "type": "Point", "coordinates": [ -87.57074, 37.79295 ] } },
{ "type": "Feature", "properties": { "organization": "Central Kentucky Agricultural Credit Association", "address": "2429 Members Way", "city": "Lexington", "st": "KY", "zip": "40504", "office_type": "Branch" }, "geometry": { "type": "Point", "coordinates": [ -84.54849, 38.01955 ] } },
{ "type": "Feature", "properties": { "organization": "Farm Credit Mid-America", "address": "3216 Buckland Sq", "city": "Owensboro", "st": "KY", "zip": "42301", "office_type": "Branch" }, "geometry": { "type": "Point", "coordinates": [ -87.15076, 37.738945 ] } },
{ "type": "Feature", "properties": { "organization": "Central Kentucky Agricultural Credit Association", "address": "1000 Ival James Blvd", "city": "Richmond", "st": "KY", "zip": "40475", "office_type": "Branch" }, "geometry": { "type": "Point", "coordinates": [ -84.27114, 37.75802 ] } },
{ "type": "Feature", "properties": { "organization": "River Valley AgCredit", "address": "545 Dick Castleman Bypass", "city": "Mayfield", "st": "KY", "zip": "42066", "office_type": "Branch" }, "geometry": { "type": "Point", "coordinates": [ -88.62163, 36.723885 ] } },
{ "type": "Feature", "properties": { "organization": "Central Kentucky Agricultural Credit Association", "address": "106 Agriculture Way", "city": "Stanford", "st": "KY", "zip": "40484", "office_type": "Branch" }, "geometry": { "type": "Point", "coordinates": [ -84.650305, 37.551923 ] } },
{ "type": "Feature", "properties": { "organization": "River Valley AgCredit", "address": "102 N Washington ST", "city": "Clinton", "st": "KY", "zip": "42031", "office_type": "Branch" }, "geometry": { "type": "Point", "coordinates": [ -88.993275, 36.667256 ] } },
{ "type": "Feature", "properties": { "organization": "Central Kentucky Agricultural Credit Association", "address": "842 W Main ST", "city": "Lebanon", "st": "KY", "zip": "40033", "office_type": "Branch" }, "geometry": { "type": "Point", "coordinates": [ -85.27905, 37.55673 ] } },
{ "type": "Feature", "properties": { "organization": "First South Farm Credit", "address": "3206 S LA 13", "city": "Crowley", "st": "LA", "zip": "70526", "office_type": "Branch" }, "geometry": { "type": "Point", "coordinates": [ -92.36093, 30.11579 ] } },
{ "type": "Feature", "properties": { "organization": "First South Farm Credit", "address": "4925 E McNeese St", "city": "Lake Charles", "st": "LA", "zip": "70607", "office_type": "Branch" }, "geometry": { "type": "Point", "coordinates": [ -93.131189, 30.176166 ] } },
{ "type": "Feature", "properties": { "organization": "First South Farm Credit", "address": "321 S Main St", "city": "Marksville", "st": "LA", "zip": "71351", "office_type": "Branch" }, "geometry": { "type": "Point", "coordinates": [ -92.07044, 31.12396 ] } },
{ "type": "Feature", "properties": { "organization": "Louisiana Land Bank ACA", "address": "5073 I-49 S Service Rd", "city": "Opelousas", "st": "LA", "zip": "70570", "office_type": "Branch" }, "geometry": { "type": "Point", "coordinates": [ -92.07305, 30.49834 ] } },
{ "type": "Feature", "properties": { "organization": "Louisiana Land Bank ACA", "address": "3517 Hwy 1 South", "city": "Port Allen", "st": "LA", "zip": "70767", "office_type": "Branch" }, "geometry": { "type": "Point", "coordinates": [ -91.220756, 30.41843 ] } },
{ "type": "Feature", "properties": { "organization": "First South Farm Credit", "address": "1725 St Mary Hwy", "city": "Thibodaux", "st": "LA", "zip": "70301", "office_type": "Branch" }, "geometry": { "type": "Point", "coordinates": [ -90.850844, 29.802749 ] } },
{ "type": "Feature", "properties": { "organization": "First South Farm Credit", "address": "19550 Old Scenic Hwy.", "city": "Zachary", "st": "LA", "zip": "70791", "office_type": "Branch" }, "geometry": { "type": "Point", "coordinates": [ -91.192323, 30.643349 ] } },
{ "type": "Feature", "properties": { "organization": "Louisiana Land Bank ACA", "address": "594 Gap Farm Rd, Suite A", "city": "Arcadia", "st": "LA", "zip": "71001", "office_type": "Branch" }, "geometry": { "type": "Point", "coordinates": [ -92.912959, 32.56626 ] } },
{ "type": "Feature", "properties": { "organization": "First South Farm Credit", "address": "1896 Hudson Cir Ste 7", "city": "Monroe", "st": "LA", "zip": "71201", "office_type": "Branch" }, "geometry": { "type": "Point", "coordinates": [ -92.1132, 32.528 ] } },
{ "type": "Feature", "properties": { "organization": "Louisiana Land Bank ACA", "address": "2411 Tower DR", "city": "Monroe", "st": "LA", "zip": "71201", "office_type": "Branch" }, "geometry": { "type": "Point", "coordinates": [ -92.1007, 32.5274 ] } },
{ "type": "Feature", "properties": { "organization": "Southern AgCredit", "address": "600 North Vienna Street", "city": "Ruston", "st": "LA", "zip": "71270", "office_type": "Branch" }, "geometry": { "type": "Point", "coordinates": [ -92.637364, 32.533667 ] } },
{ "type": "Feature", "properties": { "organization": "Southern AgCredit", "address": "2042 E 70th St", "city": "Shreveport", "st": "LA", "zip": "71105", "office_type": "Branch" }, "geometry": { "type": "Point", "coordinates": [ -93.705869, 32.445461 ] } },
{ "type": "Feature", "properties": { "organization": "Louisiana Land Bank ACA", "address": "2137 E Bert Kouns Ind Loop", "city": "Shreveport", "st": "LA", "zip": "71105", "office_type": "Branch" }, "geometry": { "type": "Point", "coordinates": [ -93.70447, 32.44094 ] } },
{ "type": "Feature", "properties": { "organization": "First South Farm Credit", "address": "222 N Cedar St", "city": "Tallulah", "st": "LA", "zip": "71282", "office_type": "Branch" }, "geometry": { "type": "Point", "coordinates": [ -91.186119, 32.409354 ] } },
{ "type": "Feature", "properties": { "organization": "Louisiana Land Bank ACA", "address": "472 Highway 65 South", "city": "Tallulah", "st": "LA", "zip": "71282", "office_type": "Branch" }, "geometry": { "type": "Point", "coordinates": [ -91.199904, 32.372208 ] } },
{ "type": "Feature", "properties": { "organization": "Louisiana Land Bank ACA", "address": "4255 Front Street", "city": "Winnsboro", "st": "LA", "zip": "71295", "office_type": "Branch" }, "geometry": { "type": "Point", "coordinates": [ -91.70824, 32.15355 ] } },
{ "type": "Feature", "properties": { "organization": "First South Farm Credit", "address": "811 Jackson Street", "city": "Winnsboro", "st": "LA", "zip": "71295", "office_type": "Branch" }, "geometry": { "type": "Point", "coordinates": [ -91.71296, 32.16541 ] } },
{ "type": "Feature", "properties": { "organization": "First South Farm Credit", "address": "1007 Guy Drive", "city": "St Martinville", "st": "LA", "zip": "70582", "office_type": "Branch" }, "geometry": { "type": "Point", "coordinates": [ -91.81939, 30.05145 ] } },
{ "type": "Feature", "properties": { "organization": "First South Farm Credit", "address": "60050 Westway Drive", "city": "Amite", "st": "LA", "zip": "70422", "office_type": "Branch" }, "geometry": { "type": "Point", "coordinates": [ -90.509054, 30.726666 ] } },
{ "type": "Feature", "properties": { "organization": "Louisiana Land Bank ACA", "address": "810 C.M. Fagan Dr, Suite B", "city": "Hammond", "st": "LA", "zip": "70403", "office_type": "Branch" }, "geometry": { "type": "Point", "coordinates": [ -90.46519, 30.48313 ] } },
{ "type": "Feature", "properties": { "organization": "Farm Credit East", "address": "615 Minot Ave", "city": "Auburn", "st": "ME", "zip": "04210", "office_type": "Branch" }, "geometry": { "type": "Point", "coordinates": [ -70.251437, 44.082823 ] } },
{ "type": "Feature", "properties": { "organization": "Farm Credit East", "address": "26 Rice St", "city": "Presque Isle", "st": "ME", "zip": "04769", "office_type": "Branch" }, "geometry": { "type": "Point", "coordinates": [ -68.00919, 46.69468 ] } },
{ "type": "Feature", "properties": { "organization": "Horizon Farm Credit", "address": "1614 Churchville Rd", "city": "Bel Air", "st": "MD", "zip": "21015", "office_type": "Branch" }, "geometry": { "type": "Point", "coordinates": [ -76.312171, 39.547848 ] } },
{ "type": "Feature", "properties": { "organization": "Horizon Farm Credit", "address": "379 Deep Shore Rd", "city": "Denton", "st": "MD", "zip": "21629", "office_type": "Branch" }, "geometry": { "type": "Point", "coordinates": [ -75.82467, 38.866 ] } },
{ "type": "Feature", "properties": { "organization": "Colonial Farm Credit", "address": "7431 Leonardtown Rd", "city": "Hughesville", "st": "MD", "zip": "20637", "office_type": "Branch" }, "geometry": { "type": "Point", "coordinates": [ -76.80852, 38.54965 ] } },
{ "type": "Feature", "properties": { "organization": "Farm Credit of the Virginias", "address": "13195 Garrett Hwy", "city": "Oakland", "st": "MD", "zip": "21550", "office_type": "Branch" }, "geometry": { "type": "Point", "coordinates": [ -79.39153, 39.42636 ] } },
{ "type": "Feature", "properties": { "organization": "Farm Credit of the Virginias", "address": "13195 Garrett Hwy", "city": "Oakland", "st": "MD", "zip": "21550", "office_type": "Branch" }, "geometry": { "type": "Point", "coordinates": [ -79.39153, 39.42636 ] } },
{ "type": "Feature", "properties": { "organization": "Horizon Farm Credit", "address": "45 Aileron Court", "city": "Westminster", "st": "MD", "zip": "21157", "office_type": "Branch" }, "geometry": { "type": "Point", "coordinates": [ -76.99851, 39.61168 ] } },
{ "type": "Feature", "properties": { "organization": "Horizon Farm Credit", "address": "102 Morgnec Rd", "city": "Chestertown", "st": "MD", "zip": "21620", "office_type": "Branch" }, "geometry": { "type": "Point", "coordinates": [ -76.07847, 39.21942 ] } },
{ "type": "Feature", "properties": { "organization": "Horizon Farm Credit", "address": "1035 Ocean Hwy", "city": "Pocomoke", "st": "MD", "zip": "21851", "office_type": "Branch" }, "geometry": { "type": "Point", "coordinates": [ -75.54223, 38.034746 ] } },
{ "type": "Feature", "properties": { "organization": "Horizon Farm Credit", "address": "6546 Mid Atlantic Lane", "city": "Salisbury", "st": "MD", "zip": "21804", "office_type": "Branch" }, "geometry": { "type": "Point", "coordinates": [ -75.522035, 38.371763 ] } },
{ "type": "Feature", "properties": { "organization": "Horizon Farm Credit", "address": "125 Prosperity Dr", "city": "Winchester", "st": "VA", "zip": "22604", "office_type": "Branch" }, "geometry": { "type": "Point", "coordinates": [ -78.19945, 39.11782 ] } },
{ "type": "Feature", "properties": { "organization": "Farm Credit East", "address": "785 Hartford Pike", "city": "Dayville", "st": "CT", "zip": "06241", "office_type": "Branch" }, "geometry": { "type": "Point", "coordinates": [ -71.87086, 41.83823 ] } },
{ "type": "Feature", "properties": { "organization": "Farm Credit East", "address": "240 South Road", "city": "Enfield", "st": "CT", "zip": "06082", "office_type": "Branch" }, "geometry": { "type": "Point", "coordinates": [ -72.584708, 41.976625 ] } },
{ "type": "Feature", "properties": { "organization": "Farm Credit East", "address": "67 Bedford Street", "city": "Middleboro", "st": "MA", "zip": "02346", "office_type": "Branch" }, "geometry": { "type": "Point", "coordinates": [ -70.959659, 41.907644 ] } },
{ "type": "Feature", "properties": { "organization": "Farm Credit East", "address": "2 Constitution Drive", "city": "Bedford", "st": "NH", "zip": "03110", "office_type": "Branch" }, "geometry": { "type": "Point", "coordinates": [ -71.50524, 42.95716 ] } },
{ "type": "Feature", "properties": { "organization": "Farm Credit East", "address": "190 NY Route 9H", "city": "Hudson", "st": "NY", "zip": "12534", "office_type": "Branch" }, "geometry": { "type": "Point", "coordinates": [ -73.7321, 42.20407 ] } },
{ "type": "Feature", "properties": { "organization": "GreenStone Farm Credit Services", "address": "1517 Lincoln Rd.", "city": "Allegan", "st": "MI", "zip": "49010", "office_type": "Branch" }, "geometry": { "type": "Point", "coordinates": [ -85.869383, 42.529818 ] } },
{ "type": "Feature", "properties": { "organization": "GreenStone Farm Credit Services", "address": "2200 M-32 W.", "city": "Alpena", "st": "MI", "zip": "49707", "office_type": "Branch" }, "geometry": { "type": "Point", "coordinates": [ -83.495319, 45.062127 ] } },
{ "type": "Feature", "properties": { "organization": "GreenStone Farm Credit Services", "address": "3949 S. Three Mile Rd.", "city": "Bay City", "st": "MI", "zip": "48706", "office_type": "Branch" }, "geometry": { "type": "Point", "coordinates": [ -83.953577, 43.569991 ] } },
{ "type": "Feature", "properties": { "organization": "GreenStone Farm Credit Services", "address": "1801 N. Lincoln Rd., Ste. A", "city": "Escanaba", "st": "MI", "zip": "49829", "office_type": "Branch" }, "geometry": { "type": "Point", "coordinates": [ -87.08041, 45.768617 ] } },
{ "type": "Feature", "properties": { "organization": "GreenStone Farm Credit Services", "address": "3491 Hartman Rd.", "city": "Traverse City", "st": "MI", "zip": "49685", "office_type": "Branch" }, "geometry": { "type": "Point", "coordinates": [ -85.645707, 44.717362 ] } },
{ "type": "Feature", "properties": { "organization": "GreenStone Farm Credit Services", "address": "8302 Edgewood Rd.", "city": "Berrien Springs", "st": "MI", "zip": "49103", "office_type": "Branch" }, "geometry": { "type": "Point", "coordinates": [ -86.37992, 41.9668 ] } },
{ "type": "Feature", "properties": { "organization": "GreenStone Farm Credit Services", "address": "500 Olds Street", "city": "Jonesville", "st": "MI", "zip": "49250", "office_type": "Branch" }, "geometry": { "type": "Point", "coordinates": [ -84.673618, 41.969852 ] } },
{ "type": "Feature", "properties": { "organization": "GreenStone Farm Credit Services", "address": "100 Spring St.", "city": "Concord", "st": "MI", "zip": "49237", "office_type": "Branch" }, "geometry": { "type": "Point", "coordinates": [ -84.648557, 42.180719 ] } },
{ "type": "Feature", "properties": { "organization": "GreenStone Farm Credit Services", "address": "1075 N. Mission St.", "city": "Mt Pleasant", "st": "MI", "zip": "48858", "office_type": "Branch" }, "geometry": { "type": "Point", "coordinates": [ -84.768155, 43.613972 ] } },
{ "type": "Feature", "properties": { "organization": "GreenStone Farm Credit Services", "address": "722 W. Lawrence Ave.", "city": "Charlotte", "st": "MI", "zip": "48813", "office_type": "Branch" }, "geometry": { "type": "Point", "coordinates": [ -84.847218, 42.564462 ] } },
{ "type": "Feature", "properties": { "organization": "GreenStone Farm Credit Services", "address": "1104 S. US Highway 27", "city": "St Johns", "st": "MI", "zip": "48879", "office_type": "Branch" }, "geometry": { "type": "Point", "coordinates": [ -84.54512, 42.99037 ] } },
{ "type": "Feature", "properties": { "organization": "GreenStone Farm Credit Services", "address": "2942 W. Monroe Rd.", "city": "Alma", "st": "MI", "zip": "48801", "office_type": "Branch" }, "geometry": { "type": "Point", "coordinates": [ -84.665144, 43.409085 ] } },
{ "type": "Feature", "properties": { "organization": "GreenStone Farm Credit Services", "address": "455 Lake Nepessing Rd.", "city": "Lapeer", "st": "MI", "zip": "48446", "office_type": "Branch" }, "geometry": { "type": "Point", "coordinates": [ -83.36056, 43.03407 ] } },
{ "type": "Feature", "properties": { "organization": "GreenStone Farm Credit Services", "address": "749 S. Van Dyke Rd.", "city": "Bad Axe", "st": "MI", "zip": "48413", "office_type": "Branch" }, "geometry": { "type": "Point", "coordinates": [ -83.01447, 43.800256 ] } },
{ "type": "Feature", "properties": { "organization": "GreenStone Farm Credit Services", "address": "3515 West RD Ste 100", "city": "East Lansing", "st": "MI", "zip": "48823", "office_type": "Branch" }, "geometry": { "type": "Point", "coordinates": [ -84.510678, 42.76882 ] } },
{ "type": "Feature", "properties": { "organization": "GreenStone Farm Credit Services", "address": "1962 S. State Rd.", "city": "Ionia", "st": "MI", "zip": "48846", "office_type": "Branch" }, "geometry": { "type": "Point", "coordinates": [ -85.075579, 42.959452 ] } },
{ "type": "Feature", "properties": { "organization": "GreenStone Farm Credit Services", "address": "3225 Walker Ave. N.W.", "city": "Grand Rapids", "st": "MI", "zip": "49544", "office_type": "Branch" }, "geometry": { "type": "Point", "coordinates": [ -85.72815, 43.02264 ] } },
{ "type": "Feature", "properties": { "organization": "GreenStone Farm Credit Services", "address": "225 W. Lyons St.", "city": "Schoolcraft", "st": "MI", "zip": "49087", "office_type": "Branch" }, "geometry": { "type": "Point", "coordinates": [ -85.63899, 42.12106 ] } },
{ "type": "Feature", "properties": { "organization": "GreenStone Farm Credit Services", "address": "5285 W. US Highway 223", "city": "Adrian", "st": "MI", "zip": "49221", "office_type": "Branch" }, "geometry": { "type": "Point", "coordinates": [ -84.08991, 41.90493 ] } },
{ "type": "Feature", "properties": { "organization": "GreenStone Farm Credit Services", "address": "7597 S. Mackinaw Trl.", "city": "Cadillac", "st": "MI", "zip": "49601", "office_type": "Branch" }, "geometry": { "type": "Point", "coordinates": [ -85.39707, 44.22867 ] } },
{ "type": "Feature", "properties": { "organization": "GreenStone Farm Credit Services", "address": "1040 W. Highland Rd.", "city": "Howell", "st": "MI", "zip": "48843", "office_type": "Branch" }, "geometry": { "type": "Point", "coordinates": [ -83.947056, 42.622097 ] } },
{ "type": "Feature", "properties": { "organization": "GreenStone Farm Credit Services", "address": "3486 W. Polk Rd.", "city": "Hart", "st": "MI", "zip": "49420", "office_type": "Branch" }, "geometry": { "type": "Point", "coordinates": [ -86.363954, 43.688398 ] } },
{ "type": "Feature", "properties": { "organization": "GreenStone Farm Credit Services", "address": "8897 W. Tamarack Rd.", "city": "Lakeview", "st": "MI", "zip": "48850", "office_type": "Branch" }, "geometry": { "type": "Point", "coordinates": [ -85.231477, 43.438219 ] } },
{ "type": "Feature", "properties": { "organization": "GreenStone Farm Credit Services", "address": "15615 S. Telegraph Rd.", "city": "Monroe", "st": "MI", "zip": "48161", "office_type": "Branch" }, "geometry": { "type": "Point", "coordinates": [ -83.42547, 41.90646 ] } },
{ "type": "Feature", "properties": { "organization": "GreenStone Farm Credit Services", "address": "11020 Gratiot Rd.", "city": "Saginaw", "st": "MI", "zip": "48609", "office_type": "Branch" }, "geometry": { "type": "Point", "coordinates": [ -84.1314, 43.41693 ] } },
{ "type": "Feature", "properties": { "organization": "GreenStone Farm Credit Services", "address": "704 W. Corunna Ave.", "city": "Corunna", "st": "MI", "zip": "48817", "office_type": "Branch" }, "geometry": { "type": "Point", "coordinates": [ -84.13207, 42.98409 ] } },
{ "type": "Feature", "properties": { "organization": "GreenStone Farm Credit Services", "address": "700 W Sanilac RD", "city": "Sandusky", "st": "MI", "zip": "48471", "office_type": "Branch" }, "geometry": { "type": "Point", "coordinates": [ -82.858181, 43.421624 ] } },
{ "type": "Feature", "properties": { "organization": "GreenStone Farm Credit Services", "address": "7530 Jackson Rd.", "city": "Ann Arbor", "st": "MI", "zip": "48103", "office_type": "Branch" }, "geometry": { "type": "Point", "coordinates": [ -83.878592, 42.294339 ] } },
{ "type": "Feature", "properties": { "organization": "GreenStone Farm Credit Services", "address": "1570 Cleaver Rd.", "city": "Caro", "st": "MI", "zip": "48723", "office_type": "Branch" }, "geometry": { "type": "Point", "coordinates": [ -83.38734, 43.51202 ] } },
{ "type": "Feature", "properties": { "organization": "AgCountry Farm Credit Services", "address": "873 Hwy 10 East", "city": "Detroit Lakes", "st": "MN", "zip": "56501", "office_type": "Branch" }, "geometry": { "type": "Point", "coordinates": [ -95.824841, 46.809316 ] } },
{ "type": "Feature", "properties": { "organization": "AgCountry Farm Credit Services", "address": "907 Prairie Pines Dr.", "city": "Fosston", "st": "MN", "zip": "56542", "office_type": "Branch" }, "geometry": { "type": "Point", "coordinates": [ -95.73737, 47.56944 ] } },
{ "type": "Feature", "properties": { "organization": "Compeer Financial", "address": "1710 E 10th St", "city": "Glencoe", "st": "MN", "zip": "55336", "office_type": "Branch" }, "geometry": { "type": "Point", "coordinates": [ -94.144747, 44.76913 ] } },
{ "type": "Feature", "properties": { "organization": "AgCountry Farm Credit Services", "address": "316 East 1st Street", "city": "Graceville", "st": "MN", "zip": "56240", "office_type": "Branch" }, "geometry": { "type": "Point", "coordinates": [ -96.43062, 45.56535 ] } },
{ "type": "Feature", "properties": { "organization": "Compeer Financial", "address": "806 3rd St South", "city": "Waite Park", "st": "MN", "zip": "56387", "office_type": "Branch" }, "geometry": { "type": "Point", "coordinates": [ -94.2268, 45.54739 ] } },
{ "type": "Feature", "properties": { "organization": "Compeer Financial", "address": "540 Baldwin Plaza Drive", "city": "Baldwin", "st": "WI", "zip": "54002", "office_type": "Branch" }, "geometry": { "type": "Point", "coordinates": [ -92.371198, 44.93895 ] } },
{ "type": "Feature", "properties": { "organization": "Compeer Financial", "address": "1700 Giant Dr", "city": "Blue Earth", "st": "MN", "zip": "56013", "office_type": "Branch" }, "geometry": { "type": "Point", "coordinates": [ -94.09844, 43.65828 ] } },
{ "type": "Feature", "properties": { "organization": "AgCountry Farm Credit Services", "address": "4401 Highway 71 South", "city": "Willmar", "st": "MN", "zip": "56201", "office_type": "Branch" }, "geometry": { "type": "Point", "coordinates": [ -95.041208, 45.082102 ] } },
{ "type": "Feature", "properties": { "organization": "AgCountry Farm Credit Services", "address": "1900 44th St South", "city": "Fargo", "st": "ND", "zip": "58103", "office_type": "Branch" }, "geometry": { "type": "Point", "coordinates": [ -96.8587, 46.85105 ] } },
{ "type": "Feature", "properties": { "organization": "Compeer Financial", "address": "2912 Pioneer Ave", "city": "Rice Lake", "st": "WI", "zip": "54868", "office_type": "Branch" }, "geometry": { "type": "Point", "coordinates": [ -91.740778, 45.471385 ] } },
{ "type": "Feature", "properties": { "organization": "Compeer Financial", "address": "1791 Diagonal Road", "city": "Worthington", "st": "MN", "zip": "56187", "office_type": "Branch" }, "geometry": { "type": "Point", "coordinates": [ -95.620902, 43.634841 ] } },
{ "type": "Feature", "properties": { "organization": "AgCountry Farm Credit Services", "address": "1022 Broadway Street", "city": "Alexandria", "st": "MN", "zip": "56308", "office_type": "Branch" }, "geometry": { "type": "Point", "coordinates": [ -95.378216, 45.880396 ] } },
{ "type": "Feature", "properties": { "organization": "Compeer Financial", "address": "21088 Keswick Loop", "city": "Lakeville", "st": "MN", "zip": "55044", "office_type": "Branch" }, "geometry": { "type": "Point", "coordinates": [ -93.29956, 44.64387 ] } },
{ "type": "Feature", "properties": { "organization": "Compeer Financial", "address": "7540 Airport View Drive SW", "city": "Rochester", "st": "MN", "zip": "55902", "office_type": "Branch" }, "geometry": { "type": "Point", "coordinates": [ -92.48023, 43.91254 ] } },
{ "type": "Feature", "properties": { "organization": "AgCountry Farm Credit Services", "address": "17 First Street NE", "city": "Elbow Lake", "st": "MN", "zip": "56531", "office_type": "Branch" }, "geometry": { "type": "Point", "coordinates": [ -95.976201, 45.993349 ] } },
{ "type": "Feature", "properties": { "organization": "AgCountry Farm Credit Services", "address": "224 N Atlantic Ave", "city": "Hallock", "st": "MN", "zip": "56728", "office_type": "Branch" }, "geometry": { "type": "Point", "coordinates": [ -96.94876, 48.778431 ] } },
{ "type": "Feature", "properties": { "organization": "AgCountry Farm Credit Services", "address": "112 5th Ave", "city": "Madison", "st": "MN", "zip": "56256", "office_type": "Branch" }, "geometry": { "type": "Point", "coordinates": [ -96.19133, 45.010013 ] } },
{ "type": "Feature", "properties": { "organization": "AgCountry Farm Credit Services", "address": "302 S O'Connell St", "city": "Marshall", "st": "MN", "zip": "56258", "office_type": "Branch" }, "geometry": { "type": "Point", "coordinates": [ -95.7577, 44.44721 ] } },
{ "type": "Feature", "properties": { "organization": "AgCountry Farm Credit Services", "address": "208 Third Ave NW", "city": "Roseau", "st": "MN", "zip": "56751", "office_type": "Branch" }, "geometry": { "type": "Point", "coordinates": [ -95.76541, 48.84782 ] } },
{ "type": "Feature", "properties": { "organization": "AgCountry Farm Credit Services", "address": "406 N McKinley St", "city": "Warren", "st": "MN", "zip": "56762", "office_type": "Branch" }, "geometry": { "type": "Point", "coordinates": [ -96.7751, 48.19529 ] } },
{ "type": "Feature", "properties": { "organization": "Compeer Financial", "address": "1921 Premier Dr", "city": "Mankato", "st": "MN", "zip": "56001", "office_type": "Branch" }, "geometry": { "type": "Point", "coordinates": [ -93.947508, 44.179457 ] } },
{ "type": "Feature", "properties": { "organization": "AgCountry Farm Credit Services", "address": "530 Fisher Avenue", "city": "Crookston", "st": "MN", "zip": "56716", "office_type": "Branch" }, "geometry": { "type": "Point", "coordinates": [ -96.6072, 47.789747 ] } },
{ "type": "Feature", "properties": { "organization": "AgCountry Farm Credit Services", "address": "311 North Tower Road", "city": "Fergus Falls", "st": "MN", "zip": "56537", "office_type": "Branch" }, "geometry": { "type": "Point", "coordinates": [ -96.10348, 46.28652 ] } },
{ "type": "Feature", "properties": { "organization": "AgCountry Farm Credit Services", "address": "2044 State Hwy 1 NE", "city": "Thief River Falls", "st": "MN", "zip": "56701", "office_type": "Branch" }, "geometry": { "type": "Point", "coordinates": [ -96.212731, 48.123076 ] } },
{ "type": "Feature", "properties": { "organization": "AgCountry Farm Credit Services", "address": "103 Atlantic Avenue So", "city": "Morris", "st": "MN", "zip": "56267", "office_type": "Branch" }, "geometry": { "type": "Point", "coordinates": [ -95.91142, 45.58291 ] } },
{ "type": "Feature", "properties": { "organization": "AgCountry Farm Credit Services", "address": "1701 West Lincoln Ave", "city": "Olivia", "st": "MN", "zip": "56277", "office_type": "Branch" }, "geometry": { "type": "Point", "coordinates": [ -95.005069, 44.77588 ] } },
{ "type": "Feature", "properties": { "organization": "AgCountry Farm Credit Services", "address": "161 County Highway 101", "city": "Redwood Falls", "st": "MN", "zip": "56283", "office_type": "Branch" }, "geometry": { "type": "Point", "coordinates": [ -95.09528, 44.54256 ] } },
{ "type": "Feature", "properties": { "organization": "AgCountry Farm Credit Services", "address": "1982 Two Ten Drive", "city": "Wahpeton", "st": "ND", "zip": "58075", "office_type": "Branch" }, "geometry": { "type": "Point", "coordinates": [ -96.621157, 46.288146 ] } },
{ "type": "Feature", "properties": { "organization": "Southern AgCredit", "address": "130 S Whitworth Ave", "city": "Brookhaven", "st": "MS", "zip": "39601", "office_type": "Branch" }, "geometry": { "type": "Point", "coordinates": [ -90.44358, 31.578856 ] } },
{ "type": "Feature", "properties": { "organization": "Mississippi Land Bank", "address": "3598-A Hwy 61 North", "city": "Cleveland", "st": "MS", "zip": "38732", "office_type": "Branch" }, "geometry": { "type": "Point", "coordinates": [ -90.71663, 33.80017 ] } },
{ "type": "Feature", "properties": { "organization": "Mississippi Land Bank", "address": "2101 Hwy 72 East", "city": "Corinth", "st": "MS", "zip": "38834", "office_type": "Branch" }, "geometry": { "type": "Point", "coordinates": [ -88.50177, 34.91486 ] } },
{ "type": "Feature", "properties": { "organization": "First South Farm Credit", "address": "1021 Hwy 82 East", "city": "Leland", "st": "MS", "zip": "38756", "office_type": "Branch" }, "geometry": { "type": "Point", "coordinates": [ -90.87842, 33.40196 ] } },
{ "type": "Feature", "properties": { "organization": "First South Farm Credit", "address": "501 Apache Dr", "city": "McComb", "st": "MS", "zip": "39648", "office_type": "Branch" }, "geometry": { "type": "Point", "coordinates": [ -90.480638, 31.254677 ] } },
{ "type": "Feature", "properties": { "organization": "First South Farm Credit", "address": "914 Van Buren Ave", "city": "Oxford", "st": "MS", "zip": "38655", "office_type": "Branch" }, "geometry": { "type": "Point", "coordinates": [ -89.521078, 34.365928 ] } },
{ "type": "Feature", "properties": { "organization": "First South Farm Credit", "address": "260 Trace Colony Park Drive", "city": "Ridgeland", "st": "MS", "zip": "39157", "office_type": "Branch" }, "geometry": { "type": "Point", "coordinates": [ -90.15235, 32.42636 ] } },
{ "type": "Feature", "properties": { "organization": "Mississippi Land Bank", "address": "P O Box 971", "city": "Senatobia", "st": "MS", "zip": "38668", "office_type": "Branch" }, "geometry": { "type": "Point", "coordinates": [ -89.879602, 34.61942 ] } },
{ "type": "Feature", "properties": { "organization": "First South Farm Credit", "address": "1626 N. Veterans Memorial Blvd. Suite C", "city": "Tupelo", "st": "MS", "zip": "38804", "office_type": "Branch" }, "geometry": { "type": "Point", "coordinates": [ -88.679494, 34.280816 ] } },
{ "type": "Feature", "properties": { "organization": "First South Farm Credit", "address": "306 E Jefferson St", "city": "Aberdeen", "st": "MS", "zip": "39730", "office_type": "Branch" }, "geometry": { "type": "Point", "coordinates": [ -88.54115, 33.822558 ] } },
{ "type": "Feature", "properties": { "organization": "First South Farm Credit", "address": "1009 North Main Street", "city": "Calhoun City", "st": "MS", "zip": "38916", "office_type": "Branch" }, "geometry": { "type": "Point", "coordinates": [ -89.3152, 33.86768 ] } },
{ "type": "Feature", "properties": { "organization": "Southern AgCredit", "address": "2217 Highway 82 West", "city": "Greenwood", "st": "MS", "zip": "38930", "office_type": "Branch" }, "geometry": { "type": "Point", "coordinates": [ -90.22393, 33.5277 ] } },
{ "type": "Feature", "properties": { "organization": "First South Farm Credit", "address": "1703 Hwy. 82 West", "city": "Greenwood", "st": "MS", "zip": "38930", "office_type": "Branch" }, "geometry": { "type": "Point", "coordinates": [ -90.212019, 33.525937 ] } },
{ "type": "Feature", "properties": { "organization": "Southern AgCredit", "address": "306 Commerce Center Drive", "city": "Ridgeland", "st": "MS", "zip": "39157", "office_type": "Branch" }, "geometry": { "type": "Point", "coordinates": [ -90.146372, 32.445271 ] } },
{ "type": "Feature", "properties": { "organization": "First South Farm Credit", "address": "1089D Stark Road, Suite 3", "city": "Starkville", "st": "MS", "zip": "39759", "office_type": "Branch" }, "geometry": { "type": "Point", "coordinates": [ -88.846, 33.45473 ] } },
{ "type": "Feature", "properties": { "organization": "Mississippi Land Bank", "address": "3517 Tom Watson Dr", "city": "Saltillo", "st": "MS", "zip": "38866", "office_type": "Branch" }, "geometry": { "type": "Point", "coordinates": [ -88.697392, 34.307198 ] } },
{ "type": "Feature", "properties": { "organization": "First South Farm Credit", "address": "505 E Second Street", "city": "Clarksdale", "st": "MS", "zip": "38614", "office_type": "Branch" }, "geometry": { "type": "Point", "coordinates": [ -90.569499, 34.204074 ] } },
{ "type": "Feature", "properties": { "organization": "Mississippi Land Bank", "address": "2653 N State St", "city": "Clarksdale", "st": "MS", "zip": "38614", "office_type": "Branch" }, "geometry": { "type": "Point", "coordinates": [ -90.541566, 34.206822 ] } },
{ "type": "Feature", "properties": { "organization": "First South Farm Credit", "address": "4 Thompson Park", "city": "Hattiesburg", "st": "MS", "zip": "39401", "office_type": "Branch" }, "geometry": { "type": "Point", "coordinates": [ -89.32335, 31.280089 ] } },
{ "type": "Feature", "properties": { "organization": "First South Farm Credit", "address": "23 Dunnbarr", "city": "Laurel", "st": "MS", "zip": "39440", "office_type": "Branch" }, "geometry": { "type": "Point", "coordinates": [ -89.150549, 31.751247 ] } },
{ "type": "Feature", "properties": { "organization": "First South Farm Credit", "address": "197 George Payne Cossar Blvd.", "city": "Charleston", "st": "MS", "zip": "38921", "office_type": "Branch" }, "geometry": { "type": "Point", "coordinates": [ -90.05526, 34.007405 ] } },
{ "type": "Feature", "properties": { "organization": "Southern AgCredit", "address": "12196 Highway 49", "city": "Gulfport", "st": "MS", "zip": "39503", "office_type": "Branch" }, "geometry": { "type": "Point", "coordinates": [ -89.100649, 30.462223 ] } },
{ "type": "Feature", "properties": { "organization": "First South Farm Credit", "address": "122 Main Street", "city": "Indianola", "st": "MS", "zip": "38751", "office_type": "Branch" }, "geometry": { "type": "Point", "coordinates": [ -90.650982, 33.451945 ] } },
{ "type": "Feature", "properties": { "organization": "FCS Financial", "address": "108 North Prosperity", "city": "Joplin", "st": "MO", "zip": "64801", "office_type": "Branch" }, "geometry": { "type": "Point", "coordinates": [ -94.423068, 37.084392 ] } },
{ "type": "Feature", "properties": { "organization": "FCS Financial", "address": "509 HBC Road", "city": "Macon", "st": "MO", "zip": "63552", "office_type": "Branch" }, "geometry": { "type": "Point", "coordinates": [ -92.473025, 39.737816 ] } },
{ "type": "Feature", "properties": { "organization": "FCS Financial", "address": "27186 282nd Street", "city": "Maryville", "st": "MO", "zip": "64468", "office_type": "Branch" }, "geometry": { "type": "Point", "coordinates": [ -94.87234, 40.31227 ] } },
{ "type": "Feature", "properties": { "organization": "FCS Financial", "address": "2810 E Liberty St", "city": "Mexico", "st": "MO", "zip": "65265", "office_type": "Branch" }, "geometry": { "type": "Point", "coordinates": [ -91.84419, 39.16285 ] } },
{ "type": "Feature", "properties": { "organization": "FCS Financial", "address": "1925 N Osage Blvd", "city": "Nevada", "st": "MO", "zip": "64772", "office_type": "Branch" }, "geometry": { "type": "Point", "coordinates": [ -94.345664, 37.859362 ] } },
{ "type": "Feature", "properties": { "organization": "FCS Financial", "address": "2109 S Riverside Rd", "city": "St Joseph", "st": "MO", "zip": "64507", "office_type": "Branch" }, "geometry": { "type": "Point", "coordinates": [ -94.767246, 39.747905 ] } },
{ "type": "Feature", "properties": { "organization": "FCS Financial", "address": "2800 Woodard Drive", "city": "Columbia", "st": "MO", "zip": "65202", "office_type": "Branch" }, "geometry": { "type": "Point", "coordinates": [ -92.28277, 38.97888 ] } },
{ "type": "Feature", "properties": { "organization": "Farm Credit Southeast Missouri", "address": "1114 N Outer Rd", "city": "Dexter", "st": "MO", "zip": "63841", "office_type": "Branch" }, "geometry": { "type": "Point", "coordinates": [ -89.9761, 36.80887 ] } },
{ "type": "Feature", "properties": { "organization": "FCS Financial", "address": "30405 SE Outer Road", "city": "Harrisonville", "st": "MO", "zip": "64701", "office_type": "Branch" }, "geometry": { "type": "Point", "coordinates": [ -94.349612, 38.564 ] } },
{ "type": "Feature", "properties": { "organization": "Farm Credit Southeast Missouri", "address": "420 W Washington", "city": "Jackson", "st": "MO", "zip": "63755", "office_type": "Branch" }, "geometry": { "type": "Point", "coordinates": [ -89.67164, 37.384292 ] } },
{ "type": "Feature", "properties": { "organization": "Farm Credit Southeast Missouri", "address": "811 S Bypass", "city": "Kennett", "st": "MO", "zip": "63857", "office_type": "Branch" }, "geometry": { "type": "Point", "coordinates": [ -90.048554, 36.226247 ] } },
{ "type": "Feature", "properties": { "organization": "Farm Credit Southeast Missouri", "address": "791 S Hwy 105", "city": "Charleston", "st": "MO", "zip": "63834", "office_type": "Branch" }, "geometry": { "type": "Point", "coordinates": [ -89.35703, 36.8367 ] } },
{ "type": "Feature", "properties": { "organization": "Farm Credit Southeast Missouri", "address": "107 E Outer RD", "city": "Poplar Bluff", "st": "MO", "zip": "63901", "office_type": "Branch" }, "geometry": { "type": "Point", "coordinates": [ -90.46139, 36.7271 ] } },
{ "type": "Feature", "properties": { "organization": "Farm Credit Southeast Missouri", "address": "501 W State Hwy 162", "city": "Portageville", "st": "MO", "zip": "63873", "office_type": "Branch" }, "geometry": { "type": "Point", "coordinates": [ -89.69975, 36.43864 ] } },
{ "type": "Feature", "properties": { "organization": "FCS Financial", "address": "2600 S Limit", "city": "Sedalia", "st": "MO", "zip": "65301", "office_type": "Branch" }, "geometry": { "type": "Point", "coordinates": [ -93.25161, 38.68854 ] } },
{ "type": "Feature", "properties": { "organization": "Farm Credit Southeast Missouri", "address": "1110 N Main", "city": "Sikeston", "st": "MO", "zip": "63801", "office_type": "Branch" }, "geometry": { "type": "Point", "coordinates": [ -89.58693, 36.89134 ] } },
{ "type": "Feature", "properties": { "organization": "FCS Financial", "address": "1405 N Walnut St", "city": "Cameron", "st": "MO", "zip": "64429", "office_type": "Branch" }, "geometry": { "type": "Point", "coordinates": [ -94.23488, 39.7517 ] } },
{ "type": "Feature", "properties": { "organization": "FCS Financial", "address": "2880 N Washington St", "city": "Chillicothe", "st": "MO", "zip": "64601", "office_type": "Branch" }, "geometry": { "type": "Point", "coordinates": [ -93.55182, 39.82153 ] } },
{ "type": "Feature", "properties": { "organization": "FCS Financial", "address": "936 Alexis Avenue", "city": "Lebanon", "st": "MO", "zip": "65536", "office_type": "Branch" }, "geometry": { "type": "Point", "coordinates": [ -92.668435, 37.653059 ] } },
{ "type": "Feature", "properties": { "organization": "FCS Financial", "address": "1360 N Lexington Ave", "city": "Marshall", "st": "MO", "zip": "65340", "office_type": "Branch" }, "geometry": { "type": "Point", "coordinates": [ -93.22484, 39.13623 ] } },
{ "type": "Feature", "properties": { "organization": "FCS Financial", "address": "500 South State Hwy B", "city": "Springfield", "st": "MO", "zip": "65802", "office_type": "Branch" }, "geometry": { "type": "Point", "coordinates": [ -93.4221, 37.20627 ] } },
{ "type": "Feature", "properties": { "organization": "FCS Financial", "address": "1930 E Miller St", "city": "Jefferson City", "st": "MO", "zip": "65101", "office_type": "Branch" }, "geometry": { "type": "Point", "coordinates": [ -92.148571, 38.552624 ] } },
{ "type": "Feature", "properties": { "organization": "FCS Financial", "address": "300 Hwy 50 West", "city": "Union", "st": "MO", "zip": "63084", "office_type": "Branch" }, "geometry": { "type": "Point", "coordinates": [ -91.01054, 38.439982 ] } },
{ "type": "Feature", "properties": { "organization": "FCS Financial", "address": "1005 Porter Wagoner Blvd", "city": "West Plains", "st": "MO", "zip": "65775", "office_type": "Branch" }, "geometry": { "type": "Point", "coordinates": [ -91.8681, 36.737482 ] } },
{ "type": "Feature", "properties": { "organization": "FCS Financial", "address": "150 Walker Drive", "city": "Farmington", "st": "MO", "zip": "63640", "office_type": "Branch" }, "geometry": { "type": "Point", "coordinates": [ -90.446335, 37.773686 ] } },
{ "type": "Feature", "properties": { "organization": "FCS Financial", "address": "4100 Highway 13 Blvd", "city": "Higginsville", "st": "MO", "zip": "64037", "office_type": "Branch" }, "geometry": { "type": "Point", "coordinates": [ -93.73404, 39.05447 ] } },
{ "type": "Feature", "properties": { "organization": "FCS Financial", "address": "1051 Peruque Crossing Ct", "city": "O'Fallon", "st": "MO", "zip": "63366", "office_type": "Branch" }, "geometry": { "type": "Point", "coordinates": [ -90.76676, 38.80687 ] } },
{ "type": "Feature", "properties": { "organization": "FCS Financial", "address": "3200 Hwy 61", "city": "Hannibal", "st": "MO", "zip": "63401", "office_type": "Branch" }, "geometry": { "type": "Point", "coordinates": [ -91.403086, 39.73335 ] } },
{ "type": "Feature", "properties": { "organization": "AgWest Farm Credit", "address": "3490 Gabel Road", "city": "Billings", "st": "MT", "zip": "59102", "office_type": "Branch" }, "geometry": { "type": "Point", "coordinates": [ -108.603061, 45.743898 ] } },
{ "type": "Feature", "properties": { "organization": "AgWest Farm Credit", "address": "2530 Honor Lane", "city": "Bozeman", "st": "MT", "zip": "59718", "office_type": "Branch" }, "geometry": { "type": "Point", "coordinates": [ -111.071687, 45.717272 ] } },
{ "type": "Feature", "properties": { "organization": "AgWest Farm Credit", "address": "134 E Reeder St", "city": "Dillon", "st": "MT", "zip": "59725", "office_type": "Branch" }, "geometry": { "type": "Point", "coordinates": [ -112.638587, 45.214545 ] } },
{ "type": "Feature", "properties": { "organization": "AgWest Farm Credit", "address": "1705 US Hwy 2 NW", "city": "Havre", "st": "MT", "zip": "59501", "office_type": "Branch" }, "geometry": { "type": "Point", "coordinates": [ -109.71219, 48.557325 ] } },
{ "type": "Feature", "properties": { "organization": "AgWest Farm Credit", "address": "502 S Haynes Ave.", "city": "Miles City", "st": "MT", "zip": "59301", "office_type": "Branch" }, "geometry": { "type": "Point", "coordinates": [ -105.82202, 46.40342 ] } },
{ "type": "Feature", "properties": { "organization": "AgWest Farm Credit", "address": "54147 US Hwy 2", "city": "Glasgow", "st": "MT", "zip": "59230", "office_type": "Branch" }, "geometry": { "type": "Point", "coordinates": [ -106.6407, 48.19985 ] } },
{ "type": "Feature", "properties": { "organization": "AgWest Farm Credit", "address": "700 River Dr S", "city": "Great Falls", "st": "MT", "zip": "59405", "office_type": "Branch" }, "geometry": { "type": "Point", "coordinates": [ -111.307679, 47.497517 ] } },
{ "type": "Feature", "properties": { "organization": "AgWest Farm Credit", "address": "3021 Palmer St", "city": "Missoula", "st": "MT", "zip": "59808", "office_type": "Branch" }, "geometry": { "type": "Point", "coordinates": [ -114.035029, 46.886645 ] } },
{ "type": "Feature", "properties": { "organization": "AgWest Farm Credit", "address": "123 N Central Ave", "city": "Sidney", "st": "MT", "zip": "59270", "office_type": "Branch" }, "geometry": { "type": "Point", "coordinates": [ -104.15622, 47.715968 ] } },
{ "type": "Feature", "properties": { "organization": "AgWest Farm Credit", "address": "519 S Main", "city": "Conrad", "st": "MT", "zip": "59425", "office_type": "Branch" }, "geometry": { "type": "Point", "coordinates": [ -111.947921, 48.166575 ] } },
{ "type": "Feature", "properties": { "organization": "AgWest Farm Credit", "address": "120 Wunderlin St", "city": "Lewistown", "st": "MT", "zip": "59457", "office_type": "Branch" }, "geometry": { "type": "Point", "coordinates": [ -109.440218, 47.05689 ] } },
{ "type": "Feature", "properties": { "organization": "Farm Credit Services of America", "address": "2555 South E Street", "city": "Broken Bow", "st": "NE", "zip": "68822", "office_type": "Branch" }, "geometry": { "type": "Point", "coordinates": [ -99.660583, 41.402652 ] } },
{ "type": "Feature", "properties": { "organization": "Farm Credit Services of America", "address": "3333 W Faidley Ave", "city": "Grand Island", "st": "NE", "zip": "68803", "office_type": "Branch" }, "geometry": { "type": "Point", "coordinates": [ -98.379972, 40.923782 ] } },
{ "type": "Feature", "properties": { "organization": "Farm Credit Services of America", "address": "4070 East 56th Street", "city": "Kearney", "st": "NE", "zip": "68847", "office_type": "Branch" }, "geometry": { "type": "Point", "coordinates": [ -99.02811, 40.72912 ] } },
{ "type": "Feature", "properties": { "organization": "Farm Credit Services of America", "address": "207 N 34th St", "city": "Norfolk", "st": "NE", "zip": "68701", "office_type": "Branch" }, "geometry": { "type": "Point", "coordinates": [ -97.462795, 42.03406 ] } },
{ "type": "Feature", "properties": { "organization": "Farm Credit Services of America", "address": "197 W. State Farm Road", "city": "North Platte", "st": "NE", "zip": "69101", "office_type": "Branch" }, "geometry": { "type": "Point", "coordinates": [ -100.767244, 41.090919 ] } },
{ "type": "Feature", "properties": { "organization": "Farm Credit Services of America", "address": "411 Valley View DR", "city": "Scottsbluff", "st": "NE", "zip": "69361", "office_type": "Branch" }, "geometry": { "type": "Point", "coordinates": [ -103.657916, 41.879289 ] } },
{ "type": "Feature", "properties": { "organization": "Farm Credit Services of America", "address": "2390 Highway 2", "city": "Alliance", "st": "NE", "zip": "69301", "office_type": "Branch" }, "geometry": { "type": "Point", "coordinates": [ -102.899343, 42.104654 ] } },
{ "type": "Feature", "properties": { "organization": "Farm Credit Services of America", "address": "4865 Old Monastery Road", "city": "Columbus", "st": "NE", "zip": "68601", "office_type": "Branch" }, "geometry": { "type": "Point", "coordinates": [ -97.349106, 41.467196 ] } },
{ "type": "Feature", "properties": { "organization": "Farm Credit Services of America", "address": "507 E Highway 20", "city": "O'Neill", "st": "NE", "zip": "68763", "office_type": "Branch" }, "geometry": { "type": "Point", "coordinates": [ -98.629754, 42.451099 ] } },
{ "type": "Feature", "properties": { "organization": "Farm Credit Services of America", "address": "4101 N 6th St", "city": "Beatrice", "st": "NE", "zip": "68310", "office_type": "Branch" }, "geometry": { "type": "Point", "coordinates": [ -96.74816, 40.30864 ] } },
{ "type": "Feature", "properties": { "organization": "Farm Credit Services of America", "address": "686 E 3rd ST", "city": "Imperial", "st": "NE", "zip": "69033", "office_type": "Branch" }, "geometry": { "type": "Point", "coordinates": [ -101.62927, 40.51453 ] } },
{ "type": "Feature", "properties": { "organization": "Farm Credit Services of America", "address": "855 Fallbrook Rd", "city": "Lincoln", "st": "NE", "zip": "68524", "office_type": "Branch" }, "geometry": { "type": "Point", "coordinates": [ -96.732652, 40.87642 ] } },
{ "type": "Feature", "properties": { "organization": "Farm Credit Services of America", "address": "1806 N Highway 83", "city": "Mccook", "st": "NE", "zip": "69001", "office_type": "Branch" }, "geometry": { "type": "Point", "coordinates": [ -100.651108, 40.217981 ] } },
{ "type": "Feature", "properties": { "organization": "American AgCredit", "address": "285 Tenth Street", "city": "Elko", "st": "NV", "zip": "89801", "office_type": "Branch" }, "geometry": { "type": "Point", "coordinates": [ -115.757166, 40.835444 ] } },
{ "type": "Feature", "properties": { "organization": "Farm Credit East", "address": "250 Commerce Way", "city": "Derby", "st": "VT", "zip": "05829", "office_type": "Branch" }, "geometry": { "type": "Point", "coordinates": [ -72.15711, 44.95552 ] } },
{ "type": "Feature", "properties": { "organization": "Farm Credit East", "address": "52 FarmVu Dr", "city": "White River Junction", "st": "VT", "zip": "05001", "office_type": "Branch" }, "geometry": { "type": "Point", "coordinates": [ -72.33262, 43.64312 ] } },
{ "type": "Feature", "properties": { "organization": "Farm Credit East", "address": "29 Landis Avenue", "city": "Bridgeton", "st": "NJ", "zip": "08302", "office_type": "Branch" }, "geometry": { "type": "Point", "coordinates": [ -75.20476, 39.46301 ] } },
{ "type": "Feature", "properties": { "organization": "Farm Credit East", "address": "9 County Road 618", "city": "Lebanon", "st": "NJ", "zip": "08833", "office_type": "Branch" }, "geometry": { "type": "Point", "coordinates": [ -74.860935, 40.582245 ] } },
{ "type": "Feature", "properties": { "organization": "American AgCredit", "address": "5651 Balloon Fiesta Parkway NE", "city": "Albuquerque", "st": "NM", "zip": "87113", "office_type": "Branch" }, "geometry": { "type": "Point", "coordinates": [ -106.58152, 35.199555 ] } },
{ "type": "Feature", "properties": { "organization": "AgTrust Farm Credit", "address": "19554 Hwy. 314", "city": "Belen", "st": "NM", "zip": "87002", "office_type": "Branch" }, "geometry": { "type": "Point", "coordinates": [ -106.76149, 34.70924 ] } },
{ "type": "Feature", "properties": { "organization": "AgTrust Farm Credit", "address": "4501 N Prince St", "city": "Clovis", "st": "NM", "zip": "88101", "office_type": "Branch" }, "geometry": { "type": "Point", "coordinates": [ -103.195669, 34.443199 ] } },
{ "type": "Feature", "properties": { "organization": "American AgCredit", "address": "301 West Llano Estacado", "city": "Clovis", "st": "NM", "zip": "88101", "office_type": "Branch" }, "geometry": { "type": "Point", "coordinates": [ -103.210768, 34.433361 ] } },
{ "type": "Feature", "properties": { "organization": "AgTrust Farm Credit", "address": "1338 Picacho Hills Dr., Suite #1", "city": "Las Cruces", "st": "NM", "zip": "88007", "office_type": "Branch" }, "geometry": { "type": "Point", "coordinates": [ -106.856544, 32.307892 ] } },
{ "type": "Feature", "properties": { "organization": "American AgCredit", "address": "2800 Las Vegas CT", "city": "Las Cruces", "st": "NM", "zip": "88007", "office_type": "Branch" }, "geometry": { "type": "Point", "coordinates": [ -106.816191, 32.30908 ] } },
{ "type": "Feature", "properties": { "organization": "American AgCredit", "address": "1300 W Country Club Rd", "city": "Roswell", "st": "NM", "zip": "88201", "office_type": "Branch" }, "geometry": { "type": "Point", "coordinates": [ -104.54107, 33.42253 ] } },
{ "type": "Feature", "properties": { "organization": "American AgCredit", "address": "323 S Second St", "city": "Tucumcari", "st": "NM", "zip": "88401", "office_type": "Branch" }, "geometry": { "type": "Point", "coordinates": [ -103.72639, 35.1762 ] } },
{ "type": "Feature", "properties": { "organization": "Farm Credit East", "address": "7397 NY Route 80", "city": "Cooperstown", "st": "NY", "zip": "13326", "office_type": "Branch" }, "geometry": { "type": "Point", "coordinates": [ -74.93227, 42.69643 ] } },
{ "type": "Feature", "properties": { "organization": "Farm Credit East", "address": "1 Technology Place", "city": "Homer", "st": "NY", "zip": "13077", "office_type": "Branch" }, "geometry": { "type": "Point", "coordinates": [ -76.19226, 42.62992 ] } },
{ "type": "Feature", "properties": { "organization": "Farm Credit East", "address": "1450 NY Route 14", "city": "Phelps", "st": "NY", "zip": "14532", "office_type": "Branch" }, "geometry": { "type": "Point", "coordinates": [ -76.97487, 42.692 ] } },
{ "type": "Feature", "properties": { "organization": "Farm Credit East", "address": "1155 Airport Road", "city": "Hornell", "st": "NY", "zip": "14843", "office_type": "Branch" }, "geometry": { "type": "Point", "coordinates": [ -77.676367, 42.379291 ] } },
{ "type": "Feature", "properties": { "organization": "Farm Credit East", "address": "28 E Chautauqua St", "city": "Mayville", "st": "NY", "zip": "14757", "office_type": "Branch" }, "geometry": { "type": "Point", "coordinates": [ -79.503339, 42.256051 ] } },
{ "type": "Feature", "properties": { "organization": "Farm Credit East", "address": "1281 NY Route 58", "city": "Riverhead", "st": "NY", "zip": "11901", "office_type": "Branch" }, "geometry": { "type": "Point", "coordinates": [ -72.680632, 40.920632 ] } },
{ "type": "Feature", "properties": { "organization": "Farm Credit East", "address": "130 Upper Weldon St", "city": "St Albans", "st": "VT", "zip": "05478", "office_type": "Branch" }, "geometry": { "type": "Point", "coordinates": [ -73.07106, 44.802 ] } },
{ "type": "Feature", "properties": { "organization": "Farm Credit East", "address": "4363 Federal Drive", "city": "Batavia", "st": "NY", "zip": "14020", "office_type": "Branch" }, "geometry": { "type": "Point", "coordinates": [ -78.19344, 43.02147 ] } },
{ "type": "Feature", "properties": { "organization": "Farm Credit East", "address": "1 Pioneer Drive", "city": "Potsdam", "st": "NY", "zip": "13676", "office_type": "Branch" }, "geometry": { "type": "Point", "coordinates": [ -74.96443, 44.67047 ] } },
{ "type": "Feature", "properties": { "organization": "Farm Credit East", "address": "320 Exchange St", "city": "Middlebury", "st": "VT", "zip": "05753", "office_type": "Branch" }, "geometry": { "type": "Point", "coordinates": [ -73.16945, 44.02309 ] } },
{ "type": "Feature", "properties": { "organization": "Farm Credit East", "address": "25417 NY Route 12", "city": "Watertown", "st": "NY", "zip": "13601", "office_type": "Branch" }, "geometry": { "type": "Point", "coordinates": [ -75.864031, 43.933458 ] } },
{ "type": "Feature", "properties": { "organization": "Farm Credit East", "address": "394 NY Route 29", "city": "Greenwich", "st": "NY", "zip": "12834", "office_type": "Branch" }, "geometry": { "type": "Point", "coordinates": [ -73.43456, 43.10286 ] } },
{ "type": "Feature", "properties": { "organization": "AgSouth Farm Credit", "address": "620 N First St", "city": "Albemarle", "st": "NC", "zip": "28001", "office_type": "Branch" }, "geometry": { "type": "Point", "coordinates": [ -80.19885, 35.35991 ] } },
{ "type": "Feature", "properties": { "organization": "AgSouth Farm Credit", "address": "2186 US Highway 220 North", "city": "Ellerbe", "st": "NC", "zip": "28338", "office_type": "Branch" }, "geometry": { "type": "Point", "coordinates": [ -79.762925, 35.080235 ] } },
{ "type": "Feature", "properties": { "organization": "AgSouth Farm Credit", "address": "225 N Main St", "city": "Graham", "st": "NC", "zip": "27253", "office_type": "Branch" }, "geometry": { "type": "Point", "coordinates": [ -79.399886, 36.072021 ] } },
{ "type": "Feature", "properties": { "organization": "AgSouth Farm Credit", "address": "545 E Main St", "city": "Jefferson", "st": "NC", "zip": "28640", "office_type": "Branch" }, "geometry": { "type": "Point", "coordinates": [ -81.46554, 36.42094 ] } },
{ "type": "Feature", "properties": { "organization": "AgSouth Farm Credit", "address": "282 N Main St", "city": "Sparta", "st": "NC", "zip": "28675", "office_type": "Branch" }, "geometry": { "type": "Point", "coordinates": [ -81.12438, 36.508255 ] } },
{ "type": "Feature", "properties": { "organization": "AgSouth Farm Credit", "address": "1218 NC Hwy 90 West", "city": "Taylorsville", "st": "NC", "zip": "28681", "office_type": "Branch" }, "geometry": { "type": "Point", "coordinates": [ -81.19717, 35.92326 ] } },
{ "type": "Feature", "properties": { "organization": "AgCarolina Farm Credit", "address": "408 North Carolina 561 West", "city": "Ahoskie", "st": "NC", "zip": "27910", "office_type": "Branch" }, "geometry": { "type": "Point", "coordinates": [ -76.99049, 36.290298 ] } },
{ "type": "Feature", "properties": { "organization": "AgSouth Farm Credit", "address": "701 Brevard Rd", "city": "Asheville", "st": "NC", "zip": "28806", "office_type": "Branch" }, "geometry": { "type": "Point", "coordinates": [ -82.597736, 35.54141 ] } },
{ "type": "Feature", "properties": { "organization": "AgSouth Farm Credit", "address": "1109 Conover Blvd E", "city": "Conover", "st": "NC", "zip": "28613", "office_type": "Branch" }, "geometry": { "type": "Point", "coordinates": [ -81.20358, 35.70319 ] } },
{ "type": "Feature", "properties": { "organization": "AgCarolina Farm Credit", "address": "108 N Poplar St", "city": "Elizabethtown", "st": "NC", "zip": "28337", "office_type": "Branch" }, "geometry": { "type": "Point", "coordinates": [ -78.60484, 34.6296 ] } },
{ "type": "Feature", "properties": { "organization": "AgCarolina Farm Credit", "address": "300 Liberty St", "city": "Whiteville", "st": "NC", "zip": "28472", "office_type": "Branch" }, "geometry": { "type": "Point", "coordinates": [ -78.709874, 34.345784 ] } },
{ "type": "Feature", "properties": { "organization": "AgCarolina Farm Credit", "address": "1105 Garrett Rd.", "city": "Williamston", "st": "NC", "zip": "27892", "office_type": "Branch" }, "geometry": { "type": "Point", "coordinates": [ -77.06867, 35.8335 ] } },
{ "type": "Feature", "properties": { "organization": "AgCarolina Farm Credit", "address": "101 Impact Blvd.", "city": "Elizabeth City", "st": "NC", "zip": "27909", "office_type": "Branch" }, "geometry": { "type": "Point", "coordinates": [ -76.305578, 36.261995 ] } },
{ "type": "Feature", "properties": { "organization": "AgCarolina Farm Credit", "address": "1309 S. Glenburnie Rd.", "city": "New Bern", "st": "NC", "zip": "28561", "office_type": "Branch" }, "geometry": { "type": "Point", "coordinates": [ -77.088928, 35.120448 ] } },
{ "type": "Feature", "properties": { "organization": "AgSouth Farm Credit", "address": "607 Leasburg Rd", "city": "Roxboro", "st": "NC", "zip": "27573", "office_type": "Branch" }, "geometry": { "type": "Point", "coordinates": [ -78.999235, 36.391026 ] } },
{ "type": "Feature", "properties": { "organization": "AgSouth Farm Credit", "address": "105 Hiwassee St", "city": "Murphy", "st": "NC", "zip": "28906", "office_type": "Branch" }, "geometry": { "type": "Point", "coordinates": [ -84.035739, 35.086632 ] } },
{ "type": "Feature", "properties": { "organization": "AgSouth Farm Credit", "address": "1216 Fallston Rd", "city": "Shelby", "st": "NC", "zip": "28150", "office_type": "Branch" }, "geometry": { "type": "Point", "coordinates": [ -81.520582, 35.31482 ] } },
{ "type": "Feature", "properties": { "organization": "AgSouth Farm Credit", "address": "110 E Beaver St", "city": "Siler City", "st": "NC", "zip": "27344", "office_type": "Branch" }, "geometry": { "type": "Point", "coordinates": [ -79.461765, 35.721997 ] } },
{ "type": "Feature", "properties": { "organization": "AgSouth Farm Credit", "address": "1001 S State St", "city": "Yadkinville", "st": "NC", "zip": "27055", "office_type": "Branch" }, "geometry": { "type": "Point", "coordinates": [ -80.65948, 36.11583 ] } },
{ "type": "Feature", "properties": { "organization": "AgCarolina Farm Credit", "address": "127 Beasley Street", "city": "Kenansville", "st": "NC", "zip": "28349", "office_type": "Branch" }, "geometry": { "type": "Point", "coordinates": [ -77.95848, 34.96467 ] } },
{ "type": "Feature", "properties": { "organization": "AgSouth Farm Credit", "address": "813 W Hwy 150", "city": "Lincolnton", "st": "NC", "zip": "28092", "office_type": "Branch" }, "geometry": { "type": "Point", "coordinates": [ -81.269652, 35.46358 ] } },
{ "type": "Feature", "properties": { "organization": "AgCarolina Farm Credit", "address": "222 N. Bickett Blvd.", "city": "Louisburg", "st": "NC", "zip": "27549", "office_type": "Branch" }, "geometry": { "type": "Point", "coordinates": [ -78.293714, 36.100722 ] } },
{ "type": "Feature", "properties": { "organization": "AgCarolina Farm Credit", "address": "2472 Woodruff Rd.", "city": "Rocky Mount", "st": "NC", "zip": "27804", "office_type": "Branch" }, "geometry": { "type": "Point", "coordinates": [ -77.838739, 35.997178 ] } },
{ "type": "Feature", "properties": { "organization": "AgSouth Farm Credit", "address": "340 Bethania Rural Hall Rd", "city": "Rural Hall", "st": "NC", "zip": "27045", "office_type": "Branch" }, "geometry": { "type": "Point", "coordinates": [ -80.29809, 36.23971 ] } },
{ "type": "Feature", "properties": { "organization": "AgSouth Farm Credit", "address": "4960 Oldway Rd", "city": "Browns Summit", "st": "NC", "zip": "27214", "office_type": "Branch" }, "geometry": { "type": "Point", "coordinates": [ -79.68144, 36.21544 ] } },
{ "type": "Feature", "properties": { "organization": "AgCarolina Farm Credit", "address": "636 Rock Spring RD", "city": "Greenville", "st": "NC", "zip": "27834", "office_type": "Branch" }, "geometry": { "type": "Point", "coordinates": [ -77.44017, 35.63004 ] } },
{ "type": "Feature", "properties": { "organization": "AgCarolina Farm Credit", "address": "419 S. King St.", "city": "Halifax", "st": "NC", "zip": "27839", "office_type": "Branch" }, "geometry": { "type": "Point", "coordinates": [ -77.5926, 36.32108 ] } },
{ "type": "Feature", "properties": { "organization": "AgCarolina Farm Credit", "address": "400 W Broad Street", "city": "Dunn", "st": "NC", "zip": "28334", "office_type": "Branch" }, "geometry": { "type": "Point", "coordinates": [ -78.613633, 35.310516 ] } },
{ "type": "Feature", "properties": { "organization": "AgCarolina Farm Credit", "address": "331 S Main St", "city": "Raeford", "st": "NC", "zip": "28376", "office_type": "Branch" }, "geometry": { "type": "Point", "coordinates": [ -79.223471, 34.973823 ] } },
{ "type": "Feature", "properties": { "organization": "AgCarolina Farm Credit", "address": "13191 US Hwy 264", "city": "Swan Quarter", "st": "NC", "zip": "27885", "office_type": "Branch" }, "geometry": { "type": "Point", "coordinates": [ -76.325309, 35.42494 ] } },
{ "type": "Feature", "properties": { "organization": "AgSouth Farm Credit", "address": "4444 US HWY 15-501", "city": "Carthage", "st": "NC", "zip": "28327", "office_type": "Branch" }, "geometry": { "type": "Point", "coordinates": [ -79.401362, 35.335837 ] } },
{ "type": "Feature", "properties": { "organization": "AgCarolina Farm Credit", "address": "7900 Hwy. 70 West", "city": "LaGrange", "st": "NC", "zip": "28551", "office_type": "Branch" }, "geometry": { "type": "Point", "coordinates": [ -77.75781, 35.28815 ] } },
{ "type": "Feature", "properties": { "organization": "AgCarolina Farm Credit", "address": "2850 US Hwy. 70 Bus. East", "city": "Smithfield", "st": "NC", "zip": "27577", "office_type": "Branch" }, "geometry": { "type": "Point", "coordinates": [ -78.30797, 35.49894 ] } },
{ "type": "Feature", "properties": { "organization": "AgSouth Farm Credit", "address": "1704 Wilkesboro Rd", "city": "Statesville", "st": "NC", "zip": "28625", "office_type": "Branch" }, "geometry": { "type": "Point", "coordinates": [ -80.91062, 35.80763 ] } },
{ "type": "Feature", "properties": { "organization": "AgSouth Farm Credit", "address": "502 W Main St", "city": "Burnsville", "st": "NC", "zip": "28714", "office_type": "Branch" }, "geometry": { "type": "Point", "coordinates": [ -82.304597, 35.916493 ] } },
{ "type": "Feature", "properties": { "organization": "AgSouth Farm Credit", "address": "2351 Concord Avenue", "city": "Monroe", "st": "NC", "zip": "28112", "office_type": "Branch" }, "geometry": { "type": "Point", "coordinates": [ -80.54392, 35.012828 ] } },
{ "type": "Feature", "properties": { "organization": "AgSouth Farm Credit", "address": "405 Oak St", "city": "Spindale", "st": "NC", "zip": "28160", "office_type": "Branch" }, "geometry": { "type": "Point", "coordinates": [ -81.93597, 35.35047 ] } },
{ "type": "Feature", "properties": { "organization": "AgCarolina Farm Credit", "address": "811 S Walker Street", "city": "Burgaw", "st": "NC", "zip": "28425", "office_type": "Branch" }, "geometry": { "type": "Point", "coordinates": [ -77.914809, 34.543653 ] } },
{ "type": "Feature", "properties": { "organization": "AgSouth Farm Credit", "address": "251 Rock Crusher Rd", "city": "Asheboro", "st": "NC", "zip": "27203", "office_type": "Branch" }, "geometry": { "type": "Point", "coordinates": [ -79.78491, 35.70682 ] } },
{ "type": "Feature", "properties": { "organization": "AgCarolina Farm Credit", "address": "1902 N Cedar St", "city": "Lumberton", "st": "NC", "zip": "28358", "office_type": "Branch" }, "geometry": { "type": "Point", "coordinates": [ -79.002761, 34.630552 ] } },
{ "type": "Feature", "properties": { "organization": "AgCarolina Farm Credit", "address": "1780 Southeast Blvd", "city": "Clinton", "st": "NC", "zip": "28328", "office_type": "Branch" }, "geometry": { "type": "Point", "coordinates": [ -78.304527, 34.981228 ] } },
{ "type": "Feature", "properties": { "organization": "AgSouth Farm Credit", "address": "698 S Key St", "city": "Pilot Mountain", "st": "NC", "zip": "27041", "office_type": "Branch" }, "geometry": { "type": "Point", "coordinates": [ -80.48378, 36.37671 ] } },
{ "type": "Feature", "properties": { "organization": "AgCarolina Farm Credit", "address": "4000 Poole Rd.", "city": "Raleigh", "st": "NC", "zip": "27610", "office_type": "Branch" }, "geometry": { "type": "Point", "coordinates": [ -78.56969, 35.767347 ] } },
{ "type": "Feature", "properties": { "organization": "AgSouth Farm Credit", "address": "902 Curtis Bridge Rd", "city": "Wilkesboro", "st": "NC", "zip": "28697", "office_type": "Branch" }, "geometry": { "type": "Point", "coordinates": [ -81.166315, 36.145846 ] } },
{ "type": "Feature", "properties": { "organization": "AgCountry Farm Credit Services", "address": "1308 Highway 5 NE", "city": "Bottineau", "st": "ND", "zip": "58318", "office_type": "Branch" }, "geometry": { "type": "Point", "coordinates": [ -100.423391, 48.819768 ] } },
{ "type": "Feature", "properties": { "organization": "Farm Credit Services of Mandan", "address": "107 Hwy 12 West", "city": "Bowman", "st": "ND", "zip": "58623", "office_type": "Branch" }, "geometry": { "type": "Point", "coordinates": [ -103.397241, 46.175999 ] } },
{ "type": "Feature", "properties": { "organization": "Farm Credit Services of Mandan", "address": "1300 Roughrider Blvd", "city": "Dickinson", "st": "ND", "zip": "58601", "office_type": "Branch" }, "geometry": { "type": "Point", "coordinates": [ -102.835228, 46.896091 ] } },
{ "type": "Feature", "properties": { "organization": "AgCountry Farm Credit Services", "address": "1650 9th Ave SE", "city": "Rugby", "st": "ND", "zip": "58368", "office_type": "Branch" }, "geometry": { "type": "Point", "coordinates": [ -100.009573, 48.36811 ] } },
{ "type": "Feature", "properties": { "organization": "AgCountry Farm Credit Services", "address": "220 Winter Show Road SW", "city": "Valley City", "st": "ND", "zip": "58072", "office_type": "Branch" }, "geometry": { "type": "Point", "coordinates": [ -98.005034, 46.91476 ] } },
{ "type": "Feature", "properties": { "organization": "AgCountry Farm Credit Services", "address": "200 1st Street SW", "city": "LaMoure", "st": "ND", "zip": "58458", "office_type": "Branch" }, "geometry": { "type": "Point", "coordinates": [ -98.296381, 46.355948 ] } },
{ "type": "Feature", "properties": { "organization": "Farm Credit Services of Mandan", "address": "1600 Old Red Trail", "city": "Mandan", "st": "ND", "zip": "58554", "office_type": "Branch" }, "geometry": { "type": "Point", "coordinates": [ -100.911842, 46.84881 ] } },
{ "type": "Feature", "properties": { "organization": "AgCountry Farm Credit Services", "address": "1400 31st Ave SW", "city": "Minot", "st": "ND", "zip": "58702", "office_type": "Branch" }, "geometry": { "type": "Point", "coordinates": [ -101.3141, 48.20398 ] } },
{ "type": "Feature", "properties": { "organization": "AgCountry Farm Credit Services", "address": "1802 13th Ave W", "city": "Williston", "st": "ND", "zip": "58801", "office_type": "Branch" }, "geometry": { "type": "Point", "coordinates": [ -103.64155, 48.162829 ] } },
{ "type": "Feature", "properties": { "organization": "AgCountry Farm Credit Services", "address": "385 Highway 281 NE", "city": "Carrington", "st": "ND", "zip": "58421", "office_type": "Branch" }, "geometry": { "type": "Point", "coordinates": [ -99.117421, 47.467391 ] } },
{ "type": "Feature", "properties": { "organization": "AgCountry Farm Credit Services", "address": "4350 32nd Avenue South", "city": "Grand Forks", "st": "ND", "zip": "58208", "office_type": "Branch" }, "geometry": { "type": "Point", "coordinates": [ -97.09108, 47.890507 ] } },
{ "type": "Feature", "properties": { "organization": "Farm Credit Services of Mandan", "address": "1207 Beaver Avenue", "city": "Wishek", "st": "ND", "zip": "58495", "office_type": "Branch" }, "geometry": { "type": "Point", "coordinates": [ -99.549004, 46.259144 ] } },
{ "type": "Feature", "properties": { "organization": "Farm Credit Services of Mandan", "address": "108 First Ave East", "city": "Carson", "st": "ND", "zip": "58529", "office_type": "Branch" }, "geometry": { "type": "Point", "coordinates": [ -101.56352, 46.420854 ] } },
{ "type": "Feature", "properties": { "organization": "Farm Credit Services of Mandan", "address": "213 Hwy 49 North", "city": "Beulah", "st": "ND", "zip": "58523", "office_type": "Branch" }, "geometry": { "type": "Point", "coordinates": [ -101.785671, 47.264185 ] } },
{ "type": "Feature", "properties": { "organization": "Farm Credit Services of Mandan", "address": "1157 Border Lane", "city": "Washburn", "st": "ND", "zip": "58577", "office_type": "Branch" }, "geometry": { "type": "Point", "coordinates": [ -101.02596, 47.29584 ] } },
{ "type": "Feature", "properties": { "organization": "AgCountry Farm Credit Services", "address": "300 Main Street West", "city": "Cavalier", "st": "ND", "zip": "58220", "office_type": "Branch" }, "geometry": { "type": "Point", "coordinates": [ -97.62588, 48.794182 ] } },
{ "type": "Feature", "properties": { "organization": "AgCountry Farm Credit Services", "address": "707 Hwy 2 East", "city": "Devils Lake", "st": "ND", "zip": "58301", "office_type": "Branch" }, "geometry": { "type": "Point", "coordinates": [ -98.855208, 48.101309 ] } },
{ "type": "Feature", "properties": { "organization": "AgCountry Farm Credit Services", "address": "604 Main Street", "city": "Lisbon", "st": "ND", "zip": "58054", "office_type": "Branch" }, "geometry": { "type": "Point", "coordinates": [ -97.68164, 46.44031 ] } },
{ "type": "Feature", "properties": { "organization": "AgCountry Farm Credit Services", "address": "2506 3rd Ave SW", "city": "Jamestown", "st": "ND", "zip": "58401", "office_type": "Branch" }, "geometry": { "type": "Point", "coordinates": [ -98.711431, 46.882022 ] } },
{ "type": "Feature", "properties": { "organization": "AgCountry Farm Credit Services", "address": "1005 Hill Ave", "city": "Grafton", "st": "ND", "zip": "58237", "office_type": "Branch" }, "geometry": { "type": "Point", "coordinates": [ -97.41167, 48.414269 ] } },
{ "type": "Feature", "properties": { "organization": "AgCountry Farm Credit Services", "address": "802 W Caledonia Ave", "city": "Hillsboro", "st": "ND", "zip": "58045", "office_type": "Branch" }, "geometry": { "type": "Point", "coordinates": [ -97.070486, 47.402904 ] } },
{ "type": "Feature", "properties": { "organization": "Farm Credit Mid-America", "address": "2368 Blizzard Lane", "city": "Albany", "st": "OH", "zip": "45710", "office_type": "Branch" }, "geometry": { "type": "Point", "coordinates": [ -82.19404, 39.23403 ] } },
{ "type": "Feature", "properties": { "organization": "Farm Credit Mid-America", "address": "1625 E 5th St", "city": "Delphos", "st": "OH", "zip": "45833", "office_type": "Branch" }, "geometry": { "type": "Point", "coordinates": [ -84.320596, 40.84622 ] } },
{ "type": "Feature", "properties": { "organization": "Farm Credit Mid-America", "address": "875 N Lexington-Springmill Rd", "city": "Mansfield", "st": "OH", "zip": "44906", "office_type": "Branch" }, "geometry": { "type": "Point", "coordinates": [ -82.59102, 40.77624 ] } },
{ "type": "Feature", "properties": { "organization": "Farm Credit Mid-America", "address": "100 Grieshop Street", "city": "Mt. Orab", "st": "OH", "zip": "45154", "office_type": "Branch" }, "geometry": { "type": "Point", "coordinates": [ -83.91873, 39.04371 ] } },
{ "type": "Feature", "properties": { "organization": "Farm Credit Mid-America", "address": "300 N Maple St", "city": "Orwell", "st": "OH", "zip": "44076", "office_type": "Branch" }, "geometry": { "type": "Point", "coordinates": [ -80.867037, 41.54326 ] } },
{ "type": "Feature", "properties": { "organization": "Farm Credit Mid-America", "address": "1980 W Main Street", "city": "Alliance", "st": "OH", "zip": "44601", "office_type": "Branch" }, "geometry": { "type": "Point", "coordinates": [ -81.137459, 40.918718 ] } },
{ "type": "Feature", "properties": { "organization": "Farm Credit Mid-America", "address": "8971 Whitaker Rd", "city": "Cambridge", "st": "OH", "zip": "43725", "office_type": "Branch" }, "geometry": { "type": "Point", "coordinates": [ -81.57511, 39.98671 ] } },
{ "type": "Feature", "properties": { "organization": "Farm Credit Mid-America", "address": "312 Eaton Lewisburg Rd", "city": "Eaton", "st": "OH", "zip": "45320", "office_type": "Branch" }, "geometry": { "type": "Point", "coordinates": [ -84.63219, 39.76264 ] } },
{ "type": "Feature", "properties": { "organization": "Farm Credit Mid-America", "address": "2241 Troy Rd", "city": "Springfield", "st": "OH", "zip": "45504", "office_type": "Branch" }, "geometry": { "type": "Point", "coordinates": [ -83.865501, 39.961084 ] } },
{ "type": "Feature", "properties": { "organization": "Ag Credit", "address": "3113 SR 98", "city": "Bucyrus", "st": "OH", "zip": "44820", "office_type": "Branch" }, "geometry": { "type": "Point", "coordinates": [ -82.96289, 40.81991 ] } },
{ "type": "Feature", "properties": { "organization": "Farm Credit Mid-America", "address": "1540 US Hwy 62 SW", "city": "Washington Court House", "st": "OH", "zip": "43160", "office_type": "Branch" }, "geometry": { "type": "Point", "coordinates": [ -83.463651, 39.522373 ] } },
{ "type": "Feature", "properties": { "organization": "Farm Credit Mid-America", "address": "23052 St Rt 34", "city": "Stryker", "st": "OH", "zip": "43557", "office_type": "Branch" }, "geometry": { "type": "Point", "coordinates": [ -84.388523, 41.472705 ] } },
{ "type": "Feature", "properties": { "organization": "Ag Credit", "address": "735 A US Highway 20 East", "city": "Norwalk", "st": "OH", "zip": "44857", "office_type": "Branch" }, "geometry": { "type": "Point", "coordinates": [ -82.61498, 41.241638 ] } },
{ "type": "Feature", "properties": { "organization": "Farm Credit Mid-America", "address": "3910 Johnsontown-Utica Rd NE", "city": "Utica", "st": "OH", "zip": "43080", "office_type": "Branch" }, "geometry": { "type": "Point", "coordinates": [ -82.424159, 40.243435 ] } },
{ "type": "Feature", "properties": { "organization": "Farm Credit Mid-America", "address": "10539 Kley Rd", "city": "Versailles", "st": "OH", "zip": "45380", "office_type": "Branch" }, "geometry": { "type": "Point", "coordinates": [ -84.464598, 40.224107 ] } },
{ "type": "Feature", "properties": { "organization": "Farm Credit Mid-America", "address": "1640 North Main St", "city": "Bellefontaine", "st": "OH", "zip": "43311", "office_type": "Branch" }, "geometry": { "type": "Point", "coordinates": [ -83.753151, 40.383921 ] } },
{ "type": "Feature", "properties": { "organization": "Ag Credit", "address": "7868 County Road 140", "city": "Findlay", "st": "OH", "zip": "45840", "office_type": "Branch" }, "geometry": { "type": "Point", "coordinates": [ -83.689501, 41.052573 ] } },
{ "type": "Feature", "properties": { "organization": "Ag Credit", "address": "PO Box 203", "city": "Kenton", "st": "OH", "zip": "43326", "office_type": "Branch" }, "geometry": { "type": "Point", "coordinates": [ -83.783036, 40.69133 ] } },
{ "type": "Feature", "properties": { "organization": "Ag Credit", "address": "1485 N Scott St", "city": "Napoleon", "st": "OH", "zip": "43545", "office_type": "Branch" }, "geometry": { "type": "Point", "coordinates": [ -84.132025, 41.400809 ] } },
{ "type": "Feature", "properties": { "organization": "Farm Credit Mid-America", "address": "28184 Scippo Creek Road", "city": "Circleville", "st": "OH", "zip": "43113", "office_type": "Branch" }, "geometry": { "type": "Point", "coordinates": [ -82.969569, 39.520821 ] } },
{ "type": "Feature", "properties": { "organization": "Farm Credit Mid-America", "address": "382 W Liberty St", "city": "Wooster", "st": "OH", "zip": "44691", "office_type": "Branch" }, "geometry": { "type": "Point", "coordinates": [ -81.945475, 40.797166 ] } },
{ "type": "Feature", "properties": { "organization": "Ag Credit", "address": "111 E Gypsy Lane Rd", "city": "Bowling Green", "st": "OH", "zip": "43402", "office_type": "Branch" }, "geometry": { "type": "Point", "coordinates": [ -83.649111, 41.35689 ] } },
{ "type": "Feature", "properties": { "organization": "Ag Credit", "address": "104 Pinnacle Drive", "city": "Fremont", "st": "OH", "zip": "43420", "office_type": "Branch" }, "geometry": { "type": "Point", "coordinates": [ -83.08651, 41.36547 ] } },
{ "type": "Feature", "properties": { "organization": "Ag Credit", "address": "311 Maple St.", "city": "Wellington", "st": "OH", "zip": "44090", "office_type": "Branch" }, "geometry": { "type": "Point", "coordinates": [ -82.209143, 41.179824 ] } },
{ "type": "Feature", "properties": { "organization": "Farm Credit Mid-America", "address": "1225 Irmscher Blvd", "city": "Celina", "st": "OH", "zip": "45822", "office_type": "Branch" }, "geometry": { "type": "Point", "coordinates": [ -84.539769, 40.560693 ] } },
{ "type": "Feature", "properties": { "organization": "Ag Credit", "address": "1100 E Center St", "city": "Marion", "st": "OH", "zip": "43302", "office_type": "Branch" }, "geometry": { "type": "Point", "coordinates": [ -83.101909, 40.590217 ] } },
{ "type": "Feature", "properties": { "organization": "Ag Credit", "address": "5362 US Highway 42", "city": "Mount Gilead", "st": "OH", "zip": "43338", "office_type": "Branch" }, "geometry": { "type": "Point", "coordinates": [ -82.831659, 40.536731 ] } },
{ "type": "Feature", "properties": { "organization": "Ag Credit", "address": "839 N Williams ST", "city": "Paulding", "st": "OH", "zip": "45879", "office_type": "Branch" }, "geometry": { "type": "Point", "coordinates": [ -84.580273, 41.14756 ] } },
{ "type": "Feature", "properties": { "organization": "Ag Credit", "address": "1195 Professional Dr", "city": "Van Wert", "st": "OH", "zip": "45891", "office_type": "Branch" }, "geometry": { "type": "Point", "coordinates": [ -84.5928, 40.85209 ] } },
{ "type": "Feature", "properties": { "organization": "Ag Credit", "address": "315 W Williamstown RD", "city": "Ottawa", "st": "OH", "zip": "45875", "office_type": "Branch" }, "geometry": { "type": "Point", "coordinates": [ -84.050638, 41.011021 ] } },
{ "type": "Feature", "properties": { "organization": "Ag Credit", "address": "2500 W Market ST", "city": "Tiffin", "st": "OH", "zip": "44883", "office_type": "Branch" }, "geometry": { "type": "Point", "coordinates": [ -83.21903, 41.10828 ] } },
{ "type": "Feature", "properties": { "organization": "Ag Credit", "address": "97 Houpt Dr", "city": "Upper Sandusky", "st": "OH", "zip": "43351", "office_type": "Branch" }, "geometry": { "type": "Point", "coordinates": [ -83.28165, 40.839551 ] } },
{ "type": "Feature", "properties": { "organization": "Oklahoma AgCredit", "address": "2801 W University Blvd", "city": "Durant", "st": "OK", "zip": "74701", "office_type": "Branch" }, "geometry": { "type": "Point", "coordinates": [ -96.405338, 34.004909 ] } },
{ "type": "Feature", "properties": { "organization": "Farm Credit of Western Oklahoma", "address": "101 Carter Road", "city": "Elk City", "st": "OK", "zip": "73644", "office_type": "Branch" }, "geometry": { "type": "Point", "coordinates": [ -99.40046, 35.38547 ] } },
{ "type": "Feature", "properties": { "organization": "Oklahoma AgCredit", "address": "805 Chisholm Trail", "city": "Enid", "st": "OK", "zip": "73702", "office_type": "Branch" }, "geometry": { "type": "Point", "coordinates": [ -97.88842, 36.43054 ] } },
{ "type": "Feature", "properties": { "organization": "Farm Credit of Western Oklahoma", "address": "2143 Hwy 64 North", "city": "Guymon", "st": "OK", "zip": "73942", "office_type": "Branch" }, "geometry": { "type": "Point", "coordinates": [ -101.483951, 36.702721 ] } },
{ "type": "Feature", "properties": { "organization": "Oklahoma AgCredit", "address": "17765 U. S. Hwy 81", "city": "Kingfisher", "st": "OK", "zip": "73750", "office_type": "Branch" }, "geometry": { "type": "Point", "coordinates": [ -97.887667, 36.19632 ] } },
{ "type": "Feature", "properties": { "organization": "Oklahoma AgCredit", "address": "2810 W. Shawnee Bypass", "city": "Muskogee", "st": "OK", "zip": "74401", "office_type": "Branch" }, "geometry": { "type": "Point", "coordinates": [ -95.39738, 35.77055 ] } },
{ "type": "Feature", "properties": { "organization": "Oklahoma AgCredit", "address": "1420 N. Clarence Nash Blvd", "city": "Watonga", "st": "OK", "zip": "73772", "office_type": "Branch" }, "geometry": { "type": "Point", "coordinates": [ -98.418775, 35.858934 ] } },
{ "type": "Feature", "properties": { "organization": "Farm Credit of Western Oklahoma", "address": "513 S. Mission", "city": "Anadarko", "st": "OK", "zip": "73005", "office_type": "Branch" }, "geometry": { "type": "Point", "coordinates": [ -98.251327, 35.069223 ] } },
{ "type": "Feature", "properties": { "organization": "Oklahoma AgCredit", "address": "2507 North Rockford Rd", "city": "Ardmore", "st": "OK", "zip": "73401", "office_type": "Branch" }, "geometry": { "type": "Point", "coordinates": [ -97.161145, 34.199968 ] } },
{ "type": "Feature", "properties": { "organization": "Oklahoma AgCredit", "address": "1027 W. Choctaw", "city": "Chickasha", "st": "OK", "zip": "73018", "office_type": "Branch" }, "geometry": { "type": "Point", "coordinates": [ -97.946485, 35.05209 ] } },
{ "type": "Feature", "properties": { "organization": "Oklahoma AgCredit", "address": "2108 SE Washington", "city": "Idabel", "st": "OK", "zip": "74745", "office_type": "Branch" }, "geometry": { "type": "Point", "coordinates": [ -94.79781, 33.89514 ] } },
{ "type": "Feature", "properties": { "organization": "Farm Credit of Western Oklahoma", "address": "3120 N Main ST", "city": "Altus", "st": "OK", "zip": "73521", "office_type": "Branch" }, "geometry": { "type": "Point", "coordinates": [ -99.333305, 34.669732 ] } },
{ "type": "Feature", "properties": { "organization": "Oklahoma AgCredit", "address": "1902 S. Hwy 81", "city": "Duncan", "st": "OK", "zip": "73533", "office_type": "Branch" }, "geometry": { "type": "Point", "coordinates": [ -97.965672, 34.482924 ] } },
{ "type": "Feature", "properties": { "organization": "Oklahoma AgCredit", "address": "2801 N. Kickapoo, Suite B", "city": "Shawnee", "st": "OK", "zip": "74802", "office_type": "Branch" }, "geometry": { "type": "Point", "coordinates": [ -96.92948, 35.363 ] } },
{ "type": "Feature", "properties": { "organization": "Farm Credit of Western Oklahoma", "address": "4955 Farm Credit Drive", "city": "Tuttle", "st": "OK", "zip": "73089", "office_type": "Branch" }, "geometry": { "type": "Point", "coordinates": [ -97.809913, 35.290828 ] } },
{ "type": "Feature", "properties": { "organization": "Oklahoma AgCredit", "address": "265 W. Dwain Willis Ave", "city": "Vinita", "st": "OK", "zip": "74301", "office_type": "Branch" }, "geometry": { "type": "Point", "coordinates": [ -95.164436, 36.626265 ] } },
{ "type": "Feature", "properties": { "organization": "Oklahoma AgCredit", "address": "601 E. Kenosha St.", "city": "Broken Arrow", "st": "OK", "zip": "74012", "office_type": "Branch" }, "geometry": { "type": "Point", "coordinates": [ -95.783646, 36.060444 ] } },
{ "type": "Feature", "properties": { "organization": "Farm Credit of Western Oklahoma", "address": "2600 Modelle", "city": "Clinton", "st": "OK", "zip": "73601", "office_type": "Branch" }, "geometry": { "type": "Point", "coordinates": [ -98.967574, 35.508649 ] } },
{ "type": "Feature", "properties": { "organization": "Oklahoma AgCredit", "address": "519 E 32nd Ave", "city": "Stillwater", "st": "OK", "zip": "74074", "office_type": "Branch" }, "geometry": { "type": "Point", "coordinates": [ -97.05259, 36.08679 ] } },
{ "type": "Feature", "properties": { "organization": "Farm Credit of Western Oklahoma", "address": "3302 Williams Ave", "city": "Woodward", "st": "OK", "zip": "73801", "office_type": "Branch" }, "geometry": { "type": "Point", "coordinates": [ -99.378833, 36.412985 ] } },
{ "type": "Feature", "properties": { "organization": "Farm Credit of Western Oklahoma", "address": "219 Oklahoma Blvd", "city": "Alva", "st": "OK", "zip": "73717", "office_type": "Branch" }, "geometry": { "type": "Point", "coordinates": [ -98.661293, 36.797222 ] } },
{ "type": "Feature", "properties": { "organization": "Oklahoma AgCredit", "address": "509 W. Paul", "city": "Pauls Valley", "st": "OK", "zip": "73075", "office_type": "Branch" }, "geometry": { "type": "Point", "coordinates": [ -97.224443, 34.737585 ] } },
{ "type": "Feature", "properties": { "organization": "Oklahoma AgCredit", "address": "1104 S. George Nigh Expressway", "city": "McAlester", "st": "OK", "zip": "74501", "office_type": "Branch" }, "geometry": { "type": "Point", "coordinates": [ -95.758742, 34.897512 ] } },
{ "type": "Feature", "properties": { "organization": "Oklahoma AgCredit", "address": "536 Leahy Ave", "city": "Pawhuska", "st": "OK", "zip": "74056", "office_type": "Branch" }, "geometry": { "type": "Point", "coordinates": [ -96.337615, 36.663624 ] } },
{ "type": "Feature", "properties": { "organization": "Oklahoma AgCredit", "address": "28824 State Hwy 112", "city": "Poteau", "st": "OK", "zip": "74953", "office_type": "Branch" }, "geometry": { "type": "Point", "coordinates": [ -94.616399, 35.105028 ] } },
{ "type": "Feature", "properties": { "organization": "AgWest Farm Credit", "address": "3370 10th St", "city": "Baker City", "st": "OR", "zip": "97814", "office_type": "Branch" }, "geometry": { "type": "Point", "coordinates": [ -117.840171, 44.789746 ] } },
{ "type": "Feature", "properties": { "organization": "AgWest Farm Credit", "address": "15220 NW Greenbrier Parkway, Suite 105", "city": "Beaverton", "st": "OR", "zip": "97006", "office_type": "Branch" }, "geometry": { "type": "Point", "coordinates": [ -122.832275, 45.525641 ] } },
{ "type": "Feature", "properties": { "organization": "AgWest Farm Credit", "address": "94482 Highway 99 E", "city": "Junction City ", "st": "OR", "zip": "97448", "office_type": "Branch" }, "geometry": { "type": "Point", "coordinates": [ -123.20531, 44.23062 ] } },
{ "type": "Feature", "properties": { "organization": "AgWest Farm Credit", "address": "2222 NW Kline St", "city": "Roseburg", "st": "OR", "zip": "97471", "office_type": "Branch" }, "geometry": { "type": "Point", "coordinates": [ -123.37986, 43.23402 ] } },
{ "type": "Feature", "properties": { "organization": "AgWest Farm Credit", "address": "12 SW Nye Ave", "city": "Pendleton", "st": "OR", "zip": "97801", "office_type": "Branch" }, "geometry": { "type": "Point", "coordinates": [ -118.780655, 45.661222 ] } },
{ "type": "Feature", "properties": { "organization": "AgWest Farm Credit", "address": "2950 SW 6th Street", "city": "Redmond", "st": "OR", "zip": "97756", "office_type": "Branch" }, "geometry": { "type": "Point", "coordinates": [ -121.173364, 44.24934 ] } },
{ "type": "Feature", "properties": { "organization": "AgWest Farm Credit", "address": "3591 Klindt Dr", "city": "The Dalles", "st": "OR", "zip": "97058", "office_type": "Branch" }, "geometry": { "type": "Point", "coordinates": [ -121.197508, 45.62481 ] } },
{ "type": "Feature", "properties": { "organization": "AgWest Farm Credit", "address": "380 Farm Credit Drive SE", "city": "Salem", "st": "OR", "zip": "97301", "office_type": "Branch" }, "geometry": { "type": "Point", "coordinates": [ -122.994904, 44.925095 ] } },
{ "type": "Feature", "properties": { "organization": "Horizon Farm Credit", "address": "610 Evans City Rd", "city": "Butler", "st": "PA", "zip": "16001", "office_type": "Branch" }, "geometry": { "type": "Point", "coordinates": [ -79.97413, 40.85844 ] } },
{ "type": "Feature", "properties": { "organization": "Horizon Farm Credit", "address": "2322 Curryville Road", "city": "Martinsburg", "st": "PA", "zip": "16662", "office_type": "Branch" }, "geometry": { "type": "Point", "coordinates": [ -78.32983, 40.2998 ] } },
{ "type": "Feature", "properties": { "organization": "Horizon Farm Credit", "address": "921 S Center Ave", "city": "Hunker", "st": "PA", "zip": "15639", "office_type": "Branch" }, "geometry": { "type": "Point", "coordinates": [ -79.594928, 40.195407 ] } },
{ "type": "Feature", "properties": { "organization": "Horizon Farm Credit", "address": "1513 Main St", "city": "Shoemakersville", "st": "PA", "zip": "19555", "office_type": "Branch" }, "geometry": { "type": "Point", "coordinates": [ -75.970919, 40.521413 ] } },
{ "type": "Feature", "properties": { "organization": "Horizon Farm Credit", "address": "1434 Seven Valleys Road", "city": "York", "st": "PA", "zip": "17408", "office_type": "Branch" }, "geometry": { "type": "Point", "coordinates": [ -76.78688, 39.88969 ] } },
{ "type": "Feature", "properties": { "organization": "Horizon Farm Credit", "address": "1 Buffalo Street", "city": "Coudersport", "st": "PA", "zip": "16915", "office_type": "Branch" }, "geometry": { "type": "Point", "coordinates": [ -77.984464, 41.772559 ] } },
{ "type": "Feature", "properties": { "organization": "Horizon Farm Credit", "address": "24668 US 6", "city": "Towanda", "st": "PA", "zip": "18848", "office_type": "Branch" }, "geometry": { "type": "Point", "coordinates": [ -76.46691, 41.79502 ] } },
{ "type": "Feature", "properties": { "organization": "Horizon Farm Credit", "address": "450 International DR", "city": "Lewisburg", "st": "PA", "zip": "17837", "office_type": "Branch" }, "geometry": { "type": "Point", "coordinates": [ -76.87599, 40.99126 ] } },
{ "type": "Feature", "properties": { "organization": "Horizon Farm Credit", "address": "45 Sheetz DR", "city": "Reedsville", "st": "PA", "zip": "17084", "office_type": "Branch" }, "geometry": { "type": "Point", "coordinates": [ -77.60894, 40.66762 ] } },
{ "type": "Feature", "properties": { "organization": "Horizon Farm Credit", "address": "109 Farm Credit Dr", "city": "Chambersburg", "st": "PA", "zip": "17202", "office_type": "Branch" }, "geometry": { "type": "Point", "coordinates": [ -77.616011, 39.985992 ] } },
{ "type": "Feature", "properties": { "organization": "Horizon Farm Credit", "address": "11555 State Hwy 98", "city": "Meadville", "st": "PA", "zip": "16335", "office_type": "Branch" }, "geometry": { "type": "Point", "coordinates": [ -80.20384, 41.62554 ] } },
{ "type": "Feature", "properties": { "organization": "Horizon Farm Credit", "address": "15 Eby Chiques RD", "city": "Mount Joy", "st": "PA", "zip": "17552", "office_type": "Branch" }, "geometry": { "type": "Point", "coordinates": [ -76.460127, 40.110508 ] } },
{ "type": "Feature", "properties": { "organization": "AgSouth Farm Credit", "address": "951 E Pine Log Rd", "city": "Aiken", "st": "SC", "zip": "29803", "office_type": "Branch" }, "geometry": { "type": "Point", "coordinates": [ -81.693993, 33.534841 ] } },
{ "type": "Feature", "properties": { "organization": "AgSouth Farm Credit", "address": "4930 Burtons Ferry Hwy", "city": "Allendale", "st": "SC", "zip": "29810", "office_type": "Branch" }, "geometry": { "type": "Point", "coordinates": [ -81.28873, 33.02466 ] } },
{ "type": "Feature", "properties": { "organization": "AgSouth Farm Credit", "address": "1325 Pearman Dairy Rd (28 Bypass)", "city": "Anderson", "st": "SC", "zip": "29625", "office_type": "Branch" }, "geometry": { "type": "Point", "coordinates": [ -82.693912, 34.523405 ] } },
{ "type": "Feature", "properties": { "organization": "AgSouth Farm Credit", "address": "306 Hillcrest Dr", "city": "Laurens", "st": "SC", "zip": "29360", "office_type": "Branch" }, "geometry": { "type": "Point", "coordinates": [ -82.01736, 34.50562 ] } },
{ "type": "Feature", "properties": { "organization": "AgSouth Farm Credit", "address": "1880 Joe S Jeffords Hwy", "city": "Orangeburg", "st": "SC", "zip": "29115", "office_type": "Branch" }, "geometry": { "type": "Point", "coordinates": [ -80.846618, 33.472989 ] } },
{ "type": "Feature", "properties": { "organization": "AgSouth Farm Credit", "address": "1321 Springdale Rd", "city": "Rock Hill", "st": "SC", "zip": "29730", "office_type": "Branch" }, "geometry": { "type": "Point", "coordinates": [ -80.964069, 34.938207 ] } },
{ "type": "Feature", "properties": { "organization": "AgSouth Farm Credit", "address": "101 North Town Drive", "city": "Spartanburg", "st": "SC", "zip": "29303", "office_type": "Branch" }, "geometry": { "type": "Point", "coordinates": [ -81.969862, 34.983695 ] } },
{ "type": "Feature", "properties": { "organization": "AgSouth Farm Credit", "address": "2630 Colonel Thomson Hwy", "city": "St Matthews", "st": "SC", "zip": "29135", "office_type": "Branch" }, "geometry": { "type": "Point", "coordinates": [ -80.76655, 33.67522 ] } },
{ "type": "Feature", "properties": { "organization": "AgSouth Farm Credit", "address": "702 Kate Lane", "city": "Summerville", "st": "SC", "zip": "29483", "office_type": "Branch" }, "geometry": { "type": "Point", "coordinates": [ -80.13481, 33.04205 ] } },
{ "type": "Feature", "properties": { "organization": "AgSouth Farm Credit", "address": "529 Bells Hwy", "city": "Walterboro", "st": "SC", "zip": "29488", "office_type": "Branch" }, "geometry": { "type": "Point", "coordinates": [ -80.674845, 32.916935 ] } },
{ "type": "Feature", "properties": { "organization": "ArborOne Farm Credit", "address": "800 Woody Jones Blvd.", "city": "Florence", "st": "SC", "zip": "29501", "office_type": "Branch" }, "geometry": { "type": "Point", "coordinates": [ -79.837317, 34.183558 ] } },
{ "type": "Feature", "properties": { "organization": "AgSouth Farm Credit", "address": "951 Hwy 1 South", "city": "Lugoff", "st": "SC", "zip": "29078", "office_type": "Branch" }, "geometry": { "type": "Point", "coordinates": [ -80.68145, 34.223512 ] } },
{ "type": "Feature", "properties": { "organization": "ArborOne Farm Credit", "address": "900-C Main St.", "city": "Conway", "st": "SC", "zip": "29526", "office_type": "Branch" }, "geometry": { "type": "Point", "coordinates": [ -79.05141, 33.843175 ] } },
{ "type": "Feature", "properties": { "organization": "AgSouth Farm Credit", "address": "109 East Church Street", "city": "Batesburg-Leesville", "st": "SC", "zip": "29070", "office_type": "Branch" }, "geometry": { "type": "Point", "coordinates": [ -81.528103, 33.914892 ] } },
{ "type": "Feature", "properties": { "organization": "Farm Credit Services of America", "address": "4835 6th Ave SE", "city": "Aberdeen", "st": "SD", "zip": "57401", "office_type": "Branch" }, "geometry": { "type": "Point", "coordinates": [ -98.41689, 45.46009 ] } },
{ "type": "Feature", "properties": { "organization": "Farm Credit Services of America", "address": "81 33rd ST SW", "city": "Huron", "st": "SD", "zip": "57350", "office_type": "Branch" }, "geometry": { "type": "Point", "coordinates": [ -98.216363, 44.328269 ] } },
{ "type": "Feature", "properties": { "organization": "Farm Credit Services of America", "address": "401 Cabela Dr", "city": "Mitchell", "st": "SD", "zip": "57301", "office_type": "Branch" }, "geometry": { "type": "Point", "coordinates": [ -98.0205, 43.69062 ] } },
{ "type": "Feature", "properties": { "organization": "Farm Credit Services of America", "address": "2505 E 4th Street", "city": "Pierre", "st": "SD", "zip": "57501", "office_type": "Branch" }, "geometry": { "type": "Point", "coordinates": [ -100.3164, 44.381484 ] } },
{ "type": "Feature", "properties": { "organization": "Farm Credit Services of America", "address": "2510 N Plaza Dr", "city": "Rapid City", "st": "SD", "zip": "57702", "office_type": "Branch" }, "geometry": { "type": "Point", "coordinates": [ -103.26076, 44.10638 ] } },
{ "type": "Feature", "properties": { "organization": "Farm Credit Services of America", "address": "1114 29th St S E", "city": "Watertown", "st": "SD", "zip": "57201", "office_type": "Branch" }, "geometry": { "type": "Point", "coordinates": [ -97.06703, 44.8871 ] } },
{ "type": "Feature", "properties": { "organization": "Farm Credit Services of America", "address": "322 First Avenue East", "city": "Mobridge", "st": "SD", "zip": "57601", "office_type": "Branch" }, "geometry": { "type": "Point", "coordinates": [ -100.43202, 45.536249 ] } },
{ "type": "Feature", "properties": { "organization": "Farm Credit Mid-America", "address": "812 Congress Pkwy N", "city": "Athens", "st": "TN", "zip": "37303", "office_type": "Branch" }, "geometry": { "type": "Point", "coordinates": [ -84.596705, 35.477111 ] } },
{ "type": "Feature", "properties": { "organization": "River Valley AgCredit", "address": "2620 APD 40", "city": "Cleveland", "st": "TN", "zip": "37320", "office_type": "Branch" }, "geometry": { "type": "Point", "coordinates": [ -84.87442, 35.131904 ] } },
{ "type": "Feature", "properties": { "organization": "Farm Credit Mid-America", "address": "1285 S Walnut Ave", "city": "Cookeville", "st": "TN", "zip": "38501", "office_type": "Branch" }, "geometry": { "type": "Point", "coordinates": [ -85.506678, 36.136657 ] } },
{ "type": "Feature", "properties": { "organization": "Farm Credit Mid-America", "address": "800 Morrow St", "city": "Dresden", "st": "TN", "zip": "38225", "office_type": "Branch" }, "geometry": { "type": "Point", "coordinates": [ -88.7147, 36.27958 ] } },
{ "type": "Feature", "properties": { "organization": "Farm Credit Mid-America", "address": "716 Callahan Dr", "city": "Knoxville", "st": "TN", "zip": "37912", "office_type": "Branch" }, "geometry": { "type": "Point", "coordinates": [ -84.0035, 36.02087 ] } },
{ "type": "Feature", "properties": { "organization": "Farm Credit Mid-America", "address": "676 Pistole Ln", "city": "McMinnville", "st": "TN", "zip": "37110", "office_type": "Branch" }, "geometry": { "type": "Point", "coordinates": [ -85.818591, 35.66987 ] } },
{ "type": "Feature", "properties": { "organization": "River Valley AgCredit", "address": "600 US Hwy 127 Bypass", "city": "Pikeville", "st": "TN", "zip": "37367", "office_type": "Branch" }, "geometry": { "type": "Point", "coordinates": [ -85.19717, 35.6055 ] } },
{ "type": "Feature", "properties": { "organization": "Farm Credit Mid-America", "address": "1908 Madison St", "city": "Shelbyville", "st": "TN", "zip": "37160", "office_type": "Branch" }, "geometry": { "type": "Point", "coordinates": [ -86.406387, 35.48037 ] } },
{ "type": "Feature", "properties": { "organization": "Farm Credit Mid-America", "address": "109 Centre Park Dr", "city": "Johnson City", "st": "TN", "zip": "37615", "office_type": "Branch" }, "geometry": { "type": "Point", "coordinates": [ -82.468449, 36.416694 ] } },
{ "type": "Feature", "properties": { "organization": "Farm Credit Mid-America", "address": "813 S Church St", "city": "Murfreesboro", "st": "TN", "zip": "37130", "office_type": "Branch" }, "geometry": { "type": "Point", "coordinates": [ -86.39234, 35.83725 ] } },
{ "type": "Feature", "properties": { "organization": "Farm Credit Mid-America", "address": "18075 US-64", "city": "Somerville", "st": "TN", "zip": "38068", "office_type": "Branch" }, "geometry": { "type": "Point", "coordinates": [ -89.327703, 35.243012 ] } },
{ "type": "Feature", "properties": { "organization": "Farm Credit Mid-America", "address": "5189 Hwy 41 N", "city": "Springfield", "st": "TN", "zip": "37172", "office_type": "Branch" }, "geometry": { "type": "Point", "coordinates": [ -86.905916, 36.54286 ] } },
{ "type": "Feature", "properties": { "organization": "Farm Credit Mid-America", "address": "100 Nevada Ave", "city": "Greeneville", "st": "TN", "zip": "37745", "office_type": "Branch" }, "geometry": { "type": "Point", "coordinates": [ -82.82051, 36.17833 ] } },
{ "type": "Feature", "properties": { "organization": "Farm Credit Mid-America", "address": "104 Brighton Dr", "city": "Humboldt", "st": "TN", "zip": "38343", "office_type": "Branch" }, "geometry": { "type": "Point", "coordinates": [ -88.85592, 35.77779 ] } },
{ "type": "Feature", "properties": { "organization": "Farm Credit Mid-America", "address": "710 Henslee Dr", "city": "Dickson", "st": "TN", "zip": "37055", "office_type": "Branch" }, "geometry": { "type": "Point", "coordinates": [ -87.391, 36.086 ] } },
{ "type": "Feature", "properties": { "organization": "Farm Credit Mid-America", "address": "800 US 51 North", "city": "Ripley", "st": "TN", "zip": "38063", "office_type": "Branch" }, "geometry": { "type": "Point", "coordinates": [ -89.55402, 35.7439 ] } },
{ "type": "Feature", "properties": { "organization": "Farm Credit Mid-America", "address": "4 Chenault Ford Rd", "city": "Fayetteville", "st": "TN", "zip": "37334", "office_type": "Branch" }, "geometry": { "type": "Point", "coordinates": [ -86.553194, 35.154418 ] } },
{ "type": "Feature", "properties": { "organization": "Farm Credit Mid-America", "address": "449 Crews Street", "city": "Lawrenceburg", "st": "TN", "zip": "38464", "office_type": "Branch" }, "geometry": { "type": "Point", "coordinates": [ -87.316011, 35.267709 ] } },
{ "type": "Feature", "properties": { "organization": "Farm Credit Mid-America", "address": "7605 Hamilton Park Drive", "city": "Chattanooga", "st": "TN", "zip": "37421", "office_type": "Branch" }, "geometry": { "type": "Point", "coordinates": [ -85.13725, 35.05649 ] } },
{ "type": "Feature", "properties": { "organization": "River Valley AgCredit", "address": "1117 Congress Parkway", "city": "Athens", "st": "TN", "zip": "37303", "office_type": "Branch" }, "geometry": { "type": "Point", "coordinates": [ -84.6199, 35.45341 ] } },
{ "type": "Feature", "properties": { "organization": "River Valley AgCredit", "address": "2052 Hwy 72", "city": "Loudon", "st": "TN", "zip": "37774", "office_type": "Branch" }, "geometry": { "type": "Point", "coordinates": [ -84.36435, 35.72032 ] } },
{ "type": "Feature", "properties": { "organization": "Farm Credit Mid-America", "address": "1630 Nashville Hwy", "city": "Columbia", "st": "TN", "zip": "38401", "office_type": "Branch" }, "geometry": { "type": "Point", "coordinates": [ -87.009141, 35.654017 ] } },
{ "type": "Feature", "properties": { "organization": "Farm Credit Mid-America", "address": "1212 South Hartmann Drive", "city": "Lebanon", "st": "TN", "zip": "37090", "office_type": "Branch" }, "geometry": { "type": "Point", "coordinates": [ -86.309057, 36.173411 ] } },
{ "type": "Feature", "properties": { "organization": "River Valley AgCredit", "address": "230 Main Street", "city": "Dayton", "st": "TN", "zip": "37321", "office_type": "Branch" }, "geometry": { "type": "Point", "coordinates": [ -85.01241, 35.492221 ] } },
{ "type": "Feature", "properties": { "organization": "AgTexas Farm Credit Services", "address": "2001 S Soncy Road", "city": "Amarillo", "st": "TX", "zip": "79124", "office_type": "Branch" }, "geometry": { "type": "Point", "coordinates": [ -101.935674, 35.190924 ] } },
{ "type": "Feature", "properties": { "organization": "Plains Land Bank", "address": "5625 Fulton Drive", "city": "Amarillo", "st": "TX", "zip": "79109", "office_type": "Branch" }, "geometry": { "type": "Point", "coordinates": [ -101.90159, 35.1677 ] } },
{ "type": "Feature", "properties": { "organization": "Capital Farm Credit", "address": "101 N 22nd Street", "city": "Lamesa", "st": "TX", "zip": "79331", "office_type": "Branch" }, "geometry": { "type": "Point", "coordinates": [ -101.950601, 32.755251 ] } },
{ "type": "Feature", "properties": { "organization": "Texas Farm Credit Services", "address": "2003 N John Redditt DR", "city": "Lufkin", "st": "TX", "zip": "75904", "office_type": "Branch" }, "geometry": { "type": "Point", "coordinates": [ -94.765632, 31.353999 ] } },
{ "type": "Feature", "properties": { "organization": "Texas Farm Credit Services", "address": "3338 Park Street", "city": "Nacogdoches", "st": "TX", "zip": "75961", "office_type": "Branch" }, "geometry": { "type": "Point", "coordinates": [ -94.61724, 31.60836 ] } },
{ "type": "Feature", "properties": { "organization": "Texas Farm Credit Services", "address": "2519 North Stallings Drive", "city": "Nacogdoches", "st": "TX", "zip": "75964", "office_type": "Branch" }, "geometry": { "type": "Point", "coordinates": [ -94.67714, 31.6521 ] } },
{ "type": "Feature", "properties": { "organization": "Texas Farm Credit Services", "address": "2209 South Loop 256, Suite #200", "city": "Palestine", "st": "TX", "zip": "75801", "office_type": "Branch" }, "geometry": { "type": "Point", "coordinates": [ -95.614351, 31.73482 ] } },
{ "type": "Feature", "properties": { "organization": "Texas Farm Credit Services", "address": "545 S Hwy 77", "city": "Robstown", "st": "TX", "zip": "78380", "office_type": "Branch" }, "geometry": { "type": "Point", "coordinates": [ -97.660874, 27.780587 ] } },
{ "type": "Feature", "properties": { "organization": "Capital Farm Credit", "address": "3749 FM 1889", "city": "Robstown", "st": "TX", "zip": "78380", "office_type": "Branch" }, "geometry": { "type": "Point", "coordinates": [ -97.658882, 27.854678 ] } },
{ "type": "Feature", "properties": { "organization": "Capital Farm Credit", "address": "5111 College Avenue", "city": "Snyder", "st": "TX", "zip": "79549", "office_type": "Branch" }, "geometry": { "type": "Point", "coordinates": [ -100.919995, 32.690475 ] } },
{ "type": "Feature", "properties": { "organization": "Texas Farm Credit Services", "address": "4608 Kinsey Drive", "city": "Tyler", "st": "TX", "zip": "75703", "office_type": "Branch" }, "geometry": { "type": "Point", "coordinates": [ -95.31473, 32.299516 ] } },
{ "type": "Feature", "properties": { "organization": "Capital Farm Credit", "address": "5363 Kell Blvd West", "city": "Wichita Falls", "st": "TX", "zip": "76308", "office_type": "Branch" }, "geometry": { "type": "Point", "coordinates": [ -98.57638, 33.87079 ] } },
{ "type": "Feature", "properties": { "organization": "Texas Farm Credit Services", "address": "3272 Hwy 16S", "city": "Bandera", "st": "TX", "zip": "78003", "office_type": "Branch" }, "geometry": { "type": "Point", "coordinates": [ -99.070757, 29.724425 ] } },
{ "type": "Feature", "properties": { "organization": "Capital Farm Credit", "address": "8 E Palm Street", "city": "Bellville", "st": "TX", "zip": "77418", "office_type": "Branch" }, "geometry": { "type": "Point", "coordinates": [ -96.256818, 29.951759 ] } },
{ "type": "Feature", "properties": { "organization": "Texas Farm Credit Services", "address": "1301 Highway 290 E", "city": "Brenham", "st": "TX", "zip": "77833", "office_type": "Branch" }, "geometry": { "type": "Point", "coordinates": [ -96.37705, 30.14333 ] } },
{ "type": "Feature", "properties": { "organization": "Central Texas Farm Credit", "address": "550 S 2nd St", "city": "Haskell", "st": "TX", "zip": "79521", "office_type": "Branch" }, "geometry": { "type": "Point", "coordinates": [ -99.734947, 33.155824 ] } },
{ "type": "Feature", "properties": { "organization": "AgTexas Farm Credit Services", "address": "1502 W. 1st St.", "city": "Hereford", "st": "TX", "zip": "79045", "office_type": "Branch" }, "geometry": { "type": "Point", "coordinates": [ -102.412569, 34.808438 ] } },
{ "type": "Feature", "properties": { "organization": "Capital Farm Credit", "address": "1760 East State Hwy 97", "city": "Jourdanton", "st": "TX", "zip": "78026", "office_type": "Branch" }, "geometry": { "type": "Point", "coordinates": [ -98.530746, 28.927614 ] } },
{ "type": "Feature", "properties": { "organization": "Capital Farm Credit", "address": "1001 Sidney Baker Street", "city": "Kerrville", "st": "TX", "zip": "78028", "office_type": "Branch" }, "geometry": { "type": "Point", "coordinates": [ -99.13322, 30.05364 ] } },
{ "type": "Feature", "properties": { "organization": "Capital Farm Credit", "address": "456 N Jefferson", "city": "LaGrange", "st": "TX", "zip": "78945", "office_type": "Branch" }, "geometry": { "type": "Point", "coordinates": [ -96.878855, 29.90926 ] } },
{ "type": "Feature", "properties": { "organization": "Capital Farm Credit", "address": "1601 W American Blvd", "city": "Muleshoe", "st": "TX", "zip": "79347", "office_type": "Branch" }, "geometry": { "type": "Point", "coordinates": [ -102.74099, 34.23482 ] } },
{ "type": "Feature", "properties": { "organization": "Capital Farm Credit", "address": "151 S Munday Avenue", "city": "Munday", "st": "TX", "zip": "76371", "office_type": "Branch" }, "geometry": { "type": "Point", "coordinates": [ -99.62405, 33.44823 ] } },
{ "type": "Feature", "properties": { "organization": "Texas Farm Credit Services", "address": "802 W. Oaklawn", "city": "Pleasanton", "st": "TX", "zip": "78064", "office_type": "Branch" }, "geometry": { "type": "Point", "coordinates": [ -98.49228, 28.95733 ] } },
{ "type": "Feature", "properties": { "organization": "Capital Farm Credit", "address": "2704 Medical Parkway", "city": "Taylor", "st": "TX", "zip": "76574", "office_type": "Branch" }, "geometry": { "type": "Point", "coordinates": [ -97.417423, 30.590522 ] } },
{ "type": "Feature", "properties": { "organization": "Capital Farm Credit", "address": "702 W 5th Street", "city": "Clifton", "st": "TX", "zip": "76634", "office_type": "Branch" }, "geometry": { "type": "Point", "coordinates": [ -97.57797, 31.781661 ] } },
{ "type": "Feature", "properties": { "organization": "AgTrust Farm Credit", "address": "4411 South Interstate 35", "city": "Georgetown", "st": "TX", "zip": "78626", "office_type": "Branch" }, "geometry": { "type": "Point", "coordinates": [ -97.68596, 30.603919 ] } },
{ "type": "Feature", "properties": { "organization": "Capital Farm Credit", "address": "403 N Sunset Strip Hwy 181", "city": "Kenedy", "st": "TX", "zip": "78119", "office_type": "Branch" }, "geometry": { "type": "Point", "coordinates": [ -97.860108, 28.824871 ] } },
{ "type": "Feature", "properties": { "organization": "Texas Farm Credit Services", "address": "16011 Via Shavano", "city": "San Antonio", "st": "TX", "zip": "78249", "office_type": "Branch" }, "geometry": { "type": "Point", "coordinates": [ -98.570905, 29.592855 ] } },
{ "type": "Feature", "properties": { "organization": "Capital Farm Credit", "address": "2330 Loop 1604 West, Ste. 110", "city": "San Antonio", "st": "TX", "zip": "78248", "office_type": "Branch" }, "geometry": { "type": "Point", "coordinates": [ -98.529059, 29.604349 ] } },
{ "type": "Feature", "properties": { "organization": "AgTrust Farm Credit", "address": "400 E 3rd St", "city": "Sweetwater", "st": "TX", "zip": "79556", "office_type": "Branch" }, "geometry": { "type": "Point", "coordinates": [ -100.405498, 32.47251 ] } },
{ "type": "Feature", "properties": { "organization": "Capital Farm Credit", "address": "2115 Bird Creek Terrace", "city": "Temple", "st": "TX", "zip": "76533", "office_type": "Branch" }, "geometry": { "type": "Point", "coordinates": [ -97.302779, 31.018237 ] } },
{ "type": "Feature", "properties": { "organization": "Capital Farm Credit", "address": "108 W Avenue E", "city": "Alpine", "st": "TX", "zip": "79830", "office_type": "Branch" }, "geometry": { "type": "Point", "coordinates": [ -103.66257, 30.35815 ] } },
{ "type": "Feature", "properties": { "organization": "Capital Farm Credit", "address": "2013 Avenue C", "city": "Bay City", "st": "TX", "zip": "77414", "office_type": "Branch" }, "geometry": { "type": "Point", "coordinates": [ -95.973463, 28.983714 ] } },
{ "type": "Feature", "properties": { "organization": "Capital Farm Credit", "address": "3902 S Traditions Drive", "city": "College Station", "st": "TX", "zip": "77845", "office_type": "Branch" }, "geometry": { "type": "Point", "coordinates": [ -96.3806, 30.599074 ] } },
{ "type": "Feature", "properties": { "organization": "Capital Farm Credit", "address": "1807 North Mechanic", "city": "El Campo", "st": "TX", "zip": "77437", "office_type": "Branch" }, "geometry": { "type": "Point", "coordinates": [ -96.283549, 29.21175 ] } },
{ "type": "Feature", "properties": { "organization": "Capital Farm Credit", "address": "707 Bailey Street", "city": "Matador", "st": "TX", "zip": "79244", "office_type": "Branch" }, "geometry": { "type": "Point", "coordinates": [ -100.821186, 34.012651 ] } },
{ "type": "Feature", "properties": { "organization": "AgTrust Farm Credit", "address": "516 James Bowie Dr", "city": "New Boston", "st": "TX", "zip": "75570", "office_type": "Branch" }, "geometry": { "type": "Point", "coordinates": [ -94.405892, 33.470998 ] } },
{ "type": "Feature", "properties": { "organization": "AgTexas Farm Credit Services", "address": "104 I-27 Frontage", "city": "Plainview", "st": "TX", "zip": "79072", "office_type": "Branch" }, "geometry": { "type": "Point", "coordinates": [ -101.749711, 34.178061 ] } },
{ "type": "Feature", "properties": { "organization": "Plains Land Bank", "address": "3102 W 7th ST", "city": "Plainview", "st": "TX", "zip": "79072", "office_type": "Branch" }, "geometry": { "type": "Point", "coordinates": [ -101.74134, 34.1866 ] } },
{ "type": "Feature", "properties": { "organization": "Texas Farm Credit Services", "address": "1305 Shannon RD E", "city": "Sulphur Spgs", "st": "TX", "zip": "75482", "office_type": "Branch" }, "geometry": { "type": "Point", "coordinates": [ -95.57056, 33.1386 ] } },
{ "type": "Feature", "properties": { "organization": "Capital Farm Credit", "address": "1217 E. S. 11th, Suite A", "city": "Abilene", "st": "TX", "zip": "79602", "office_type": "Branch" }, "geometry": { "type": "Point", "coordinates": [ -99.702833, 32.436479 ] } },
{ "type": "Feature", "properties": { "organization": "Central Texas Farm Credit", "address": "1026 Early Blvd", "city": "Early", "st": "TX", "zip": "76802", "office_type": "Branch" }, "geometry": { "type": "Point", "coordinates": [ -98.939032, 31.745771 ] } },
{ "type": "Feature", "properties": { "organization": "Capital Farm Credit", "address": "101 N Pierce St, Suite 1", "city": "Burnet", "st": "TX", "zip": "78611", "office_type": "Branch" }, "geometry": { "type": "Point", "coordinates": [ -98.226443, 30.758777 ] } },
{ "type": "Feature", "properties": { "organization": "Central Texas Farm Credit", "address": "215 West Elm Street", "city": "Coleman", "st": "TX", "zip": "76834", "office_type": "Branch" }, "geometry": { "type": "Point", "coordinates": [ -99.424974, 31.827893 ] } },
{ "type": "Feature", "properties": { "organization": "Capital Farm Credit", "address": "808 N Wells Street", "city": "Edna", "st": "TX", "zip": "77957", "office_type": "Branch" }, "geometry": { "type": "Point", "coordinates": [ -96.64972, 28.984618 ] } },
{ "type": "Feature", "properties": { "organization": "AgTrust Farm Credit", "address": "413 S Western Ave", "city": "Lampasas", "st": "TX", "zip": "76550", "office_type": "Branch" }, "geometry": { "type": "Point", "coordinates": [ -98.178732, 31.064939 ] } },
{ "type": "Feature", "properties": { "organization": "Capital Farm Credit", "address": "1420 S Colorado", "city": "Lockhart", "st": "TX", "zip": "78644", "office_type": "Branch" }, "geometry": { "type": "Point", "coordinates": [ -97.668116, 29.865828 ] } },
{ "type": "Feature", "properties": { "organization": "AgTexas Farm Credit Services", "address": "3145 W. Washington", "city": "Stephenville", "st": "TX", "zip": "76401", "office_type": "Branch" }, "geometry": { "type": "Point", "coordinates": [ -98.25754, 32.19539 ] } },
{ "type": "Feature", "properties": { "organization": "Texas Farm Credit Services", "address": "7185 I-10 South", "city": "Beaumont", "st": "TX", "zip": "77705", "office_type": "Branch" }, "geometry": { "type": "Point", "coordinates": [ -94.18432, 30.01015 ] } },
{ "type": "Feature", "properties": { "organization": "Capital Farm Credit", "address": "907 W Clayton FM 1960", "city": "Dayton", "st": "TX", "zip": "77535", "office_type": "Branch" }, "geometry": { "type": "Point", "coordinates": [ -94.899028, 30.045946 ] } },
{ "type": "Feature", "properties": { "organization": "Capital Farm Credit", "address": "105 W Bedford", "city": "Dimmitt", "st": "TX", "zip": "79027", "office_type": "Branch" }, "geometry": { "type": "Point", "coordinates": [ -102.313771, 34.550977 ] } },
{ "type": "Feature", "properties": { "organization": "Capital Farm Credit", "address": "8122 West Expressway 83, Suite 1", "city": "Harlingen", "st": "TX", "zip": "78552", "office_type": "Branch" }, "geometry": { "type": "Point", "coordinates": [ -97.768916, 26.187715 ] } },
{ "type": "Feature", "properties": { "organization": "Texas Farm Credit Services", "address": "137 S Eighth", "city": "Raymondville", "st": "TX", "zip": "78580", "office_type": "Branch" }, "geometry": { "type": "Point", "coordinates": [ -97.781489, 26.481493 ] } },
{ "type": "Feature", "properties": { "organization": "Capital Farm Credit", "address": "708 Hwy 59 N, Suite A", "city": "Bowie", "st": "TX", "zip": "76230", "office_type": "Branch" }, "geometry": { "type": "Point", "coordinates": [ -97.84362, 33.56336 ] } },
{ "type": "Feature", "properties": { "organization": "Capital Farm Credit", "address": "Highway 83 North", "city": "Childress", "st": "TX", "zip": "79201", "office_type": "Branch" }, "geometry": { "type": "Point", "coordinates": [ -100.204623, 34.531782 ] } },
{ "type": "Feature", "properties": { "organization": "AgTexas Farm Credit Services", "address": "301 Highway 114", "city": "Levelland", "st": "TX", "zip": "79336", "office_type": "Branch" }, "geometry": { "type": "Point", "coordinates": [ -102.36478, 33.59444 ] } },
{ "type": "Feature", "properties": { "organization": "Capital Farm Credit", "address": "613 Avenue G", "city": "Levelland", "st": "TX", "zip": "79336", "office_type": "Branch" }, "geometry": { "type": "Point", "coordinates": [ -102.37625, 33.586751 ] } },
{ "type": "Feature", "properties": { "organization": "Central Texas Farm Credit", "address": "1021 S Koenigheim", "city": "San Angelo", "st": "TX", "zip": "76903", "office_type": "Branch" }, "geometry": { "type": "Point", "coordinates": [ -100.44087, 31.45095 ] } },
{ "type": "Feature", "properties": { "organization": "Capital Farm Credit", "address": "1701 W Loop 306", "city": "San Angelo", "st": "TX", "zip": "76904", "office_type": "Branch" }, "geometry": { "type": "Point", "coordinates": [ -100.46361, 31.412561 ] } },
{ "type": "Feature", "properties": { "organization": "Central Texas Farm Credit", "address": "203 S Blackburn St", "city": "Brady", "st": "TX", "zip": "76825", "office_type": "Branch" }, "geometry": { "type": "Point", "coordinates": [ -99.333836, 31.133785 ] } },
{ "type": "Feature", "properties": { "organization": "Central Texas Farm Credit", "address": "1414 N. Austin", "city": "Comanche", "st": "TX", "zip": "76442", "office_type": "Branch" }, "geometry": { "type": "Point", "coordinates": [ -98.598138, 31.910294 ] } },
{ "type": "Feature", "properties": { "organization": "Texas Farm Credit Services", "address": "200 N Dixon ST", "city": "Gainesville", "st": "TX", "zip": "76240", "office_type": "Branch" }, "geometry": { "type": "Point", "coordinates": [ -97.14512, 33.62516 ] } },
{ "type": "Feature", "properties": { "organization": "Texas Farm Credit Services", "address": "2790 Virginia Pkwy", "city": "McKinney", "st": "TX", "zip": "75071", "office_type": "Branch" }, "geometry": { "type": "Point", "coordinates": [ -96.65449, 33.19943 ] } },
{ "type": "Feature", "properties": { "organization": "Capital Farm Credit", "address": "475 Oxford Drive", "city": "New Braunfels", "st": "TX", "zip": "78130", "office_type": "Branch" }, "geometry": { "type": "Point", "coordinates": [ -98.07398, 29.72021 ] } },
{ "type": "Feature", "properties": { "organization": "Central Texas Farm Credit", "address": "110 North High Street", "city": "San Saba", "st": "TX", "zip": "76877", "office_type": "Branch" }, "geometry": { "type": "Point", "coordinates": [ -98.71816, 31.196521 ] } },
{ "type": "Feature", "properties": { "organization": "Capital Farm Credit", "address": "501 Alan L Bean Blvd", "city": "Wheeler", "st": "TX", "zip": "79096", "office_type": "Branch" }, "geometry": { "type": "Point", "coordinates": [ -100.271943, 35.44378 ] } },
{ "type": "Feature", "properties": { "organization": "Capital Farm Credit", "address": "207 S Berkshire", "city": "Crosbyton", "st": "TX", "zip": "79322", "office_type": "Branch" }, "geometry": { "type": "Point", "coordinates": [ -101.239158, 33.658454 ] } },
{ "type": "Feature", "properties": { "organization": "AgTexas Farm Credit Services", "address": "6901 Quaker Avenue", "city": "Lubbock", "st": "TX", "zip": "79413", "office_type": "Branch" }, "geometry": { "type": "Point", "coordinates": [ -101.906488, 33.532353 ] } },
{ "type": "Feature", "properties": { "organization": "AgTrust Farm Credit", "address": "3441 North FM 1417", "city": "Sherman", "st": "TX", "zip": "75092", "office_type": "Branch" }, "geometry": { "type": "Point", "coordinates": [ -96.64157, 33.67017 ] } },
{ "type": "Feature", "properties": { "organization": "Texas Farm Credit Services", "address": "112 E Hwy 82", "city": "Bonham", "st": "TX", "zip": "75418", "office_type": "Branch" }, "geometry": { "type": "Point", "coordinates": [ -96.176482, 33.603478 ] } },
{ "type": "Feature", "properties": { "organization": "AgTrust Farm Credit", "address": "210 N Ridgeway", "city": "Cleburne", "st": "TX", "zip": "76033", "office_type": "Branch" }, "geometry": { "type": "Point", "coordinates": [ -97.409579, 32.342798 ] } },
{ "type": "Feature", "properties": { "organization": "Capital Farm Credit", "address": "201 W 5th Street", "city": "Dalhart", "st": "TX", "zip": "79022", "office_type": "Branch" }, "geometry": { "type": "Point", "coordinates": [ -102.525127, 36.061294 ] } },
{ "type": "Feature", "properties": { "organization": "Texas Farm Credit Services", "address": "6174 Sherry LN", "city": "Dallas", "st": "TX", "zip": "75225", "office_type": "Branch" }, "geometry": { "type": "Point", "coordinates": [ -96.804931, 32.861929 ] } },
{ "type": "Feature", "properties": { "organization": "AgTrust Farm Credit", "address": "3905 Morse St", "city": "Denton", "st": "TX", "zip": "76208", "office_type": "Branch" }, "geometry": { "type": "Point", "coordinates": [ -97.087141, 33.205327 ] } },
{ "type": "Feature", "properties": { "organization": "AgTexas Farm Credit Services", "address": "1315 E 1st", "city": "Dumas", "st": "TX", "zip": "79029", "office_type": "Branch" }, "geometry": { "type": "Point", "coordinates": [ -101.95566, 35.86483 ] } },
{ "type": "Feature", "properties": { "organization": "Capital Farm Credit", "address": "8340 Gateway East, Suite 208", "city": "El Paso", "st": "TX", "zip": "79907", "office_type": "Branch" }, "geometry": { "type": "Point", "coordinates": [ -106.326323, 31.73954 ] } },
{ "type": "Feature", "properties": { "organization": "Texas Farm Credit Services", "address": "6451 Camp Bowie Blvd", "city": "Fort Worth", "st": "TX", "zip": "76116", "office_type": "Branch" }, "geometry": { "type": "Point", "coordinates": [ -97.424808, 32.72429 ] } },
{ "type": "Feature", "properties": { "organization": "AgTrust Farm Credit", "address": "5600 Clearfork Main St", "city": "Fort Worth", "st": "TX", "zip": "76109", "office_type": "Branch" }, "geometry": { "type": "Point", "coordinates": [ -97.405116, 32.708262 ] } },
{ "type": "Feature", "properties": { "organization": "Capital Farm Credit", "address": "1400 W Park Avenue", "city": "Hereford", "st": "TX", "zip": "79045", "office_type": "Branch" }, "geometry": { "type": "Point", "coordinates": [ -102.421863, 34.822746 ] } },
{ "type": "Feature", "properties": { "organization": "AgTrust Farm Credit", "address": "219 E Franklin St", "city": "Hillsboro", "st": "TX", "zip": "76645", "office_type": "Branch" }, "geometry": { "type": "Point", "coordinates": [ -97.126781, 32.012069 ] } },
{ "type": "Feature", "properties": { "organization": "AgTrust Farm Credit", "address": "655 Clarksville St", "city": "Paris", "st": "TX", "zip": "75460", "office_type": "Branch" }, "geometry": { "type": "Point", "coordinates": [ -95.54931, 33.660794 ] } },
{ "type": "Feature", "properties": { "organization": "Capital Farm Credit", "address": "10410 Medical Loop, Suite 5D", "city": "Laredo", "st": "TX", "zip": "78045", "office_type": "Branch" }, "geometry": { "type": "Point", "coordinates": [ -99.474698, 27.604899 ] } },
{ "type": "Feature", "properties": { "organization": "Capital Farm Credit", "address": "424 N Hobart", "city": "Pampa", "st": "TX", "zip": "79066", "office_type": "Branch" }, "geometry": { "type": "Point", "coordinates": [ -100.971494, 35.535505 ] } },
{ "type": "Feature", "properties": { "organization": "Capital Farm Credit", "address": "515 Sterley", "city": "Spur", "st": "TX", "zip": "79370", "office_type": "Branch" }, "geometry": { "type": "Point", "coordinates": [ -100.849895, 33.476325 ] } },
{ "type": "Feature", "properties": { "organization": "AgTexas Farm Credit Services", "address": "1316 Corsicana Hwy", "city": "Hillsboro", "st": "TX", "zip": "76645", "office_type": "Branch" }, "geometry": { "type": "Point", "coordinates": [ -97.100111, 32.007819 ] } },
{ "type": "Feature", "properties": { "organization": "AgTrust Farm Credit", "address": "101 East Rd", "city": "Stephenville", "st": "TX", "zip": "76401", "office_type": "Branch" }, "geometry": { "type": "Point", "coordinates": [ -98.190565, 32.226729 ] } },
{ "type": "Feature", "properties": { "organization": "Texas Farm Credit Services", "address": "244 N Getty", "city": "Uvalde", "st": "TX", "zip": "78801", "office_type": "Branch" }, "geometry": { "type": "Point", "coordinates": [ -99.78707, 29.21246 ] } },
{ "type": "Feature", "properties": { "organization": "AgTrust Farm Credit", "address": "112 S 15th St", "city": "Corsicana", "st": "TX", "zip": "75110", "office_type": "Branch" }, "geometry": { "type": "Point", "coordinates": [ -96.469038, 32.090285 ] } },
{ "type": "Feature", "properties": { "organization": "Capital Farm Credit", "address": "607A N 1st Street E", "city": "Haskell", "st": "TX", "zip": "79521", "office_type": "Branch" }, "geometry": { "type": "Point", "coordinates": [ -99.73619, 33.15751 ] } },
{ "type": "Feature", "properties": { "organization": "Capital Farm Credit", "address": "1725 Deaf Smith", "city": "Vernon", "st": "TX", "zip": "76385", "office_type": "Branch" }, "geometry": { "type": "Point", "coordinates": [ -99.286486, 34.153026 ] } },
{ "type": "Feature", "properties": { "organization": "Texas Farm Credit Services", "address": "435 West IH-45", "city": "Fairfield", "st": "TX", "zip": "75840", "office_type": "Branch" }, "geometry": { "type": "Point", "coordinates": [ -96.17886, 31.72019 ] } },
{ "type": "Feature", "properties": { "organization": "Capital Farm Credit", "address": "245 US Hwy 90 E", "city": "Hondo", "st": "TX", "zip": "78861", "office_type": "Branch" }, "geometry": { "type": "Point", "coordinates": [ -99.123535, 29.34856 ] } },
{ "type": "Feature", "properties": { "organization": "Capital Farm Credit", "address": "26611 SW Freeway", "city": "Rosenberg", "st": "TX", "zip": "77471", "office_type": "Branch" }, "geometry": { "type": "Point", "coordinates": [ -95.785726, 29.53202 ] } },
{ "type": "Feature", "properties": { "organization": "AgTexas Farm Credit Services", "address": "2015 Hobbs Hwy", "city": "Seminole", "st": "TX", "zip": "79360", "office_type": "Branch" }, "geometry": { "type": "Point", "coordinates": [ -102.666155, 32.722795 ] } },
{ "type": "Feature", "properties": { "organization": "Capital Farm Credit", "address": "150 East Main St., Suite 310", "city": "Fredricksburg", "st": "TX", "zip": "78624", "office_type": "Branch" }, "geometry": { "type": "Point", "coordinates": [ -98.87073, 30.27417 ] } },
{ "type": "Feature", "properties": { "organization": "Capital Farm Credit", "address": "5715 50th Street", "city": "Lubbock", "st": "TX", "zip": "79493", "office_type": "Branch" }, "geometry": { "type": "Point", "coordinates": [ -101.935057, 33.548362 ] } },
{ "type": "Feature", "properties": { "organization": "Legacy Ag Credit", "address": "1261 Hwy 271 South", "city": "Gilmer", "st": "TX", "zip": "75645", "office_type": "Branch" }, "geometry": { "type": "Point", "coordinates": [ -94.94394, 32.71142 ] } },
{ "type": "Feature", "properties": { "organization": "Plains Land Bank", "address": "506 S Main", "city": "Perryton", "st": "TX", "zip": "79070", "office_type": "Branch" }, "geometry": { "type": "Point", "coordinates": [ -100.803186, 36.394967 ] } },
{ "type": "Feature", "properties": { "organization": "Texas Farm Credit Services", "address": "205 S. Palestine St.", "city": "Athens", "st": "TX", "zip": "75751", "office_type": "Branch" }, "geometry": { "type": "Point", "coordinates": [ -95.853497, 32.202891 ] } },
{ "type": "Feature", "properties": { "organization": "Capital Farm Credit", "address": "5900 Southwest Pkwy", "city": "Austin", "st": "TX", "zip": "78735", "office_type": "Branch" }, "geometry": { "type": "Point", "coordinates": [ -97.847925, 30.248453 ] } },
{ "type": "Feature", "properties": { "organization": "Capital Farm Credit", "address": "203 N 2nd Street", "city": "Canadian", "st": "TX", "zip": "79014", "office_type": "Branch" }, "geometry": { "type": "Point", "coordinates": [ -100.383618, 35.91568 ] } },
{ "type": "Feature", "properties": { "organization": "Capital Farm Credit", "address": "4704 S Jackson", "city": "Edinburg", "st": "TX", "zip": "78539", "office_type": "Branch" }, "geometry": { "type": "Point", "coordinates": [ -98.193062, 26.260259 ] } },
{ "type": "Feature", "properties": { "organization": "Texas Farm Credit Services", "address": "555 S International Blvd", "city": "Weslaco", "st": "TX", "zip": "78596", "office_type": "Branch" }, "geometry": { "type": "Point", "coordinates": [ -97.958001, 26.156159 ] } },
{ "type": "Feature", "properties": { "organization": "Texas Farm Credit Services", "address": "5901 Wesley St., Ste. 102", "city": "Greenville", "st": "TX", "zip": "75402", "office_type": "Branch" }, "geometry": { "type": "Point", "coordinates": [ -96.108928, 33.11112 ] } },
{ "type": "Feature", "properties": { "organization": "AgTexas Farm Credit Services", "address": "117 S. Burleson Blvd.", "city": "Burleson", "st": "TX", "zip": "76028", "office_type": "Branch" }, "geometry": { "type": "Point", "coordinates": [ -97.313305, 32.542658 ] } },
{ "type": "Feature", "properties": { "organization": "Texas Farm Credit Services", "address": "6540 Alliance DR Ste 130", "city": "Rockwall", "st": "TX", "zip": "75032", "office_type": "Branch" }, "geometry": { "type": "Point", "coordinates": [ -96.441512, 32.867355 ] } },
{ "type": "Feature", "properties": { "organization": "Legacy Ag Credit", "address": "1541 State Highway 34 S", "city": "Terrell", "st": "TX", "zip": "75160", "office_type": "Branch" }, "geometry": { "type": "Point", "coordinates": [ -96.278813, 32.710895 ] } },
{ "type": "Feature", "properties": { "organization": "Capital Farm Credit", "address": "431 Ft McKavitt Street", "city": "Mason", "st": "TX", "zip": "76856", "office_type": "Branch" }, "geometry": { "type": "Point", "coordinates": [ -99.234875, 30.74977 ] } },
{ "type": "Feature", "properties": { "organization": "Capital Farm Credit", "address": "101 Jolley Street", "city": "Uvalde", "st": "TX", "zip": "78801", "office_type": "Branch" }, "geometry": { "type": "Point", "coordinates": [ -99.76861, 29.21775 ] } },
{ "type": "Feature", "properties": { "organization": "Capital Farm Credit", "address": "504 Phelps Avenue", "city": "Littlefield", "st": "TX", "zip": "79336", "office_type": "Branch" }, "geometry": { "type": "Point", "coordinates": [ -102.331473, 33.921361 ] } },
{ "type": "Feature", "properties": { "organization": "Capital Farm Credit", "address": "335 N May", "city": "Madisonville", "st": "TX", "zip": "77864", "office_type": "Branch" }, "geometry": { "type": "Point", "coordinates": [ -95.913583, 30.95321 ] } },
{ "type": "Feature", "properties": { "organization": "Capital Farm Credit", "address": "502 S Main Street", "city": "Perryton", "st": "TX", "zip": "79070", "office_type": "Branch" }, "geometry": { "type": "Point", "coordinates": [ -100.80316, 36.3952 ] } },
{ "type": "Feature", "properties": { "organization": "AgTrust Farm Credit", "address": "337 Enterprise Drive", "city": "Hewitt", "st": "TX", "zip": "76643", "office_type": "Branch" }, "geometry": { "type": "Point", "coordinates": [ -97.174502, 31.456323 ] } },
{ "type": "Feature", "properties": { "organization": "Capital Farm Credit", "address": "1801 W White Oak Terrace", "city": "Conroe", "st": "TX", "zip": "77304", "office_type": "Branch" }, "geometry": { "type": "Point", "coordinates": [ -95.504815, 30.330012 ] } },
{ "type": "Feature", "properties": { "organization": "Texas Farm Credit Services", "address": "8505 Technology Forest Place", "city": "The Woodlands", "st": "TX", "zip": "77381", "office_type": "Branch" }, "geometry": { "type": "Point", "coordinates": [ -95.480101, 30.187256 ] } },
{ "type": "Feature", "properties": { "organization": "AgTrust Farm Credit", "address": "155 East BB Fielder Road", "city": "Weatherford", "st": "TX", "zip": "76087", "office_type": "Branch" }, "geometry": { "type": "Point", "coordinates": [ -97.78583, 32.72576 ] } },
{ "type": "Feature", "properties": { "organization": "Capital Farm Credit", "address": "2400 Highway 190 W", "city": "Livingston", "st": "TX", "zip": "77351", "office_type": "Branch" }, "geometry": { "type": "Point", "coordinates": [ -94.96479, 30.72172 ] } },
{ "type": "Feature", "properties": { "organization": "Texas Farm Credit Services", "address": "17752 Highway 69 North", "city": "Lindale", "st": "TX", "zip": "75771", "office_type": "Branch" }, "geometry": { "type": "Point", "coordinates": [ -95.41113, 32.52535 ] } },
{ "type": "Feature", "properties": { "organization": "AgTrust Farm Credit", "address": "4449 Loop 322", "city": "Abilene", "st": "TX", "zip": "79602", "office_type": "Branch" }, "geometry": { "type": "Point", "coordinates": [ -99.717357, 32.396765 ] } },
{ "type": "Feature", "properties": { "organization": "Capital Farm Credit", "address": "115 N Armstrong", "city": "Tulia", "st": "TX", "zip": "79088", "office_type": "Branch" }, "geometry": { "type": "Point", "coordinates": [ -101.76604, 34.53785 ] } },
{ "type": "Feature", "properties": { "organization": "AgTexas Farm Credit Services", "address": "121 W Broadway", "city": "Brownfield", "st": "TX", "zip": "79316", "office_type": "Branch" }, "geometry": { "type": "Point", "coordinates": [ -102.275976, 33.178275 ] } },
{ "type": "Feature", "properties": { "organization": "Legacy Ag Credit", "address": "335 West Dallas Street", "city": "Canton", "st": "TX", "zip": "75103", "office_type": "Branch" }, "geometry": { "type": "Point", "coordinates": [ -95.865217, 32.556561 ] } },
{ "type": "Feature", "properties": { "organization": "Capital Farm Credit", "address": "1260 Pin Oak Road", "city": "Katy", "st": "TX", "zip": "77494", "office_type": "Branch" }, "geometry": { "type": "Point", "coordinates": [ -95.818587, 29.771628 ] } },
{ "type": "Feature", "properties": { "organization": "Capital Farm Credit", "address": "1501 E Mockingbird LN Ste 100a", "city": "Victoria", "st": "TX", "zip": "77904", "office_type": "Branch" }, "geometry": { "type": "Point", "coordinates": [ -96.990215, 28.835477 ] } },
{ "type": "Feature", "properties": { "organization": "Western AgCredit", "address": "2195 North Main", "city": "North Logan", "st": "UT", "zip": "84341", "office_type": "Branch" }, "geometry": { "type": "Point", "coordinates": [ -111.834703, 41.77216 ] } },
{ "type": "Feature", "properties": { "organization": "Western AgCredit", "address": "63 East 600 North", "city": "Richfield", "st": "UT", "zip": "84701", "office_type": "Branch" }, "geometry": { "type": "Point", "coordinates": [ -112.08388, 38.77692 ] } },
{ "type": "Feature", "properties": { "organization": "Western AgCredit", "address": "10980 South Jordan Gateway", "city": "South Jordan", "st": "UT", "zip": "84095", "office_type": "Branch" }, "geometry": { "type": "Point", "coordinates": [ -111.899265, 40.551953 ] } },
{ "type": "Feature", "properties": { "organization": "Western AgCredit", "address": "727 South Main", "city": "Spanish Fork", "st": "UT", "zip": "84660", "office_type": "Branch" }, "geometry": { "type": "Point", "coordinates": [ -111.654576, 40.100296 ] } },
{ "type": "Feature", "properties": { "organization": "Western AgCredit", "address": "781 E Main", "city": "Tremonton", "st": "UT", "zip": "84337", "office_type": "Branch" }, "geometry": { "type": "Point", "coordinates": [ -112.15341, 41.71261 ] } },
{ "type": "Feature", "properties": { "organization": "Western AgCredit", "address": "848 Front St", "city": "Evanston", "st": "WY", "zip": "82930", "office_type": "Branch" }, "geometry": { "type": "Point", "coordinates": [ -110.963694, 41.267743 ] } },
{ "type": "Feature", "properties": { "organization": "Western AgCredit", "address": "55 S 1500 E", "city": "Ballard", "st": "UT", "zip": "84066", "office_type": "Branch" }, "geometry": { "type": "Point", "coordinates": [ -109.972497, 40.30123 ] } },
{ "type": "Feature", "properties": { "organization": "Farm Credit of the Virginias", "address": "1445 East Rio Rd", "city": "Charlottesville", "st": "VA", "zip": "22901", "office_type": "Branch" }, "geometry": { "type": "Point", "coordinates": [ -76.380592, 37.433915 ] } },
{ "type": "Feature", "properties": { "organization": "Colonial Farm Credit", "address": "1700-A S Main St", "city": "Farmville", "st": "VA", "zip": "23901", "office_type": "Branch" }, "geometry": { "type": "Point", "coordinates": [ -78.434778, 37.178338 ] } },
{ "type": "Feature", "properties": { "organization": "Colonial Farm Credit", "address": "22776 Timberlake Rd", "city": "Lynchburg", "st": "VA", "zip": "24502", "office_type": "Branch" }, "geometry": { "type": "Point", "coordinates": [ -79.261537, 37.31485 ] } },
{ "type": "Feature", "properties": { "organization": "Farm Credit of the Virginias", "address": "38 Murray Farm Rd", "city": "Roanoke", "st": "VA", "zip": "24019", "office_type": "Branch" }, "geometry": { "type": "Point", "coordinates": [ -79.874039, 37.335265 ] } },
{ "type": "Feature", "properties": { "organization": "Farm Credit of the Virginias", "address": "1356 B American Way Ct", "city": "Bedford", "st": "VA", "zip": "24523", "office_type": "Branch" }, "geometry": { "type": "Point", "coordinates": [ -79.502211, 37.326567 ] } },
{ "type": "Feature", "properties": { "organization": "Farm Credit of the Virginias", "address": "27 Fort Evans Rd, NE", "city": "Leesburg", "st": "VA", "zip": "20176", "office_type": "Branch" }, "geometry": { "type": "Point", "coordinates": [ -77.546182, 39.107537 ] } },
{ "type": "Feature", "properties": { "organization": "Farm Credit of the Virginias", "address": "1557 Commerce Rd", "city": "Verona", "st": "VA", "zip": "24482", "office_type": "Branch" }, "geometry": { "type": "Point", "coordinates": [ -79.023598, 38.188841 ] } },
{ "type": "Feature", "properties": { "organization": "Farm Credit of the Virginias", "address": "660 Peppers Ferry Rd", "city": "Wytheville", "st": "VA", "zip": "24382", "office_type": "Branch" }, "geometry": { "type": "Point", "coordinates": [ -81.0744, 36.96282 ] } },
{ "type": "Feature", "properties": { "organization": "Farm Credit of the Virginias", "address": "19292 Lee Hwy", "city": "Abingdon", "st": "VA", "zip": "24210", "office_type": "Branch" }, "geometry": { "type": "Point", "coordinates": [ -82.02268, 36.6911 ] } },
{ "type": "Feature", "properties": { "organization": "Colonial Farm Credit", "address": "201 E Danville St", "city": "South Hill", "st": "VA", "zip": "23970", "office_type": "Branch" }, "geometry": { "type": "Point", "coordinates": [ -78.12863, 36.72418 ] } },
{ "type": "Feature", "properties": { "organization": "Colonial Farm Credit", "address": "135 Queen ST", "city": "Tappahannock", "st": "VA", "zip": "22560", "office_type": "Branch" }, "geometry": { "type": "Point", "coordinates": [ -76.858367, 37.930418 ] } },
{ "type": "Feature", "properties": { "organization": "Farm Credit of the Virginias", "address": "15574 Ira Hoffman Lane", "city": "Culpeper", "st": "VA", "zip": "22701", "office_type": "Branch" }, "geometry": { "type": "Point", "coordinates": [ -77.97674, 38.48963 ] } },
{ "type": "Feature", "properties": { "organization": "Colonial Farm Credit", "address": "7104 Mechanicsville Turnpike", "city": "Mechanicsville", "st": "VA", "zip": "23111", "office_type": "Branch" }, "geometry": { "type": "Point", "coordinates": [ -77.342969, 37.611854 ] } },
{ "type": "Feature", "properties": { "organization": "Colonial Farm Credit", "address": "18639 Eltham Rd", "city": "West Point", "st": "VA", "zip": "23181", "office_type": "Branch" }, "geometry": { "type": "Point", "coordinates": [ -76.830316, 37.52023 ] } },
{ "type": "Feature", "properties": { "organization": "Farm Credit of the Virginias", "address": "516 Fauquier Rd", "city": "Warrenton", "st": "VA", "zip": "20186", "office_type": "Branch" }, "geometry": { "type": "Point", "coordinates": [ -77.803022, 38.728814 ] } },
{ "type": "Feature", "properties": { "organization": "Colonial Farm Credit", "address": "2987 River Road West", "city": "Goochland", "st": "VA", "zip": "23063", "office_type": "Branch" }, "geometry": { "type": "Point", "coordinates": [ -77.88601, 37.68538 ] } },
{ "type": "Feature", "properties": { "organization": "Farm Credit of the Virginias", "address": "670 Old Franklin Turnpike", "city": "Rocky Mount", "st": "VA", "zip": "24151", "office_type": "Branch" }, "geometry": { "type": "Point", "coordinates": [ -79.862898, 37.015785 ] } },
{ "type": "Feature", "properties": { "organization": "Colonial Farm Credit", "address": "22323 Main St", "city": "Courtland", "st": "VA", "zip": "23837", "office_type": "Branch" }, "geometry": { "type": "Point", "coordinates": [ -77.067215, 36.714712 ] } },
{ "type": "Feature", "properties": { "organization": "Farm Credit of the Virginias", "address": "13284 James Madison Hwy", "city": "Orange", "st": "VA", "zip": "22960", "office_type": "Branch" }, "geometry": { "type": "Point", "coordinates": [ -78.12477, 38.22424 ] } },
{ "type": "Feature", "properties": { "organization": "Farm Credit of the Virginias", "address": "4024 Halifax Rd", "city": "South Boston", "st": "VA", "zip": "24592", "office_type": "Branch" }, "geometry": { "type": "Point", "coordinates": [ -78.921127, 36.738386 ] } },
{ "type": "Feature", "properties": { "organization": "Farm Credit of the Virginias", "address": "19651 US Hwy 29", "city": "Chatham", "st": "VA", "zip": "24531", "office_type": "Branch" }, "geometry": { "type": "Point", "coordinates": [ -79.402507, 36.863444 ] } },
{ "type": "Feature", "properties": { "organization": "Colonial Farm Credit", "address": "11295 Windsor Blvd", "city": "Windsor", "st": "VA", "zip": "23487", "office_type": "Branch" }, "geometry": { "type": "Point", "coordinates": [ -76.730135, 36.805229 ] } },
{ "type": "Feature", "properties": { "organization": "Colonial Farm Credit", "address": "428 E Main St", "city": "Waverly", "st": "VA", "zip": "23890", "office_type": "Branch" }, "geometry": { "type": "Point", "coordinates": [ -77.080946, 37.038268 ] } },
{ "type": "Feature", "properties": { "organization": "Farm Credit of the Virginias", "address": "152 Maury River Rd", "city": "Lexington", "st": "VA", "zip": "24450", "office_type": "Branch" }, "geometry": { "type": "Point", "coordinates": [ -79.41656, 37.80381 ] } },
{ "type": "Feature", "properties": { "organization": "Farm Credit of the Virginias", "address": "4646 S Valley Pike", "city": "Harrisonburg", "st": "VA", "zip": "22801", "office_type": "Branch" }, "geometry": { "type": "Point", "coordinates": [ -78.92115, 38.38843 ] } },
{ "type": "Feature", "properties": { "organization": "AgWest Farm Credit", "address": "201 W. Broadway Ave, Ste B", "city": "Ritzville", "st": "CA", "zip": "99169", "office_type": "Branch" }, "geometry": { "type": "Point", "coordinates": [ -118.381518, 47.127211 ] } },
{ "type": "Feature", "properties": { "organization": "AgWest Farm Credit", "address": "1501 E Yonezawa Blvd", "city": "Moses Lake", "st": "WA", "zip": "98837", "office_type": "Branch" }, "geometry": { "type": "Point", "coordinates": [ -119.252747, 47.104364 ] } },
{ "type": "Feature", "properties": { "organization": "AgWest Farm Credit", "address": "9915 Saint Thomas Drive", "city": "Pasco", "st": "WA", "zip": "99301", "office_type": "Branch" }, "geometry": { "type": "Point", "coordinates": [ -119.220814, 46.273155 ] } },
{ "type": "Feature", "properties": { "organization": "AgWest Farm Credit", "address": "2580 Chester Kimm Road", "city": "Wenatchee", "st": "WA", "zip": "98801", "office_type": "Branch" }, "geometry": { "type": "Point", "coordinates": [ -120.334505, 47.46385 ] } },
{ "type": "Feature", "properties": { "organization": "AgWest Farm Credit", "address": "301 South Main Street", "city": "Colfax", "st": "WA", "zip": "99111", "office_type": "Branch" }, "geometry": { "type": "Point", "coordinates": [ -117.364481, 46.878591 ] } },
{ "type": "Feature", "properties": { "organization": "AgWest Farm Credit", "address": "1 W Pine Street", "city": "Walla Walla", "st": "WA", "zip": "99362", "office_type": "Branch" }, "geometry": { "type": "Point", "coordinates": [ -118.342876, 46.070439 ] } },
{ "type": "Feature", "properties": { "organization": "AgWest Farm Credit", "address": "629 S Market Blvd", "city": "Chehalis", "st": "WA", "zip": "98532", "office_type": "Branch" }, "geometry": { "type": "Point", "coordinates": [ -122.958783, 46.657484 ] } },
{ "type": "Feature", "properties": { "organization": "AgWest Farm Credit", "address": "1360 N 16th Ave", "city": "Yakima", "st": "WA", "zip": "98902", "office_type": "Branch" }, "geometry": { "type": "Point", "coordinates": [ -120.531281, 46.621077 ] } },
{ "type": "Feature", "properties": { "organization": "AgWest Farm Credit", "address": "265 E George Hopper Rd", "city": "Burlington", "st": "WA", "zip": "98233", "office_type": "Branch" }, "geometry": { "type": "Point", "coordinates": [ -122.33278, 48.45277 ] } },
{ "type": "Feature", "properties": { "organization": "AgWest Farm Credit", "address": "2735 Allen Rd", "city": "Sunnyside", "st": "WA", "zip": "98944", "office_type": "Branch" }, "geometry": { "type": "Point", "coordinates": [ -119.98336, 46.30912 ] } },
{ "type": "Feature", "properties": { "organization": "Farm Credit of the Virginias", "address": "527 E Main ST # 104", "city": "Bridgeport", "st": "WV", "zip": "26330", "office_type": "Branch" }, "geometry": { "type": "Point", "coordinates": [ -80.24057, 39.28824 ] } },
{ "type": "Feature", "properties": { "organization": "Farm Credit of the Virginias", "address": "2112 Ripley Rd", "city": "Ripley", "st": "WV", "zip": "25271", "office_type": "Branch" }, "geometry": { "type": "Point", "coordinates": [ -81.74881, 38.82452 ] } },
{ "type": "Feature", "properties": { "organization": "Farm Credit of the Virginias", "address": "14428 Seneca Trail N", "city": "Lewisburg", "st": "WV", "zip": "24901", "office_type": "Branch" }, "geometry": { "type": "Point", "coordinates": [ -80.41582, 37.83667 ] } },
{ "type": "Feature", "properties": { "organization": "Farm Credit of the Virginias", "address": "550 South Main Street", "city": "Moorefield", "st": "WV", "zip": "26836", "office_type": "Branch" }, "geometry": { "type": "Point", "coordinates": [ -78.97547, 39.05148 ] } },
{ "type": "Feature", "properties": { "organization": "Farm Credit of the Virginias", "address": "452 N High St", "city": "Romney", "st": "WV", "zip": "26757", "office_type": "Branch" }, "geometry": { "type": "Point", "coordinates": [ -78.754106, 39.346943 ] } },
{ "type": "Feature", "properties": { "organization": "GreenStone Farm Credit Services", "address": "340 Patriot Dr.", "city": "Little Chute", "st": "WI", "zip": "54140", "office_type": "Branch" }, "geometry": { "type": "Point", "coordinates": [ -88.31877, 44.29723 ] } },
{ "type": "Feature", "properties": { "organization": "Compeer Financial", "address": "1430 Northridge Dr", "city": "Prairie du Sac", "st": "WI", "zip": "53578", "office_type": "Branch" }, "geometry": { "type": "Point", "coordinates": [ -89.721695, 43.291857 ] } },
{ "type": "Feature", "properties": { "organization": "AgCountry Farm Credit Services", "address": "204 East Liberty Drive", "city": "Thorp", "st": "WI", "zip": "54771", "office_type": "Branch" }, "geometry": { "type": "Point", "coordinates": [ -90.798872, 44.95034 ] } },
{ "type": "Feature", "properties": { "organization": "GreenStone Farm Credit Services", "address": "3030 Park Dr., Ste. B", "city": "Sturgeon Bay", "st": "WI", "zip": "54235", "office_type": "Branch" }, "geometry": { "type": "Point", "coordinates": [ -87.426869, 44.817925 ] } },
{ "type": "Feature", "properties": { "organization": "Compeer Financial", "address": "2600 Jenny Wren Trail", "city": "Sun Prairie", "st": "WI", "zip": "53590", "office_type": "Branch" }, "geometry": { "type": "Point", "coordinates": [ -89.26328, 43.16382 ] } },
{ "type": "Feature", "properties": { "organization": "Compeer Financial", "address": "N5776 Cth D", "city": "Fond du Lac", "st": "WI", "zip": "54936", "office_type": "Branch" }, "geometry": { "type": "Point", "coordinates": [ -88.48692, 43.751378 ] } },
{ "type": "Feature", "properties": { "organization": "Compeer Financial", "address": "9185 Old Potosi Rd", "city": "Lancaster", "st": "WI", "zip": "53813", "office_type": "Branch" }, "geometry": { "type": "Point", "coordinates": [ -90.724446, 42.838195 ] } },
{ "type": "Feature", "properties": { "organization": "Compeer Financial", "address": "3448 State Rd 23", "city": "Dodgeville", "st": "WI", "zip": "53533", "office_type": "Branch" }, "geometry": { "type": "Point", "coordinates": [ -90.13731, 42.98134 ] } },
{ "type": "Feature", "properties": { "organization": "Compeer Financial", "address": "815 Wright Road", "city": "Johnson Creek", "st": "WI", "zip": "53038", "office_type": "Branch" }, "geometry": { "type": "Point", "coordinates": [ -88.75874, 43.08567 ] } },
{ "type": "Feature", "properties": { "organization": "GreenStone Farm Credit Services", "address": "4400 Calumet Ave., Ste. 102", "city": "Manitowoc", "st": "WI", "zip": "54220", "office_type": "Branch" }, "geometry": { "type": "Point", "coordinates": [ -87.702657, 44.074772 ] } },
{ "type": "Feature", "properties": { "organization": "GreenStone Farm Credit Services", "address": "280 S. Main St.", "city": "Clintonville", "st": "WI", "zip": "54929", "office_type": "Branch" }, "geometry": { "type": "Point", "coordinates": [ -88.765792, 44.610724 ] } },
{ "type": "Feature", "properties": { "organization": "GreenStone Farm Credit Services", "address": "202 Sado Ln.", "city": "Coleman", "st": "WI", "zip": "54112", "office_type": "Branch" }, "geometry": { "type": "Point", "coordinates": [ -88.046028, 45.062311 ] } },
{ "type": "Feature", "properties": { "organization": "AgCountry Farm Credit Services", "address": "611 South 32nd Avenue", "city": "Wausau", "st": "WI", "zip": "54402", "office_type": "Branch" }, "geometry": { "type": "Point", "coordinates": [ -89.67543, 44.95693 ] } },
{ "type": "Feature", "properties": { "organization": "Compeer Financial", "address": "1705 Hwy 14 West", "city": "Janesville", "st": "WI", "zip": "53547", "office_type": "Branch" }, "geometry": { "type": "Point", "coordinates": [ -89.03532, 42.72982 ] } },
{ "type": "Feature", "properties": { "organization": "AgCountry Farm Credit Services", "address": "600 S 8th Street", "city": "Medford", "st": "WI", "zip": "54451", "office_type": "Branch" }, "geometry": { "type": "Point", "coordinates": [ -90.33204, 45.13298 ] } },
{ "type": "Feature", "properties": { "organization": "AgCountry Farm Credit Services", "address": "1216 Wildwood Dr", "city": "Stevens Point", "st": "WI", "zip": "54482", "office_type": "Branch" }, "geometry": { "type": "Point", "coordinates": [ -89.514971, 44.524029 ] } },
{ "type": "Feature", "properties": { "organization": "AgCountry Farm Credit Services", "address": "1207 N Central Ave", "city": "Marshfield", "st": "WI", "zip": "54449", "office_type": "Branch" }, "geometry": { "type": "Point", "coordinates": [ -90.165162, 44.678072 ] } },
{ "type": "Feature", "properties": { "organization": "Farm Credit Services of America", "address": "1401 Wilkins Circle", "city": "Casper", "st": "WY", "zip": "82601", "office_type": "Branch" }, "geometry": { "type": "Point", "coordinates": [ -106.340871, 42.866109 ] } },
{ "type": "Feature", "properties": { "organization": "Ag Credit", "address": "610 W. Lytle Street", "city": "Fostoria", "st": "OH", "zip": "44830", "office_type": "Headquarters" }, "geometry": { "type": "Point", "coordinates": [ -83.42693, 41.15071 ] } },
{ "type": "Feature", "properties": { "organization": "AgCarolina Farm Credit", "address": "636 Rock Spring Rd", "city": "Greenville", "st": "NC", "zip": "27834", "office_type": "Headquarters" }, "geometry": { "type": "Point", "coordinates": [ -77.44017, 35.63004 ] } },
{ "type": "Feature", "properties": { "organization": "AgCountry Farm Credit Services", "address": "1900 44th Street South", "city": "Fargo", "st": "ND", "zip": "58103", "office_type": "Headquarters" }, "geometry": { "type": "Point", "coordinates": [ -96.8587, 46.85105 ] } },
{ "type": "Feature", "properties": { "organization": "AgGeorgia Farm Credit", "address": "468 Perry Parkway", "city": "Perry", "st": "GA", "zip": "31069", "office_type": "Headquarters" }, "geometry": { "type": "Point", "coordinates": [ -83.72275, 32.48759 ] } },
{ "type": "Feature", "properties": { "organization": "AgHeritage Farm Credit Services", "address": "119 East Third Street, Suite 200", "city": "Little Rock", "st": "AR", "zip": "72201", "office_type": "Headquarters" }, "geometry": { "type": "Point", "coordinates": [ -92.270277, 34.746275 ] } },
{ "type": "Feature", "properties": { "organization": "AgSouth Farm Credit", "address": "146 Victory Lane", "city": "Statesville", "st": "NC", "zip": "28625", "office_type": "Headquarters" }, "geometry": { "type": "Point", "coordinates": [ -80.84391, 35.81392 ] } },
{ "type": "Feature", "properties": { "organization": "AgTexas Farm Credit Services", "address": "5004 North Loop 289", "city": "Lubbock", "st": "TX", "zip": "79416", "office_type": "Headquarters" }, "geometry": { "type": "Point", "coordinates": [ -101.9183, 33.600979 ] } },
{ "type": "Feature", "properties": { "organization": "AgTrust Farm Credit", "address": "5600 Clearfork Main Street, Ste. 600", "city": "Fort Worth", "st": "TX", "zip": "76109", "office_type": "Headquarters" }, "geometry": { "type": "Point", "coordinates": [ -97.405116, 32.708262 ] } },
{ "type": "Feature", "properties": { "organization": "AgWest Farm Credit", "address": "2001 S Flint Road", "city": "Spokane", "st": "WA", "zip": "99224", "office_type": "Headquarters" }, "geometry": { "type": "Point", "coordinates": [ -117.537517, 47.637199 ] } },
{ "type": "Feature", "properties": { "organization": "Alabama Ag Credit", "address": "7480 Halcyon Pointe Drive Ste 201", "city": "Montgomery", "st": "AL", "zip": "36117", "office_type": "Headquarters" }, "geometry": { "type": "Point", "coordinates": [ -86.165422, 32.363981 ] } },
{ "type": "Feature", "properties": { "organization": "Alabama Farm Credit", "address": "300 2nd Avenue SW", "city": "Cullman", "st": "AL", "zip": "35055", "office_type": "Headquarters" }, "geometry": { "type": "Point", "coordinates": [ -86.842983, 34.174789 ] } },
{ "type": "Feature", "properties": { "organization": "American AgCredit", "address": "4845 Old Redwood Hwy", "city": "Santa Rosa", "st": "CA", "zip": "95403", "office_type": "Headquarters" }, "geometry": { "type": "Point", "coordinates": [ -122.753389, 38.501446 ] } },
{ "type": "Feature", "properties": { "organization": "ArborOne Farm Credit", "address": "800 Woody Jones Blvd", "city": "Florence", "st": "SC", "zip": "29501", "office_type": "Headquarters" }, "geometry": { "type": "Point", "coordinates": [ -79.837317, 34.183558 ] } },
{ "type": "Feature", "properties": { "organization": "Capital Farm Credit", "address": "3902 South Traditions Drive", "city": "College Station", "st": "TX", "zip": "77845", "office_type": "Headquarters" }, "geometry": { "type": "Point", "coordinates": [ -96.3806, 30.599074 ] } },
{ "type": "Feature", "properties": { "organization": "Central Kentucky Agricultural Credit Association", "address": "2429 Members Way", "city": "Lexington", "st": "KY", "zip": "40504", "office_type": "Headquarters" }, "geometry": { "type": "Point", "coordinates": [ -84.54849, 38.01955 ] } },
{ "type": "Feature", "properties": { "organization": "Central Texas Farm Credit", "address": "1026 Early Boulevard", "city": "Early", "st": "TX", "zip": "76802", "office_type": "Headquarters" }, "geometry": { "type": "Point", "coordinates": [ -98.939032, 31.745771 ] } },
{ "type": "Feature", "properties": { "organization": "Colonial Farm Credit", "address": "7104 Mechanicsville Turnpike", "city": "Mechanicsville", "st": "VA", "zip": "23111", "office_type": "Headquarters" }, "geometry": { "type": "Point", "coordinates": [ -77.342969, 37.611854 ] } },
{ "type": "Feature", "properties": { "organization": "Compeer Financial", "address": "2600 Jenny Wren Trail", "city": "Sun Prairie", "st": "WI", "zip": "53590", "office_type": "Headquarters" }, "geometry": { "type": "Point", "coordinates": [ -89.26328, 43.16382 ] } },
{ "type": "Feature", "properties": { "organization": "FCS Financial", "address": "1934 E. Miller Street", "city": "Jefferson City", "st": "MO", "zip": "65101", "office_type": "Headquarters" }, "geometry": { "type": "Point", "coordinates": [ -92.147743, 38.552145 ] } },
{ "type": "Feature", "properties": { "organization": "Farm Credit East", "address": "240 South Road", "city": "Enfield", "st": "CT", "zip": "06082", "office_type": "Headquarters" }, "geometry": { "type": "Point", "coordinates": [ -72.584708, 41.976625 ] } },
{ "type": "Feature", "properties": { "organization": "Farm Credit Illinois", "address": "1100 Farm Credit Drive", "city": "Mahomet", "st": "IL", "zip": "61853", "office_type": "Headquarters" }, "geometry": { "type": "Point", "coordinates": [ -88.36073, 40.184 ] } },
{ "type": "Feature", "properties": { "organization": "Farm Credit Mid-America", "address": "12501 Lakefront Place", "city": "Louisville", "st": "KY", "zip": "40299", "office_type": "Headquarters" }, "geometry": { "type": "Point", "coordinates": [ -85.530293, 38.218448 ] } },
{ "type": "Feature", "properties": { "organization": "Farm Credit Services of America", "address": "5015 So 118th St", "city": "Omaha", "st": "NE", "zip": "68137", "office_type": "Headquarters" }, "geometry": { "type": "Point", "coordinates": [ -96.096984, 41.206614 ] } },
{ "type": "Feature", "properties": { "organization": "Farm Credit Services of Colusa-Glenn", "address": "2970 Davison Court", "city": "Colusa", "st": "CA", "zip": "95932", "office_type": "Headquarters" }, "geometry": { "type": "Point", "coordinates": [ -121.996629, 39.187965 ] } },
{ "type": "Feature", "properties": { "organization": "Farm Credit Services of Mandan", "address": "1600 Old Red Trail", "city": "Mandan", "st": "ND", "zip": "58554", "office_type": "Headquarters" }, "geometry": { "type": "Point", "coordinates": [ -100.911842, 46.84881 ] } },
{ "type": "Feature", "properties": { "organization": "Farm Credit Southeast Missouri", "address": "1116 N Main St", "city": "Sikeston", "st": "MO", "zip": "63801", "office_type": "Headquarters" }, "geometry": { "type": "Point", "coordinates": [ -89.587369, 36.891552 ] } },
{ "type": "Feature", "properties": { "organization": "Farm Credit of Central Florida", "address": "204 E Orange Street, Suite 200", "city": "Lakeland", "st": "FL", "zip": "33801", "office_type": "Headquarters" }, "geometry": { "type": "Point", "coordinates": [ -81.955729, 28.04187 ] } },
{ "type": "Feature", "properties": { "organization": "Farm Credit of Florida", "address": "11903 Southern Boulevard Suite 200", "city": "Royal Palm Beach", "st": "FL", "zip": "33411", "office_type": "Headquarters" }, "geometry": { "type": "Point", "coordinates": [ -80.233473, 26.681983 ] } },
{ "type": "Feature", "properties": { "organization": "Farm Credit of Northwest Florida", "address": "5052 Highway 90 East", "city": "Marianna", "st": "FL", "zip": "32446", "office_type": "Headquarters" }, "geometry": { "type": "Point", "coordinates": [ -85.175321, 30.747311 ] } },
{ "type": "Feature", "properties": { "organization": "Farm Credit of Southern Colorado", "address": "5110 Edison Ave", "city": "Colorado Springs", "st": "CO", "zip": "80915", "office_type": "Headquarters" }, "geometry": { "type": "Point", "coordinates": [ -104.732345, 38.840358 ] } },
{ "type": "Feature", "properties": { "organization": "Farm Credit of Western Arkansas", "address": "5177 US Hwy 64 West", "city": "Russellville", "st": "AR", "zip": "72802", "office_type": "Headquarters" }, "geometry": { "type": "Point", "coordinates": [ -93.172282, 35.305036 ] } },
{ "type": "Feature", "properties": { "organization": "Farm Credit of Western Oklahoma", "address": "3302 Williams Avenue", "city": "Woodward", "st": "OK", "zip": "73801", "office_type": "Headquarters" }, "geometry": { "type": "Point", "coordinates": [ -99.378833, 36.412985 ] } },
{ "type": "Feature", "properties": { "organization": "Farm Credit of the Virginias", "address": "102 Industry Way", "city": "Staunton", "st": "VA", "zip": "24401", "office_type": "Headquarters" }, "geometry": { "type": "Point", "coordinates": [ -79.022089, 38.183796 ] } },
{ "type": "Feature", "properties": { "organization": "First South Farm Credit", "address": "260 Trace Colony Park Drive", "city": "Ridgeland", "st": "MS", "zip": "39157", "office_type": "Headquarters" }, "geometry": { "type": "Point", "coordinates": [ -90.15235, 32.42636 ] } },
{ "type": "Feature", "properties": { "organization": "Fresno Madera Farm Credit", "address": "4635 West Spruce", "city": "Fresno", "st": "CA", "zip": "93722", "office_type": "Headquarters" }, "geometry": { "type": "Point", "coordinates": [ -119.876401, 36.83854 ] } },
{ "type": "Feature", "properties": { "organization": "Frontier Farm Credit", "address": "2009 Vanesta Pl", "city": "Manhattan", "st": "KS", "zip": "66503", "office_type": "Headquarters" }, "geometry": { "type": "Point", "coordinates": [ -96.63668, 39.20354 ] } },
{ "type": "Feature", "properties": { "organization": "Golden State Farm Credit", "address": "1580 Ellis Street", "city": "Kingsburg", "st": "CA", "zip": "93631", "office_type": "Headquarters" }, "geometry": { "type": "Point", "coordinates": [ -119.551922, 36.516893 ] } },
{ "type": "Feature", "properties": { "organization": "GreenStone Farm Credit Services", "address": "3515 West Road", "city": "East Lansing", "st": "MI", "zip": "48823", "office_type": "Headquarters" }, "geometry": { "type": "Point", "coordinates": [ -84.510678, 42.76882 ] } },
{ "type": "Feature", "properties": { "organization": "High Plains Farm Credit", "address": "605 Main Street", "city": "Larned", "st": "KS", "zip": "67550", "office_type": "Headquarters" }, "geometry": { "type": "Point", "coordinates": [ -99.100174, 38.179983 ] } },
{ "type": "Feature", "properties": { "organization": "Horizon Farm Credit", "address": "300 Winding Creek Blvd", "city": "Mechanicsburg", "st": "PA", "zip": "17050", "office_type": "Headquarters" }, "geometry": { "type": "Point", "coordinates": [ -77.041167, 40.26411 ] } },
{ "type": "Feature", "properties": { "organization": "Idaho AgCredit", "address": "188 West Judicial", "city": "Blackfoot", "st": "ID", "zip": "83221", "office_type": "Headquarters" }, "geometry": { "type": "Point", "coordinates": [ -112.34776, 43.18903 ] } },
{ "type": "Feature", "properties": { "organization": "Legacy Ag Credit", "address": "303 Connally Street", "city": "Sulphur Springs", "st": "TX", "zip": "75482", "office_type": "Headquarters" }, "geometry": { "type": "Point", "coordinates": [ -95.603429, 33.138062 ] } },
{ "type": "Feature", "properties": { "organization": "Louisiana Land Bank ACA", "address": "2413 Tower Drive", "city": "Monroe", "st": "LA", "zip": "71201", "office_type": "Headquarters" }, "geometry": { "type": "Point", "coordinates": [ -92.100074, 32.527878 ] } },
{ "type": "Feature", "properties": { "organization": "Mississippi Land Bank", "address": "5509 Highway 51 North", "city": "Senatobia", "st": "MS", "zip": "38668", "office_type": "Headquarters" }, "geometry": { "type": "Point", "coordinates": [ -89.969042, 34.633292 ] } },
{ "type": "Feature", "properties": { "organization": "Oklahoma AgCredit", "address": "3033 Progressive Drive", "city": "Edmond", "st": "OK", "zip": "73034", "office_type": "Headquarters" }, "geometry": { "type": "Point", "coordinates": [ -97.414413, 35.685677 ] } },
{ "type": "Feature", "properties": { "organization": "Plains Land Bank", "address": "600 S. Tyler St., Suite 700", "city": "Amarillo", "st": "TX", "zip": "79101", "office_type": "Headquarters" }, "geometry": { "type": "Point", "coordinates": [ -101.838783, 35.207435 ] } },
{ "type": "Feature", "properties": { "organization": "Premier Farm Credit", "address": "202 Poplar Street", "city": "Sterling", "st": "CO", "zip": "80751", "office_type": "Headquarters" }, "geometry": { "type": "Point", "coordinates": [ -103.206553, 40.624935 ] } },
{ "type": "Feature", "properties": { "organization": "River Valley AgCredit", "address": "2731 Olivet Church Rd", "city": "Paducah", "st": "KY", "zip": "42001", "office_type": "Headquarters" }, "geometry": { "type": "Point", "coordinates": [ -88.70098, 37.07113 ] } },
{ "type": "Feature", "properties": { "organization": "Southern AgCredit", "address": "306 Commerce Center Drive", "city": "Ridgeland", "st": "MS", "zip": "39157", "office_type": "Headquarters" }, "geometry": { "type": "Point", "coordinates": [ -90.146372, 32.445271 ] } },
{ "type": "Feature", "properties": { "organization": "Southwest Georgia Farm Credit", "address": "305 Colquitt Highway", "city": "Bainbridge", "st": "GA", "zip": "39817", "office_type": "Headquarters" }, "geometry": { "type": "Point", "coordinates": [ -84.60502, 30.926492 ] } },
{ "type": "Feature", "properties": { "organization": "Texas Farm Credit Services", "address": "545 US Highway 77", "city": "Robstown", "st": "TX", "zip": "78380", "office_type": "Headquarters" }, "geometry": { "type": "Point", "coordinates": [ -97.660874, 27.780587 ] } },
{ "type": "Feature", "properties": { "organization": "Western AgCredit", "address": "10980 S Jordan Gateway", "city": "South Jordan", "st": "UT", "zip": "84095", "office_type": "Headquarters" }, "geometry": { "type": "Point", "coordinates": [ -111.899265, 40.551953 ] } },
{ "type": "Feature", "properties": { "organization": "Yosemite Farm Credit", "address": "800 West Monte Vista Avenue", "city": "Turlock", "st": "CA", "zip": "95382", "office_type": "Headquarters" }, "geometry": { "type": "Point", "coordinates": [ -120.85869, 37.521545 ] } }
]
}
