query_state,organization,address,city_state_zipcode,office_type,counties_served
AL,First South Farm Credit,41655 State Highway 59,"Bay Minette, AL 36507",Branch,"Baldwin, Clarke, Escambia, Mobile, Monroe, Washington"
AL,First South Farm Credit,1824 Eva Rd NE,"Cullman, AL 35055",Branch,"Blount, Cullman, Morgan"
AL,Alabama Farm Credit,1949 St Joseph Dr NW,"Cullman, AL 35055",Branch,"Blount, Cullman, Jefferson, Morgan, Walker, Winston"
AL,Alabama Ag Credit,921 Hwy 80 West,"Demopolis, AL 36732",Branch,"Bibb, Choctaw, Greene, Hale, Marengo, Perry, Pickens, Sumter, Tuscaloosa"
AL,Alabama Ag Credit,1001 Forest Drive,"Dothan, AL 36303",Branch,"Barbour, Dale, Henry, Houston"
AL,Alabama Ag Credit,9810 Timber Circle,"Spanish Fort, AL 36527",Branch,"Baldwin, Mobile, Washington"
AL,Alabama Ag Credit,7602 Halcyon Summit Dr,"Montgomery, AL 36117",Branch,"Autauga, Bullock, Butler, Coosa, Elmore, Lowndes, Montgomery"
AL,First South Farm Credit,1401 Forest Ave,"Montgomery, AL 36106",Branch,"Autauga, Bullock, Chilton, Coosa, Dallas, Elmore, Lowndes, Macon, Montgomery"
AL,First South Farm Credit,4210 McFarland Blvd,"Northport, AL 35476",Branch,"Bibb, Fayette, Lamar, Pickens, Tuscaloosa"
AL,Alabama Ag Credit,"2618 8th Street, Suite 10","Tuscaloosa, AL 35401",Branch,"Bibb, Pickens, Tuscaloosa"
AL,First South Farm Credit,320 Alabama Hwy 75 North,"Albertville, AL 35951",Branch,"Cherokee, De Kalb, Etowah, Jackson, Marshall"
AL,Alabama Farm Credit,808 AL Hwy 75 N,"Albertville, AL 35950",Branch,"Cherokee, De Kalb, Etowah, Marshall"
AL,First South Farm Credit,2341 Alabama Hwy 21 South,"Oxford, AL 36203",Branch,"Calhoun, Clay, Cleburne, Randolph, Saint Clair, Talladega"
AL,Alabama Ag Credit,921 Hwy 80 West,"Demopolis, AL 36732",Branch,"Bibb, Choctaw, Greene, Hale, Marengo, Perry, Pickens, Sumter, Tuscaloosa"
AL,First South Farm Credit,700 Hwy. 80 West,"Demopolis, AL 36732",Branch,"Choctaw, Greene, Hale, Marengo, Perry, Sumter"
AL,First South Farm Credit,141 Lee Street,"Luverne, AL 36049",Branch,"Butler, Crenshaw, Pike, Wilcox"
AL,Alabama Ag Credit,7602 Halcyon Summit Dr,"Montgomery, AL 36117",Branch,"Autauga, Bullock, Butler, Coosa, Elmore, Lowndes, Montgomery"
AL,First South Farm Credit,1401 Forest Ave,"Montgomery, AL 36106",Branch,"Autauga, Bullock, Chilton, Coosa, Dallas, Elmore, Lowndes, Macon, Montgomery"
AL,First South Farm Credit,1613 Frederick Road,"Opelika, AL 36801",Branch,"Chambers, Lee, Russell, Tallapoosa"
AL,Alabama Ag Credit,1431 Gateway Drive,"Opelika, AL 36801-5462",Branch,"Chambers, Lee, Macon, Russell, Tallapoosa"
AL,Alabama Ag Credit,420 Broad Street,"Selma, AL 36701",Branch,"Chilton, Dallas, Perry, Wilcox"
AL,Alabama Farm Credit,65696 AL Hwy 77,"Talladega, AL 35161",Branch,"Calhoun, Clay, Cleburne, Randolph, Saint Clair, Shelby, Talladega"
AL,First South Farm Credit,1103 Bypass West,"Andalusia, AL 36420",Branch,"Conecuh, Covington"
AL,First South Farm Credit,2341 Alabama Hwy 21 South,"Oxford, AL 36203",Branch,"Calhoun, Clay, Cleburne, Randolph, Saint Clair, Talladega"
AL,First South Farm Credit,41655 State Highway 59,"Bay Minette, AL 36507",Branch,"Baldwin, Clarke, Escambia, Mobile, Monroe, Washington"
AL,Alabama Ag Credit,1010 Boll Weevil Circle,"Enterprise, AL 36330",Branch,"Coffee, Covington, Crenshaw, Geneva, Pike"
AL,Alabama Ag Credit,87 North Mount Pleasant Avenue,"Monroeville, AL 36460",Branch,"Clarke, Conecuh, Escambia, Monroe"
AL,First South Farm Credit,970 Hwy. 20 East,"Tuscumbia, AL 35674",Branch,"Colbert, Franklin, Lauderdale, Marion"
AL,Alabama Farm Credit,65696 AL Hwy 77,"Talladega, AL 35161",Branch,"Calhoun, Clay, Cleburne, Randolph, Saint Clair, Shelby, Talladega"
AL,Alabama Farm Credit,1013 Hwy 72E,"Tuscumbia, AL 35674",Branch,"Colbert, Fayette, Franklin, Lamar, Lauderdale, Lawrence, Marion"
AL,First South Farm Credit,1103 Bypass West,"Andalusia, AL 36420",Branch,"Conecuh, Covington"
AL,First South Farm Credit,1824 Eva Rd NE,"Cullman, AL 35055",Branch,"Blount, Cullman, Morgan"
AL,Alabama Farm Credit,1949 St Joseph Dr NW,"Cullman, AL 35055",Branch,"Blount, Cullman, Jefferson, Morgan, Walker, Winston"
AL,Alabama Ag Credit,1001 Forest Drive,"Dothan, AL 36303",Branch,"Barbour, Dale, Henry, Houston"
AL,Alabama Ag Credit,1010 Boll Weevil Circle,"Enterprise, AL 36330",Branch,"Coffee, Covington, Crenshaw, Geneva, Pike"
AL,First South Farm Credit,141 Lee Street,"Luverne, AL 36049",Branch,"Butler, Crenshaw, Pike, Wilcox"
AL,Alabama Ag Credit,7602 Halcyon Summit Dr,"Montgomery, AL 36117",Branch,"Autauga, Bullock, Butler, Coosa, Elmore, Lowndes, Montgomery"
AL,First South Farm Credit,1401 Forest Ave,"Montgomery, AL 36106",Branch,"Autauga, Bullock, Chilton, Coosa, Dallas, Elmore, Lowndes, Macon, Montgomery"
AL,Alabama Ag Credit,420 Broad Street,"Selma, AL 36701",Branch,"Chilton, Dallas, Perry, Wilcox"
AL,First South Farm Credit,320 Alabama Hwy 75 North,"Albertville, AL 35951",Branch,"Cherokee, De Kalb, Etowah, Jackson, Marshall"
AL,Alabama Farm Credit,808 AL Hwy 75 N,"Albertville, AL 35950",Branch,"Cherokee, De Kalb, Etowah, Marshall"
AL,First South Farm Credit,41655 State Highway 59,"Bay Minette, AL 36507",Branch,"Baldwin, Clarke, Escambia, Mobile, Monroe, Washington"
AL,Alabama Ag Credit,87 North Mount Pleasant Avenue,"Monroeville, AL 36460",Branch,"Clarke, Conecuh, Escambia, Monroe"
AL,Alabama Ag Credit,7602 Halcyon Summit Dr,"Montgomery, AL 36117",Branch,"Autauga, Bullock, Butler, Coosa, Elmore, Lowndes, Montgomery"
AL,First South Farm Credit,1401 Forest Ave,"Montgomery, AL 36106",Branch,"Autauga, Bullock, Chilton, Coosa, Dallas, Elmore, Lowndes, Macon, Montgomery"
AL,First South Farm Credit,970 Hwy. 20 East,"Tuscumbia, AL 35674",Branch,"Colbert, Franklin, Lauderdale, Marion"
AL,First South Farm Credit,4210 McFarland Blvd,"Northport, AL 35476",Branch,"Bibb, Fayette, Lamar, Pickens, Tuscaloosa"
AL,Alabama Farm Credit,1013 Hwy 72E,"Tuscumbia, AL 35674",Branch,"Colbert, Fayette, Franklin, Lamar, Lauderdale, Lawrence, Marion"
AL,First South Farm Credit,320 Alabama Hwy 75 North,"Albertville, AL 35951",Branch,"Cherokee, De Kalb, Etowah, Jackson, Marshall"
AL,Alabama Farm Credit,26243 US Highway 72,"Athens, AL 35613",Branch,"Jackson, Limestone, Madison"
AL,Alabama Ag Credit,921 Hwy 80 West,"Demopolis, AL 36732",Branch,"Bibb, Choctaw, Greene, Hale, Marengo, Perry, Pickens, Sumter, Tuscaloosa"
AL,First South Farm Credit,700 Hwy. 80 West,"Demopolis, AL 36732",Branch,"Choctaw, Greene, Hale, Marengo, Perry, Sumter"
AL,Alabama Ag Credit,1001 Forest Drive,"Dothan, AL 36303",Branch,"Barbour, Dale, Henry, Houston"
AL,Alabama Ag Credit,1010 Boll Weevil Circle,"Enterprise, AL 36330",Branch,"Coffee, Covington, Crenshaw, Geneva, Pike"
AL,Alabama Farm Credit,26243 US Highway 72,"Athens, AL 35613",Branch,"Jackson, Limestone, Madison"
AL,First South Farm Credit,30035 US Highway 72 West,"Madison, AL 35756-3225",Branch,"Limestone, Madison"
AL,First South Farm Credit,1960 Stonegate Drive,"Birmingham, AL 35242",Branch,"Jefferson, Shelby"
AL,Alabama Farm Credit,1949 St Joseph Dr NW,"Cullman, AL 35055",Branch,"Blount, Cullman, Jefferson, Morgan, Walker, Winston"
AL,First South Farm Credit,14390 Market St,"Moulton, AL 35650",Branch,"Lawrence, Walker, Winston"
AL,First South Farm Credit,970 Hwy. 20 East,"Tuscumbia, AL 35674",Branch,"Colbert, Franklin, Lauderdale, Marion"
AL,First South Farm Credit,4210 McFarland Blvd,"Northport, AL 35476",Branch,"Bibb, Fayette, Lamar, Pickens, Tuscaloosa"
AL,First South Farm Credit,1613 Frederick Road,"Opelika, AL 36801",Branch,"Chambers, Lee, Russell, Tallapoosa"
AL,Alabama Ag Credit,1431 Gateway Drive,"Opelika, AL 36801-5462",Branch,"Chambers, Lee, Macon, Russell, Tallapoosa"
AL,Alabama Farm Credit,1013 Hwy 72E,"Tuscumbia, AL 35674",Branch,"Colbert, Fayette, Franklin, Lamar, Lauderdale, Lawrence, Marion"
AL,Alabama Farm Credit,808 AL Hwy 75 N,"Albertville, AL 35950",Branch,"Cherokee, De Kalb, Etowah, Marshall"
AL,First South Farm Credit,320 Alabama Hwy 75 North,"Albertville, AL 35951",Branch,"Cherokee, De Kalb, Etowah, Jackson, Marshall"
AL,First South Farm Credit,30035 US Highway 72 West,"Madison, AL 35756-3225",Branch,"Limestone, Madison"
AL,Alabama Farm Credit,26243 US Highway 72,"Athens, AL 35613",Branch,"Jackson, Limestone, Madison"
AL,Alabama Ag Credit,921 Hwy 80 West,"Demopolis, AL 36732",Branch,"Bibb, Choctaw, Greene, Hale, Marengo, Perry, Pickens, Sumter, Tuscaloosa"
AL,First South Farm Credit,700 Hwy. 80 West,"Demopolis, AL 36732",Branch,"Choctaw, Greene, Hale, Marengo, Perry, Sumter"
AL,Alabama Ag Credit,7602 Halcyon Summit Dr,"Montgomery, AL 36117",Branch,"Autauga, Bullock, Butler, Coosa, Elmore, Lowndes, Montgomery"
AL,First South Farm Credit,1401 Forest Ave,"Montgomery, AL 36106",Branch,"Autauga, Bullock, Chilton, Coosa, Dallas, Elmore, Lowndes, Macon, Montgomery"
AL,First South Farm Credit,970 Hwy. 20 East,"Tuscumbia, AL 35674",Branch,"Colbert, Franklin, Lauderdale, Marion"
AL,Alabama Ag Credit,1431 Gateway Drive,"Opelika, AL 36801-5462",Branch,"Chambers, Lee, Macon, Russell, Tallapoosa"
AL,Alabama Farm Credit,1013 Hwy 72E,"Tuscumbia, AL 35674",Branch,"Colbert, Fayette, Franklin, Lamar, Lauderdale, Lawrence, Marion"
AL,First South Farm Credit,41655 State Highway 59,"Bay Minette, AL 36507",Branch,"Baldwin, Clarke, Escambia, Mobile, Monroe, Washington"
AL,Alabama Farm Credit,1949 St Joseph Dr NW,"Cullman, AL 35055",Branch,"Blount, Cullman, Jefferson, Morgan, Walker, Winston"
AL,First South Farm Credit,1824 Eva Rd NE,"Cullman, AL 35055",Branch,"Blount, Cullman, Morgan"
AL,Alabama Ag Credit,921 Hwy 80 West,"Demopolis, AL 36732",Branch,"Bibb, Choctaw, Greene, Hale, Marengo, Perry, Pickens, Sumter, Tuscaloosa"
AL,First South Farm Credit,700 Hwy. 80 West,"Demopolis, AL 36732",Branch,"Choctaw, Greene, Hale, Marengo, Perry, Sumter"
AL,Alabama Ag Credit,9810 Timber Circle,"Spanish Fort, AL 36527",Branch,"Baldwin, Mobile, Washington"
AL,Alabama Ag Credit,87 North Mount Pleasant Avenue,"Monroeville, AL 36460",Branch,"Clarke, Conecuh, Escambia, Monroe"
AL,Alabama Ag Credit,7602 Halcyon Summit Dr,"Montgomery, AL 36117",Branch,"Autauga, Bullock, Butler, Coosa, Elmore, Lowndes, Montgomery"
AL,First South Farm Credit,1401 Forest Ave,"Montgomery, AL 36106",Branch,"Autauga, Bullock, Chilton, Coosa, Dallas, Elmore, Lowndes, Macon, Montgomery"
AL,First South Farm Credit,4210 McFarland Blvd,"Northport, AL 35476",Branch,"Bibb, Fayette, Lamar, Pickens, Tuscaloosa"
AL,Alabama Ag Credit,420 Broad Street,"Selma, AL 36701",Branch,"Chilton, Dallas, Perry, Wilcox"
AL,Alabama Ag Credit,"2618 8th Street, Suite 10","Tuscaloosa, AL 35401",Branch,"Bibb, Pickens, Tuscaloosa"
AL,First South Farm Credit,2341 Alabama Hwy 21 South,"Oxford, AL 36203",Branch,"Calhoun, Clay, Cleburne, Randolph, Saint Clair, Talladega"
AL,First South Farm Credit,1960 Stonegate Drive,"Birmingham, AL 35242",Branch,"Jefferson, Shelby"
AL,Alabama Ag Credit,921 Hwy 80 West,"Demopolis, AL 36732",Branch,"Bibb, Choctaw, Greene, Hale, Marengo, Perry, Pickens, Sumter, Tuscaloosa"
AL,First South Farm Credit,700 Hwy. 80 West,"Demopolis, AL 36732",Branch,"Choctaw, Greene, Hale, Marengo, Perry, Sumter"
AL,Alabama Ag Credit,1010 Boll Weevil Circle,"Enterprise, AL 36330",Branch,"Coffee, Covington, Crenshaw, Geneva, Pike"
AL,First South Farm Credit,141 Lee Street,"Luverne, AL 36049",Branch,"Butler, Crenshaw, Pike, Wilcox"
AL,First South Farm Credit,1613 Frederick Road,"Opelika, AL 36801",Branch,"Chambers, Lee, Russell, Tallapoosa"
AL,Alabama Ag Credit,1431 Gateway Drive,"Opelika, AL 36801-5462",Branch,"Chambers, Lee, Macon, Russell, Tallapoosa"
AL,Alabama Farm Credit,65696 AL Hwy 77,"Talladega, AL 35161",Branch,"Calhoun, Clay, Cleburne, Randolph, Saint Clair, Shelby, Talladega"
AL,First South Farm Credit,2341 Alabama Hwy 21 South,"Oxford, AL 36203",Branch,"Calhoun, Clay, Cleburne, Randolph, Saint Clair, Talladega"
AL,First South Farm Credit,41655 State Highway 59,"Bay Minette, AL 36507",Branch,"Baldwin, Clarke, Escambia, Mobile, Monroe, Washington"
AL,Alabama Farm Credit,1949 St Joseph Dr NW,"Cullman, AL 35055",Branch,"Blount, Cullman, Jefferson, Morgan, Walker, Winston"
AL,Alabama Ag Credit,921 Hwy 80 West,"Demopolis, AL 36732",Branch,"Bibb, Choctaw, Greene, Hale, Marengo, Perry, Pickens, Sumter, Tuscaloosa"
AL,Alabama Ag Credit,9810 Timber Circle,"Spanish Fort, AL 36527",Branch,"Baldwin, Mobile, Washington"
AL,First South Farm Credit,141 Lee Street,"Luverne, AL 36049",Branch,"Butler, Crenshaw, Pike, Wilcox"
AL,First South Farm Credit,14390 Market St,"Moulton, AL 35650",Branch,"Lawrence, Walker, Winston"
AL,First South Farm Credit,4210 McFarland Blvd,"Northport, AL 35476",Branch,"Bibb, Fayette, Lamar, Pickens, Tuscaloosa"
AL,First South Farm Credit,1613 Frederick Road,"Opelika, AL 36801",Branch,"Chambers, Lee, Russell, Tallapoosa"
AL,Alabama Ag Credit,1431 Gateway Drive,"Opelika, AL 36801-5462",Branch,"Chambers, Lee, Macon, Russell, Tallapoosa"
AL,Alabama Ag Credit,420 Broad Street,"Selma, AL 36701",Branch,"Chilton, Dallas, Perry, Wilcox"
AL,Alabama Farm Credit,65696 AL Hwy 77,"Talladega, AL 35161",Branch,"Calhoun, Clay, Cleburne, Randolph, Saint Clair, Shelby, Talladega"
AL,Alabama Ag Credit,"2618 8th Street, Suite 10","Tuscaloosa, AL 35401",Branch,"Bibb, Pickens, Tuscaloosa"
AL,Alabama Farm Credit,1949 St Joseph Dr NW,"Cullman, AL 35055",Branch,"Blount, Cullman, Jefferson, Morgan, Walker, Winston"
AL,First South Farm Credit,14390 Market St,"Moulton, AL 35650",Branch,"Lawrence, Walker, Winston"
AK,AgWest Farm Credit,2157 North Northlake Way,"Seattle, WA 98103-9184",Branch,"Aleutians East, Aleutians West, Anchorage, Bethel, Bristol Bay, Denali, Dillingham, Fairbanks North Star, Haines, Juneau, Kenai Peninsula, Ketchikan Gateway, King, Kodiak Island, Lake and Peninsula, Matanuska Susitna, Nome, North Slope, Northwest Arctic, Prince Wales Ketchikan, Sitka, Skagway Hoonah Angoon, Southeast Fairbanks, Valdez Cordova, Wade Hampton, Wrangell Petersburg, Yakutat, Yukon Koyukuk"
AK,AgWest Farm Credit,2157 North Northlake Way,"Seattle, WA 98103-9184",Branch,"Aleutians East, Aleutians West, Anchorage, Bethel, Bristol Bay, Denali, Dillingham, Fairbanks North Star, Haines, Juneau, Kenai Peninsula, Ketchikan Gateway, King, Kodiak Island, Lake and Peninsula, Matanuska Susitna, Nome, North Slope, Northwest Arctic, Prince Wales Ketchikan, Sitka, Skagway Hoonah Angoon, Southeast Fairbanks, Valdez Cordova, Wade Hampton, Wrangell Petersburg, Yakutat, Yukon Koyukuk"
AK,AgWest Farm Credit,2157 North Northlake Way,"Seattle, WA 98103-9184",Branch,"Aleutians East, Aleutians West, Anchorage, Bethel, Bristol Bay, Denali, Dillingham, Fairbanks North Star, Haines, Juneau, Kenai Peninsula, Ketchikan Gateway, King, Kodiak Island, Lake and Peninsula, Matanuska Susitna, Nome, North Slope, Northwest Arctic, Prince Wales Ketchikan, Sitka, Skagway Hoonah Angoon, Southeast Fairbanks, Valdez Cordova, Wade Hampton, Wrangell Petersburg, Yakutat, Yukon Koyukuk"
AK,AgWest Farm Credit,2157 North Northlake Way,"Seattle, WA 98103-9184",Branch,"Aleutians East, Aleutians West, Anchorage, Bethel, Bristol Bay, Denali, Dillingham, Fairbanks North Star, Haines, Juneau, Kenai Peninsula, Ketchikan Gateway, King, Kodiak Island, Lake and Peninsula, Matanuska Susitna, Nome, North Slope, Northwest Arctic, Prince Wales Ketchikan, Sitka, Skagway Hoonah Angoon, Southeast Fairbanks, Valdez Cordova, Wade Hampton, Wrangell Petersburg, Yakutat, Yukon Koyukuk"
AK,AgWest Farm Credit,2157 North Northlake Way,"Seattle, WA 98103-9184",Branch,"Aleutians East, Aleutians West, Anchorage, Bethel, Bristol Bay, Denali, Dillingham, Fairbanks North Star, Haines, Juneau, Kenai Peninsula, Ketchikan Gateway, King, Kodiak Island, Lake and Peninsula, Matanuska Susitna, Nome, North Slope, Northwest Arctic, Prince Wales Ketchikan, Sitka, Skagway Hoonah Angoon, Southeast Fairbanks, Valdez Cordova, Wade Hampton, Wrangell Petersburg, Yakutat, Yukon Koyukuk"
AZ,AgWest Farm Credit,1120 S. 20th Avenue,"Safford, AZ 85546",Branch,"Apache, Cochise, Coconino, Gila, Graham, Greenlee, Mohave, Navajo, Santa Cruz, Yavapai"
AZ,AgWest Farm Credit,3003 S. Fair Lane,"Tempe, AZ 85282",Branch,"Coconino, La Paz, Maricopa, Pima, Pinal"
AZ,Western AgCredit,2495 N. Main Street,"Cedar City, UT 84721",Branch,"Clark, Coconino, Iron, Kane, Lincoln, Mohave, Utah, Washington"
AZ,AgWest Farm Credit,1120 S. 20th Avenue,"Safford, AZ 85546",Branch,"Apache, Cochise, Coconino, Gila, Graham, Greenlee, Mohave, Navajo, Santa Cruz, Yavapai"
AZ,AgWest Farm Credit,3003 S. Fair Lane,"Tempe, AZ 85282",Branch,"Coconino, La Paz, Maricopa, Pima, Pinal"
AZ,Western AgCredit,2495 N. Main Street,"Cedar City, UT 84721",Branch,"Clark, Coconino, Iron, Kane, Lincoln, Mohave, Utah, Washington"
AZ,AgWest Farm Credit,1120 S. 20th Avenue,"Safford, AZ 85546",Branch,"Apache, Cochise, Coconino, Gila, Graham, Greenlee, Mohave, Navajo, Santa Cruz, Yavapai"
AR,Farm Credit of Western Arkansas,3600 SW Regional Airport Blvd. Suite 16,"Bentonville, AR 72712",Branch,
AR,Farm Credit of Western Arkansas,129 W Industrial Park Rd,"Harrison, AR 72601",Branch,"Baxter, Boone, Carroll, Marion, Newton, Searcy"
AR,AgHeritage Farm Credit Services,6035 Highway 65 N,"McGehee, AR 71654",Branch,"Ashley, Chicot, Desha, Drew"
AR,Farm Credit of Western Arkansas,4970 Hwy 412 East,"Siloam Springs, AR 72761",Branch,
AR,AgHeritage Farm Credit Services,1102 E 22nd St,"Stuttgart, AR 72160",Branch,"Arkansas, Jefferson, Prairie"
AR,Farm Credit of Western Arkansas,2858 Walnut St.,"Arkadelphia, AR 71923-6530",Branch,"Clark, Dallas, Hot Spring"
AR,Farm Credit of Western Arkansas,129 W Industrial Park Rd,"Harrison, AR 72601",Branch,"Baxter, Boone, Carroll, Marion, Newton, Searcy"
AR,Farm Credit of Western Arkansas,1703 Pittman St,"Magnolia, AR 71753-3266",Branch,"Calhoun, Columbia, Ouachita, Union"
AR,AgHeritage Farm Credit Services,6035 Highway 65 N,"McGehee, AR 71654",Branch,"Ashley, Chicot, Desha, Drew"
AR,AgHeritage Farm Credit Services,2620 S Main St,"Searcy, AR 72143",Branch,"Cleburne, Prairie, White"
AR,Farm Credit of Western Arkansas,641 Highway 71 N Ste 102,"Alma, AR 72921-5107",Branch,
AR,Farm Credit of Western Arkansas,12907 Hwy 71 South,"Fort Smith, AR 72916",Branch,"Crawford, Sebastian"
AR,Farm Credit Mid-America,3000 Prosperity Drive,"Jonesboro, AR 72404",Branch,"Craighead, Poinsett"
AR,Farm Credit of Western Arkansas,1703 Pittman St,"Magnolia, AR 71753-3266",Branch,"Calhoun, Columbia, Ouachita, Union"
AR,Farm Credit Mid-America,151 Block Street,"Marion, AR 72364",Branch,
AR,Farm Credit of Western Arkansas,1329 Hwy 9,"Morrilton, AR 72110",Branch,"Conway, Perry"
AR,Farm Credit of Western Arkansas,2858 Walnut St.,"Arkadelphia, AR 71923-6530",Branch,"Clark, Dallas, Hot Spring"
AR,Farm Credit Mid-America,6216 Hwy 49,"Poplar Grove, AR 72374-8900",Branch,"Desha, Lee, Phillips"
AR,Farm Credit of Western Arkansas,89C N Broadview St,"Greenbrier, AR 72058",Branch,"Faulkner, Van Buren"
AR,AgHeritage Farm Credit Services,6035 Highway 65 N,"McGehee, AR 71654",Branch,"Ashley, Chicot, Desha, Drew"
AR,Farm Credit of Western Arkansas,1808 Farm Credit Dr,"Ozark, AR 72949",Branch,
AR,Farm Credit of Western Arkansas,3772 W Hwy 22,"Paris, AR 72855",Branch,"Franklin, Logan"
AR,Farm Credit Mid-America,1674 S Falls Blvd,"Wynne, AR 72396-0389",Branch,"Cross, Saint Francis"
AR,Farm Credit of Western Arkansas,2858 Walnut St.,"Arkadelphia, AR 71923-6530",Branch,"Clark, Dallas, Hot Spring"
AR,Farm Credit of Western Arkansas,15227 I-30 South,"Benton, AR 72015",Branch,"Grant, Saline"
AR,Farm Credit of Western Arkansas,1722 E 3rd St.,"Hope, AR 71801",Branch,"Hempstead, Nevada"
AR,Farm Credit Mid-America,1312 Highway 135 N,"Paragould, AR 72450",Branch,
AR,AgHeritage Farm Credit Services,1105 Pace Rd,"Pocahontas, AR 72455",Branch,"Fulton, Lawrence, Randolph, Sharp"
AR,AgHeritage Farm Credit Services,1169 Batesville Blvd,"Batesville, AR 72501",Branch,"Independence, Izard, Stone"
AR,Farm Credit of Western Arkansas,1007 Interstate RD,"Clarksville, AR 72830",Branch,
AR,Farm Credit of Western Arkansas,302 W Bishop St,"Nashville, AR 71852",Branch,
AR,AgHeritage Farm Credit Services,2800 Stegall Rd,"Newport, AR 72112",Branch,"Jackson, Woodruff"
AR,Farm Credit of Western Arkansas,2797 E Parkway Dr.,"Russellville, AR 72802",Branch,"Johnson, Pope"
AR,AgHeritage Farm Credit Services,1102 E 22nd St,"Stuttgart, AR 72160",Branch,"Arkansas, Jefferson, Prairie"
AR,Farm Credit Mid-America,6216 Hwy 49,"Poplar Grove, AR 72374-8900",Branch,"Desha, Lee, Phillips"
AR,Farm Credit of Western Arkansas,3772 W Hwy 22,"Paris, AR 72855",Branch,"Franklin, Logan"
AR,AgHeritage Farm Credit Services,1105 Pace Rd,"Pocahontas, AR 72455",Branch,"Fulton, Lawrence, Randolph, Sharp"
AR,Farm Credit of Western Arkansas,2305 Trinity Blvd.,"Texarkana, AR 71854",Branch,"Lafayette, Little River, Miller"
AR,AgHeritage Farm Credit Services,498 Broadmoor Dr,"Brinkley, AR 72021",Branch,"Monroe, Prairie, Woodruff"
AR,Farm Credit of Western Arkansas,129 W Industrial Park Rd,"Harrison, AR 72601",Branch,"Baxter, Boone, Carroll, Marion, Newton, Searcy"
AR,Farm Credit of Western Arkansas,14238 Highway 412,"Huntsville, AR 72740",Branch,
AR,AgHeritage Farm Credit Services,1121 W Front Street,"Lonoke, AR 72086",Branch,"Lonoke, Prairie, Pulaski"
AR,Farm Credit Mid-America,4389 W Keiser Ave,"Osceola, AR 72370",Branch,"Lauderdale, Mississippi, Shelby, Tipton"
AR,Farm Credit of Western Arkansas,2305 Trinity Blvd.,"Texarkana, AR 71854",Branch,"Lafayette, Little River, Miller"
AR,Farm Credit of Western Arkansas,1091 W Henri De Tonti Blvd.,"Springdale, AR 72762",Branch,"Madison, Washington"
AR,Farm Credit Mid-America,6216 Hwy 49,"Poplar Grove, AR 72374-8900",Branch,"Desha, Lee, Phillips"
AR,Farm Credit of Western Arkansas,129 W Industrial Park Rd,"Harrison, AR 72601",Branch,"Baxter, Boone, Carroll, Marion, Newton, Searcy"
AR,Farm Credit of Western Arkansas,1722 E 3rd St.,"Hope, AR 71801",Branch,"Hempstead, Nevada"
AR,Farm Credit of Western Arkansas,1703 Pittman St,"Magnolia, AR 71753-3266",Branch,"Calhoun, Columbia, Ouachita, Union"
AR,Farm Credit of Western Arkansas,1329 Hwy 9,"Morrilton, AR 72110",Branch,"Conway, Perry"
AR,AgHeritage Farm Credit Services,498 Broadmoor Dr,"Brinkley, AR 72021",Branch,"Monroe, Prairie, Woodruff"
AR,Farm Credit Mid-America,3000 Prosperity Drive,"Jonesboro, AR 72404",Branch,"Craighead, Poinsett"
AR,AgHeritage Farm Credit Services,1121 W Front Street,"Lonoke, AR 72086",Branch,"Lonoke, Prairie, Pulaski"
AR,Farm Credit of Western Arkansas,1607 Hwy 71 North,"Mena, AR 71953",Branch,"Polk, Scott"
AR,Farm Credit of Western Arkansas,2797 E Parkway Dr.,"Russellville, AR 72802",Branch,"Johnson, Pope"
AR,AgHeritage Farm Credit Services,2620 S Main St,"Searcy, AR 72143",Branch,"Cleburne, Prairie, White"
AR,AgHeritage Farm Credit Services,1102 E 22nd St,"Stuttgart, AR 72160",Branch,"Arkansas, Jefferson, Prairie"
AR,Farm Credit of Western Arkansas,15227 I-30 South,"Benton, AR 72015",Branch,"Grant, Saline"
AR,Farm Credit of Western Arkansas,12907 Hwy 71 South,"Fort Smith, AR 72916",Branch,"Crawford, Sebastian"
AR,Farm Credit of Western Arkansas,129 W Industrial Park Rd,"Harrison, AR 72601",Branch,"Baxter, Boone, Carroll, Marion, Newton, Searcy"
AR,Farm Credit of Western Arkansas,1607 Hwy 71 North,"Mena, AR 71953",Branch,"Polk, Scott"
AR,AgHeritage Farm Credit Services,1105 Pace Rd,"Pocahontas, AR 72455",Branch,"Fulton, Lawrence, Randolph, Sharp"
AR,AgHeritage Farm Credit Services,1169 Batesville Blvd,"Batesville, AR 72501",Branch,"Independence, Izard, Stone"
AR,Farm Credit of Western Arkansas,800 E Magnolia Ave,"De Queen, AR 71832",Branch,
AR,Farm Credit of Western Arkansas,89C N Broadview St,"Greenbrier, AR 72058",Branch,"Faulkner, Van Buren"
AR,Farm Credit of Western Arkansas,1703 Pittman St,"Magnolia, AR 71753-3266",Branch,"Calhoun, Columbia, Ouachita, Union"
AR,AgHeritage Farm Credit Services,1105 Pace Rd,"Pocahontas, AR 72455",Branch,"Fulton, Lawrence, Randolph, Sharp"
AR,Farm Credit of Western Arkansas,1181 East Heritage Parkway,"Prairie Grove, AR 72753",Branch,
AR,Farm Credit of Western Arkansas,1091 W Henri De Tonti Blvd.,"Springdale, AR 72762",Branch,"Madison, Washington"
AR,AgHeritage Farm Credit Services,498 Broadmoor Dr,"Brinkley, AR 72021",Branch,"Monroe, Prairie, Woodruff"
AR,Farm Credit of Western Arkansas,302 E 5th ST,"Danville, AR 72833-9786",Branch,
AR,AgHeritage Farm Credit Services,2800 Stegall Rd,"Newport, AR 72112",Branch,"Jackson, Woodruff"
AR,AgHeritage Farm Credit Services,2620 S Main St,"Searcy, AR 72143",Branch,"Cleburne, Prairie, White"
CA,American AgCredit,403 E Hwy 395,"Alturas, CA 96101",Branch,"Alpine, Lassen, Modoc, Plumas, Sierra, Siskiyou"
CA,Golden State Farm Credit,3013 Ceres Ave,"Chico, CA 95973",Headquarters,"Butte, Fresno, Glenn, Kings, Shasta, Tehama, Trinity, Tulare"
CA,Farm Credit Services of Colusa-Glenn,2970 Davison CT,"Colusa, CA 95932",Branch,"Colusa, Glenn"
CA,Golden State Farm Credit,1580 Ellis Street,"Kingsburg, CA 93631",Headquarters,"Butte, Fresno, Glenn, Kings, Shasta, Tehama, Trinity, Tulare"
CA,Golden State Farm Credit,1530 Marion St.,"Kingsburg, CA 93631",Branch,"Butte, Fresno, Glenn, Kings, Shasta, Tehama, Trinity, Tulare"
CA,American AgCredit,2345 E. Earhart Ave,"Stockton, CA 95206",Branch,"Alameda, Amador, Calaveras, Contra Costa, Del Norte, El Dorado, Sacramento, San Joaquin"
CA,Golden State Farm Credit,201-A North Tehama Street,"Willows, CA 95988",Branch,"Butte, Glenn"
CA,AgWest Farm Credit,1800 Lassen Blvd.,"Yuba City, CA 95993",Branch,"Butte, El Dorado, Nevada, Placer, Sacramento, Solano, Sutter, Yolo, Yuba"
CA,American AgCredit,1440 W Williams Ave,"Fallon, NV 89406",Branch,"Alpine, Carson City, Churchill, Clark, Douglas, Elko, Esmeralda, Eureka, Humboldt, Humboldt, Lander, Lincoln, Lyon, Mineral, Mono, Nye, Pershing, Plumas, Sierra, Storey, Washoe, White Pine"
CA,Golden State Farm Credit,3013 Ceres Ave,"Chico, CA 95973",Headquarters,"Butte, Fresno, Glenn, Kings, Shasta, Tehama, Trinity, Tulare"
CA,Farm Credit Services of Colusa-Glenn,2970 Davison CT,"Colusa, CA 95932",Branch,"Colusa, Glenn"
CA,AgWest Farm Credit,940 W. El Monte Way,"Dinuba, CA 93618",Branch,"Fresno, Tulare"
CA,American AgCredit,5560 S Broadway,"Eureka, CA 95503",Branch,"Del Norte, Humboldt, Trinity"
CA,Fresno Madera Farm Credit,4635 W Spruce Ave,"Fresno, CA 93722-8425",Branch,"Fresno, Madera"
CA,Fresno Madera Farm Credit,4635 W Spruce Ave,"Fresno, CA 93722-8425",Branch,"Fresno, Madera"
CA,Fresno Madera Farm Credit,1698 Draper Street,"Kingsburg, CA 93631",Branch,
CA,Fresno Madera Farm Credit,3475 Golden State Blvd,"Madera, CA 93637",Branch,"Fresno, Madera"
CA,Golden State Farm Credit,1001 East 3rd Street,"Hanford, CA 93230",Branch,"Fresno, Kings, Tulare"
CA,Golden State Farm Credit,1580 Ellis Street,"Kingsburg, CA 93631",Headquarters,"Butte, Fresno, Glenn, Kings, Shasta, Tehama, Trinity, Tulare"
CA,Golden State Farm Credit,1530 Marion St.,"Kingsburg, CA 93631",Branch,"Butte, Fresno, Glenn, Kings, Shasta, Tehama, Trinity, Tulare"
CA,Yosemite Farm Credit,530 Washington Avenue,"Los Banos, CA 93635",Branch,"Fresno, Merced"
CA,Yosemite Farm Credit,760 W 18th Street,"Merced, CA 95340",Branch,"Fresno, Mariposa, Merced"
CA,American AgCredit,711 W 19th ST,"Merced, CA 95340-4606",Branch,"Fresno, Mariposa, Merced, Stanislaus"
CA,American AgCredit,2345 E. Earhart Ave,"Stockton, CA 95206",Branch,"Alameda, Amador, Calaveras, Contra Costa, Del Norte, El Dorado, Sacramento, San Joaquin"
CA,AgWest Farm Credit,175 Cow Meadow Place,"Paso Robles, CA 93446",Branch,"Fresno, Kern, Kings, Merced, Monterey, San Luis Obispo, Santa Barbara, Ventura"
CA,AgWest Farm Credit,200 E. Cartmill Avenue,"Tulare, CA 93274",Branch,"Fresno, Kern, Merced, Tulare"
CA,Golden State Farm Credit,201-A North Tehama Street,"Willows, CA 95988",Branch,"Butte, Glenn"
CA,AgWest Farm Credit,440 Pioneer Avenue,"Woodland, CA 95776",Branch,"El Dorado, Nevada, Sacramento, Solano, Yolo"
CA,AgWest Farm Credit,1800 Lassen Blvd.,"Yuba City, CA 95993",Branch,"Butte, El Dorado, Nevada, Placer, Sacramento, Solano, Sutter, Yolo, Yuba"
CA,American AgCredit,1440 W Williams Ave,"Fallon, NV 89406",Branch,"Alpine, Carson City, Churchill, Clark, Douglas, Elko, Esmeralda, Eureka, Humboldt, Humboldt, Lander, Lincoln, Lyon, Mineral, Mono, Nye, Pershing, Plumas, Sierra, Storey, Washoe, White Pine"
CA,American AgCredit,255 W Peckham Lane,"Reno, NV 89509",Branch,"Carson City, Churchill, Clark, Douglas, Elko, Esmeralda, Eureka, Humboldt, Humboldt, Lander, Lassen, Lincoln, Lyon, Mineral, Modoc, Mono, Nye, Pershing, Plumas, Sierra, Siskiyou, Storey, Washoe, White Pine"
CA,American AgCredit,403 E Hwy 395,"Alturas, CA 96101",Branch,"Alpine, Lassen, Modoc, Plumas, Sierra, Siskiyou"
CA,Golden State Farm Credit,3013 Ceres Ave,"Chico, CA 95973",Headquarters,"Butte, Fresno, Glenn, Kings, Shasta, Tehama, Trinity, Tulare"
CA,Golden State Farm Credit,1001 East 3rd Street,"Hanford, CA 93230",Branch,"Fresno, Kings, Tulare"
CA,AgWest Farm Credit,1111 W Lacey Blvd,"Hanford, CA 93230",Branch,
CA,AgWest Farm Credit,485 Business Park Way,"Imperial , CA 92251-9900",Branch,"Imperial, Riverside"
CA,AgWest Farm Credit,19628 Industry Pkwy Dr,"Bakersfield, CA 93308",Branch,"Esmeralda, Inyo, Kern, Los Angeles, Mineral, Mono, Nye, Tulare, Ventura"
CA,Golden State Farm Credit,1580 Ellis Street,"Kingsburg, CA 93631",Headquarters,"Butte, Fresno, Glenn, Kings, Shasta, Tehama, Trinity, Tulare"
CA,Golden State Farm Credit,1530 Marion St.,"Kingsburg, CA 93631",Branch,"Butte, Fresno, Glenn, Kings, Shasta, Tehama, Trinity, Tulare"
CA,AgWest Farm Credit,175 Cow Meadow Place,"Paso Robles, CA 93446",Branch,"Fresno, Kern, Kings, Merced, Monterey, San Luis Obispo, Santa Barbara, Ventura"
CA,AgWest Farm Credit,200 E. Cartmill Avenue,"Tulare, CA 93274",Branch,"Fresno, Kern, Merced, Tulare"
CA,American AgCredit,455 E Gobbi St,"Ukiah, CA 95482",Branch,"Lake, Mendocino"
CA,American AgCredit,255 W Peckham Lane,"Reno, NV 89509",Branch,"Carson City, Churchill, Clark, Douglas, Elko, Esmeralda, Eureka, Humboldt, Humboldt, Lander, Lassen, Lincoln, Lyon, Mineral, Modoc, Mono, Nye, Pershing, Plumas, Sierra, Siskiyou, Storey, Washoe, White Pine"
CA,AgWest Farm Credit,300 Klamath Ave,"Klamath Falls, OR 97601-6308",Branch,"Klamath, Lake, Lake, Modoc"
CA,Fresno Madera Farm Credit,4635 W Spruce Ave,"Fresno, CA 93722-8425",Branch,"Fresno, Madera"
CA,Fresno Madera Farm Credit,4635 W Spruce Ave,"Fresno, CA 93722-8425",Branch,"Fresno, Madera"
CA,Fresno Madera Farm Credit,3475 Golden State Blvd,"Madera, CA 93637",Branch,"Fresno, Madera"
CA,AgWest Farm Credit,19628 Industry Pkwy Dr,"Bakersfield, CA 93308",Branch,"Esmeralda, Inyo, Kern, Los Angeles, Mineral, Mono, Nye, Tulare, Ventura"
CA,Yosemite Farm Credit,530 Washington Avenue,"Los Banos, CA 93635",Branch,"Fresno, Merced"
CA,American AgCredit,711 W 19th ST,"Merced, CA 95340-4606",Branch,"Fresno, Mariposa, Merced, Stanislaus"
CA,Yosemite Farm Credit,760 W 18th Street,"Merced, CA 95340",Branch,"Fresno, Mariposa, Merced"
CA,Yosemite Farm Credit,345 W Las Palmas,"Patterson, CA 95363",Branch,"Merced, Stanislaus"
CA,American AgCredit,4845 Old Redwood Hwy,"Santa Rosa, CA 95403",Branch,"Marin, Napa, Sonoma"
CA,American AgCredit,42429 Winchester Rd,"Temecula, CA 92590",Branch,"Los Angeles, Orange, Riverside, San Bernardino, San Diego"
CA,AgWest Farm Credit,175 Cow Meadow Place,"Paso Robles, CA 93446",Branch,"Fresno, Kern, Kings, Merced, Monterey, San Luis Obispo, Santa Barbara, Ventura"
CA,AgWest Farm Credit,200 E. Cartmill Avenue,"Tulare, CA 93274",Branch,"Fresno, Kern, Merced, Tulare"
CA,Yosemite Farm Credit,810 W Monte Vista Avenue,"Turlock, CA 95382",Branch,"Merced, Stanislaus"
CA,American AgCredit,455 E Gobbi St,"Ukiah, CA 95482",Branch,"Lake, Mendocino"
CA,American AgCredit,403 E Hwy 395,"Alturas, CA 96101",Branch,"Alpine, Lassen, Modoc, Plumas, Sierra, Siskiyou"
CA,AgWest Farm Credit,19628 Industry Pkwy Dr,"Bakersfield, CA 93308",Branch,"Esmeralda, Inyo, Kern, Los Angeles, Mineral, Mono, Nye, Tulare, Ventura"
CA,American AgCredit,924 E Blanco Rd,"Salinas, CA 93901",Branch,"Monterey, San Benito, San Francisco, San Mateo, Santa Clara, Santa Cruz"
CA,American AgCredit,4845 Old Redwood Hwy,"Santa Rosa, CA 95403",Branch,"Marin, Napa, Sonoma"
CA,American AgCredit,42429 Winchester Rd,"Temecula, CA 92590",Branch,"Los Angeles, Orange, Riverside, San Bernardino, San Diego"
CA,AgWest Farm Credit,175 Cow Meadow Place,"Paso Robles, CA 93446",Branch,"Fresno, Kern, Kings, Merced, Monterey, San Luis Obispo, Santa Barbara, Ventura"
CA,AgWest Farm Credit,440 Pioneer Avenue,"Woodland, CA 95776",Branch,"El Dorado, Nevada, Sacramento, Solano, Yolo"
CA,AgWest Farm Credit,1800 Lassen Blvd.,"Yuba City, CA 95993",Branch,"Butte, El Dorado, Nevada, Placer, Sacramento, Solano, Sutter, Yolo, Yuba"
CA,American AgCredit,1440 W Williams Ave,"Fallon, NV 89406",Branch,"Alpine, Carson City, Churchill, Clark, Douglas, Elko, Esmeralda, Eureka, Humboldt, Humboldt, Lander, Lincoln, Lyon, Mineral, Mono, Nye, Pershing, Plumas, Sierra, Storey, Washoe, White Pine"
CA,American AgCredit,255 W Peckham Lane,"Reno, NV 89509",Branch,"Carson City, Churchill, Clark, Douglas, Elko, Esmeralda, Eureka, Humboldt, Humboldt, Lander, Lassen, Lincoln, Lyon, Mineral, Modoc, Mono, Nye, Pershing, Plumas, Sierra, Siskiyou, Storey, Washoe, White Pine"
CA,AgWest Farm Credit,300 Klamath Ave,"Klamath Falls, OR 97601-6308",Branch,"Klamath, Lake, Lake, Modoc"
CA,American AgCredit,403 E Hwy 395,"Alturas, CA 96101",Branch,"Alpine, Lassen, Modoc, Plumas, Sierra, Siskiyou"
CA,AgWest Farm Credit,485 Business Park Way,"Imperial , CA 92251-9900",Branch,"Imperial, Riverside"
CA,American AgCredit,77711 Flora Rd,"Palm Desert, CA 92211",Branch,"Riverside, San Bernardino"
CA,American AgCredit,924 E Blanco Rd,"Salinas, CA 93901",Branch,"Monterey, San Benito, San Francisco, San Mateo, Santa Clara, Santa Cruz"
CA,American AgCredit,2345 E. Earhart Ave,"Stockton, CA 95206",Branch,"Alameda, Amador, Calaveras, Contra Costa, Del Norte, El Dorado, Sacramento, San Joaquin"
CA,American AgCredit,42429 Winchester Rd,"Temecula, CA 92590",Branch,"Los Angeles, Orange, Riverside, San Bernardino, San Diego"
CA,AgWest Farm Credit,440 Pioneer Avenue,"Woodland, CA 95776",Branch,"El Dorado, Nevada, Sacramento, Solano, Yolo"
CA,AgWest Farm Credit,1800 Lassen Blvd.,"Yuba City, CA 95993",Branch,"Butte, El Dorado, Nevada, Placer, Sacramento, Solano, Sutter, Yolo, Yuba"
CA,American AgCredit,1440 W Williams Ave,"Fallon, NV 89406",Branch,"Alpine, Carson City, Churchill, Clark, Douglas, Elko, Esmeralda, Eureka, Humboldt, Humboldt, Lander, Lincoln, Lyon, Mineral, Mono, Nye, Pershing, Plumas, Sierra, Storey, Washoe, White Pine"
CA,American AgCredit,255 W Peckham Lane,"Reno, NV 89509",Branch,"Carson City, Churchill, Clark, Douglas, Elko, Esmeralda, Eureka, Humboldt, Humboldt, Lander, Lassen, Lincoln, Lyon, Mineral, Modoc, Mono, Nye, Pershing, Plumas, Sierra, Siskiyou, Storey, Washoe, White Pine"
CA,American AgCredit,700 N Yosemite Ave,"Oakdale, CA 95362",Branch,"San Joaquin, Stanislaus, Tuolumne"
CA,American AgCredit,924 E Blanco Rd,"Salinas, CA 93901",Branch,"Monterey, San Benito, San Francisco, San Mateo, Santa Clara, Santa Cruz"
CA,AgWest Farm Credit,1178 Tama Lane,"Santa Maria, CA 93455-1128",Branch,"San Luis Obispo, Santa Barbara"
CA,American AgCredit,2345 E. Earhart Ave,"Stockton, CA 95206",Branch,"Alameda, Amador, Calaveras, Contra Costa, Del Norte, El Dorado, Sacramento, San Joaquin"
CA,American AgCredit,42429 Winchester Rd,"Temecula, CA 92590",Branch,"Los Angeles, Orange, Riverside, San Bernardino, San Diego"
CA,AgWest Farm Credit,175 Cow Meadow Place,"Paso Robles, CA 93446",Branch,"Fresno, Kern, Kings, Merced, Monterey, San Luis Obispo, Santa Barbara, Ventura"
CA,AgWest Farm Credit,2031 Knoll Dr,"Ventura, CA 93003",Branch,"Clark, Santa Barbara, Ventura"
CA,American AgCredit,403 E Hwy 395,"Alturas, CA 96101",Branch,"Alpine, Lassen, Modoc, Plumas, Sierra, Siskiyou"
CA,Golden State Farm Credit,3013 Ceres Ave,"Chico, CA 95973",Headquarters,"Butte, Fresno, Glenn, Kings, Shasta, Tehama, Trinity, Tulare"
CA,Golden State Farm Credit,1580 Ellis Street,"Kingsburg, CA 93631",Headquarters,"Butte, Fresno, Glenn, Kings, Shasta, Tehama, Trinity, Tulare"
CA,Golden State Farm Credit,1530 Marion St.,"Kingsburg, CA 93631",Branch,"Butte, Fresno, Glenn, Kings, Shasta, Tehama, Trinity, Tulare"
CA,Golden State Farm Credit,255 Sale Lane,"Red Bluff, CA 96080",Branch,"Shasta, Tehama, Trinity"
CA,American AgCredit,924 E Blanco Rd,"Salinas, CA 93901",Branch,"Monterey, San Benito, San Francisco, San Mateo, Santa Clara, Santa Cruz"
CA,AgWest Farm Credit,440 Pioneer Avenue,"Woodland, CA 95776",Branch,"El Dorado, Nevada, Sacramento, Solano, Yolo"
CA,AgWest Farm Credit,1800 Lassen Blvd.,"Yuba City, CA 95993",Branch,"Butte, El Dorado, Nevada, Placer, Sacramento, Solano, Sutter, Yolo, Yuba"
CA,American AgCredit,1440 W Williams Ave,"Fallon, NV 89406",Branch,"Alpine, Carson City, Churchill, Clark, Douglas, Elko, Esmeralda, Eureka, Humboldt, Humboldt, Lander, Lincoln, Lyon, Mineral, Mono, Nye, Pershing, Plumas, Sierra, Storey, Washoe, White Pine"
CA,American AgCredit,255 W Peckham Lane,"Reno, NV 89509",Branch,"Carson City, Churchill, Clark, Douglas, Elko, Esmeralda, Eureka, Humboldt, Humboldt, Lander, Lassen, Lincoln, Lyon, Mineral, Modoc, Mono, Nye, Pershing, Plumas, Sierra, Siskiyou, Storey, Washoe, White Pine"
CA,AgWest Farm Credit,650 E Pine St.,"Central Point, OR 97502-2482",Branch,"Jackson, Josephine, Siskiyou"
CA,Golden State Farm Credit,3013 Ceres Ave,"Chico, CA 95973",Headquarters,"Butte, Fresno, Glenn, Kings, Shasta, Tehama, Trinity, Tulare"
CA,AgWest Farm Credit,940 W. El Monte Way,"Dinuba, CA 93618",Branch,"Fresno, Tulare"
CA,American AgCredit,5560 S Broadway,"Eureka, CA 95503",Branch,"Del Norte, Humboldt, Trinity"
CA,Golden State Farm Credit,1001 East 3rd Street,"Hanford, CA 93230",Branch,"Fresno, Kings, Tulare"
CA,AgWest Farm Credit,19628 Industry Pkwy Dr,"Bakersfield, CA 93308",Branch,"Esmeralda, Inyo, Kern, Los Angeles, Mineral, Mono, Nye, Tulare, Ventura"
CA,Golden State Farm Credit,1580 Ellis Street,"Kingsburg, CA 93631",Headquarters,"Butte, Fresno, Glenn, Kings, Shasta, Tehama, Trinity, Tulare"
CA,Golden State Farm Credit,1530 Marion St.,"Kingsburg, CA 93631",Branch,"Butte, Fresno, Glenn, Kings, Shasta, Tehama, Trinity, Tulare"
CA,American AgCredit,711 W 19th ST,"Merced, CA 95340-4606",Branch,"Fresno, Mariposa, Merced, Stanislaus"
CA,Yosemite Farm Credit,1213 13th Street,"Modesto, CA 95354",Branch,"Stanislaus, Tuolumne"
CA,American AgCredit,700 N Yosemite Ave,"Oakdale, CA 95362",Branch,"San Joaquin, Stanislaus, Tuolumne"
CA,Yosemite Farm Credit,345 W Las Palmas,"Patterson, CA 95363",Branch,"Merced, Stanislaus"
CA,Golden State Farm Credit,255 Sale Lane,"Red Bluff, CA 96080",Branch,"Shasta, Tehama, Trinity"
CA,American AgCredit,4845 Old Redwood Hwy,"Santa Rosa, CA 95403",Branch,"Marin, Napa, Sonoma"
CA,AgWest Farm Credit,200 E. Cartmill Avenue,"Tulare, CA 93274",Branch,"Fresno, Kern, Merced, Tulare"
CA,Yosemite Farm Credit,810 W Monte Vista Avenue,"Turlock, CA 95382",Branch,"Merced, Stanislaus"
CA,AgWest Farm Credit,1800 Lassen Blvd.,"Yuba City, CA 95993",Branch,"Butte, El Dorado, Nevada, Placer, Sacramento, Solano, Sutter, Yolo, Yuba"
CA,AgWest Farm Credit,19628 Industry Pkwy Dr,"Bakersfield, CA 93308",Branch,"Esmeralda, Inyo, Kern, Los Angeles, Mineral, Mono, Nye, Tulare, Ventura"
CA,Yosemite Farm Credit,1213 13th Street,"Modesto, CA 95354",Branch,"Stanislaus, Tuolumne"
CA,American AgCredit,700 N Yosemite Ave,"Oakdale, CA 95362",Branch,"San Joaquin, Stanislaus, Tuolumne"
CA,AgWest Farm Credit,175 Cow Meadow Place,"Paso Robles, CA 93446",Branch,"Fresno, Kern, Kings, Merced, Monterey, San Luis Obispo, Santa Barbara, Ventura"
CA,AgWest Farm Credit,2031 Knoll Dr,"Ventura, CA 93003",Branch,"Clark, Santa Barbara, Ventura"
CA,AgWest Farm Credit,440 Pioneer Avenue,"Woodland, CA 95776",Branch,"El Dorado, Nevada, Sacramento, Solano, Yolo"
CA,AgWest Farm Credit,1800 Lassen Blvd.,"Yuba City, CA 95993",Branch,"Butte, El Dorado, Nevada, Placer, Sacramento, Solano, Sutter, Yolo, Yuba"
CO,American AgCredit,850 East Second Ave,"Durango, CO 81301",Branch,"Archuleta, Dolores, La Plata, Montezuma, Rio Arriba, San Juan, San Juan"
CO,American AgCredit,4505 W 29th Street,"Greeley, CO 80634",Branch,"Adams, Arapahoe, Boulder, Broomfield, Clear Creek, Denver, Douglas, Elbert, Gilpin, Grand, Jackson, Jefferson, Larimer, Summit, Weld"
CO,Farm Credit of Southern Colorado,1302 E Third,"La Junta, CO 81050",Branch,"Bent, Crowley, Kiowa, Las Animas, Otero"
CO,Farm Credit of Southern Colorado,1301 E Olive ST,"Lamar, CO 81052",Branch,"Baca, Bent, Kiowa, Prowers"
CO,Farm Credit of Southern Colorado,100 E Main,"Limon, CO 80828",Branch,"Arapahoe, Elbert, Lincoln"
CO,Farm Credit of Southern Colorado,159 Washington St,"Monte Vista, CO 81144",Branch,"Alamosa, Archuleta, Chaffee, Conejos, Costilla, Hinsdale, Mineral, Rio Grande, Saguache"
CO,Farm Credit of Southern Colorado,549 South Lincoln,"Burlington, CO 80807",Branch,"Cheyenne, Kit Carson"
CO,Farm Credit of Southern Colorado,5110 Edison Ave,"Colorado Springs, CO 80915-3504",Branch,"Chaffee, Custer, Douglas, El Paso, Elbert, Fremont, Huerfano, Jefferson, Lake, Park, Pueblo, Teller"
CO,American AgCredit,4505 W 29th Street,"Greeley, CO 80634",Branch,"Adams, Arapahoe, Boulder, Broomfield, Clear Creek, Denver, Douglas, Elbert, Gilpin, Grand, Jackson, Jefferson, Larimer, Summit, Weld"
CO,Farm Credit of Southern Colorado,159 Washington St,"Monte Vista, CO 81144",Branch,"Alamosa, Archuleta, Chaffee, Conejos, Costilla, Hinsdale, Mineral, Rio Grande, Saguache"
CO,Farm Credit of Southern Colorado,5110 Edison Ave,"Colorado Springs, CO 80915-3504",Branch,"Chaffee, Custer, Douglas, El Paso, Elbert, Fremont, Huerfano, Jefferson, Lake, Park, Pueblo, Teller"
CO,American AgCredit,850 East Second Ave,"Durango, CO 81301",Branch,"Archuleta, Dolores, La Plata, Montezuma, Rio Arriba, San Juan, San Juan"
CO,American AgCredit,627 24 1/2 Road Suite I,"Grand Junction, CO 81505",Branch,"Delta, Eagle, Garfield, Gunnison, Mesa, Moffat, Pitkin, Rio Blanco, Routt"
CO,American AgCredit,4505 W 29th Street,"Greeley, CO 80634",Branch,"Adams, Arapahoe, Boulder, Broomfield, Clear Creek, Denver, Douglas, Elbert, Gilpin, Grand, Jackson, Jefferson, Larimer, Summit, Weld"
CO,Farm Credit of Southern Colorado,1302 E Third,"La Junta, CO 81050",Branch,"Bent, Crowley, Kiowa, Las Animas, Otero"
CO,Farm Credit of Southern Colorado,159 Washington St,"Monte Vista, CO 81144",Branch,"Alamosa, Archuleta, Chaffee, Conejos, Costilla, Hinsdale, Mineral, Rio Grande, Saguache"
CO,American AgCredit,"1404 Hawk Parkway, #101","Montrose, CO 81401",Branch,"Delta, Gunnison, Hinsdale, Montrose, Ouray, San Juan, San Miguel"
CO,Farm Credit of Southern Colorado,5110 Edison Ave,"Colorado Springs, CO 80915-3504",Branch,"Chaffee, Custer, Douglas, El Paso, Elbert, Fremont, Huerfano, Jefferson, Lake, Park, Pueblo, Teller"
CO,American AgCredit,627 24 1/2 Road Suite I,"Grand Junction, CO 81505",Branch,"Delta, Eagle, Garfield, Gunnison, Mesa, Moffat, Pitkin, Rio Blanco, Routt"
CO,American AgCredit,4505 W 29th Street,"Greeley, CO 80634",Branch,"Adams, Arapahoe, Boulder, Broomfield, Clear Creek, Denver, Douglas, Elbert, Gilpin, Grand, Jackson, Jefferson, Larimer, Summit, Weld"
CO,Farm Credit of Southern Colorado,100 E Main,"Limon, CO 80828",Branch,"Arapahoe, Elbert, Lincoln"
CO,Farm Credit of Southern Colorado,5110 Edison Ave,"Colorado Springs, CO 80915-3504",Branch,"Chaffee, Custer, Douglas, El Paso, Elbert, Fremont, Huerfano, Jefferson, Lake, Park, Pueblo, Teller"
CO,American AgCredit,627 24 1/2 Road Suite I,"Grand Junction, CO 81505",Branch,"Delta, Eagle, Garfield, Gunnison, Mesa, Moffat, Pitkin, Rio Blanco, Routt"
CO,American AgCredit,4505 W 29th Street,"Greeley, CO 80634",Branch,"Adams, Arapahoe, Boulder, Broomfield, Clear Creek, Denver, Douglas, Elbert, Gilpin, Grand, Jackson, Jefferson, Larimer, Summit, Weld"
CO,Farm Credit of Southern Colorado,159 Washington St,"Monte Vista, CO 81144",Branch,"Alamosa, Archuleta, Chaffee, Conejos, Costilla, Hinsdale, Mineral, Rio Grande, Saguache"
CO,American AgCredit,"1404 Hawk Parkway, #101","Montrose, CO 81401",Branch,"Delta, Gunnison, Hinsdale, Montrose, Ouray, San Juan, San Miguel"
CO,Farm Credit of Southern Colorado,549 South Lincoln,"Burlington, CO 80807",Branch,"Cheyenne, Kit Carson"
CO,Farm Credit of Southern Colorado,5110 Edison Ave,"Colorado Springs, CO 80915-3504",Branch,"Chaffee, Custer, Douglas, El Paso, Elbert, Fremont, Huerfano, Jefferson, Lake, Park, Pueblo, Teller"
CO,American AgCredit,850 East Second Ave,"Durango, CO 81301",Branch,"Archuleta, Dolores, La Plata, Montezuma, Rio Arriba, San Juan, San Juan"
CO,American AgCredit,4505 W 29th Street,"Greeley, CO 80634",Branch,"Adams, Arapahoe, Boulder, Broomfield, Clear Creek, Denver, Douglas, Elbert, Gilpin, Grand, Jackson, Jefferson, Larimer, Summit, Weld"
CO,Farm Credit of Southern Colorado,1302 E Third,"La Junta, CO 81050",Branch,"Bent, Crowley, Kiowa, Las Animas, Otero"
CO,Farm Credit of Southern Colorado,1301 E Olive ST,"Lamar, CO 81052",Branch,"Baca, Bent, Kiowa, Prowers"
CO,American AgCredit,627 24 1/2 Road Suite I,"Grand Junction, CO 81505",Branch,"Delta, Eagle, Garfield, Gunnison, Mesa, Moffat, Pitkin, Rio Blanco, Routt"
CO,Premier Farm Credit,143 S Campbell Ave,"Holyoke, CO 80734",Branch,"Logan, Phillips, Sedgwick"
CO,Farm Credit of Southern Colorado,1302 E Third,"La Junta, CO 81050",Branch,"Bent, Crowley, Kiowa, Las Animas, Otero"
CO,Farm Credit of Southern Colorado,100 E Main,"Limon, CO 80828",Branch,"Arapahoe, Elbert, Lincoln"
CO,Farm Credit of Southern Colorado,159 Washington St,"Monte Vista, CO 81144",Branch,"Alamosa, Archuleta, Chaffee, Conejos, Costilla, Hinsdale, Mineral, Rio Grande, Saguache"
CO,Premier Farm Credit,229 S 3rd St,"Sterling, CO 80751",Branch,"Logan, Phillips, Sedgwick, Washington"
CO,Farm Credit of Southern Colorado,5110 Edison Ave,"Colorado Springs, CO 80915-3504",Branch,"Chaffee, Custer, Douglas, El Paso, Elbert, Fremont, Huerfano, Jefferson, Lake, Park, Pueblo, Teller"
CO,American AgCredit,850 East Second Ave,"Durango, CO 81301",Branch,"Archuleta, Dolores, La Plata, Montezuma, Rio Arriba, San Juan, San Juan"
CO,Premier Farm Credit,225 E Railroad Ave,"Fort Morgan, CO 80701",Branch,"Morgan, Washington"
CO,Farm Credit of Southern Colorado,1302 E Third,"La Junta, CO 81050",Branch,"Bent, Crowley, Kiowa, Las Animas, Otero"
CO,American AgCredit,"1404 Hawk Parkway, #101","Montrose, CO 81401",Branch,"Delta, Gunnison, Hinsdale, Montrose, Ouray, San Juan, San Miguel"
CO,Farm Credit of Southern Colorado,5110 Edison Ave,"Colorado Springs, CO 80915-3504",Branch,"Chaffee, Custer, Douglas, El Paso, Elbert, Fremont, Huerfano, Jefferson, Lake, Park, Pueblo, Teller"
CO,American AgCredit,627 24 1/2 Road Suite I,"Grand Junction, CO 81505",Branch,"Delta, Eagle, Garfield, Gunnison, Mesa, Moffat, Pitkin, Rio Blanco, Routt"
CO,Premier Farm Credit,143 S Campbell Ave,"Holyoke, CO 80734",Branch,"Logan, Phillips, Sedgwick"
CO,Farm Credit of Southern Colorado,1301 E Olive ST,"Lamar, CO 81052",Branch,"Baca, Bent, Kiowa, Prowers"
CO,Farm Credit of Southern Colorado,159 Washington St,"Monte Vista, CO 81144",Branch,"Alamosa, Archuleta, Chaffee, Conejos, Costilla, Hinsdale, Mineral, Rio Grande, Saguache"
CO,Premier Farm Credit,229 S 3rd St,"Sterling, CO 80751",Branch,"Logan, Phillips, Sedgwick, Washington"
CO,Premier Farm Credit,700 W 8th Ave,"Yuma, CO 80759",Branch,"Phillips, Washington, Yuma"
CO,American AgCredit,850 East Second Ave,"Durango, CO 81301",Branch,"Archuleta, Dolores, La Plata, Montezuma, Rio Arriba, San Juan, San Juan"
CO,American AgCredit,627 24 1/2 Road Suite I,"Grand Junction, CO 81505",Branch,"Delta, Eagle, Garfield, Gunnison, Mesa, Moffat, Pitkin, Rio Blanco, Routt"
CO,American AgCredit,4505 W 29th Street,"Greeley, CO 80634",Branch,"Adams, Arapahoe, Boulder, Broomfield, Clear Creek, Denver, Douglas, Elbert, Gilpin, Grand, Jackson, Jefferson, Larimer, Summit, Weld"
CO,Premier Farm Credit,143 S Campbell Ave,"Holyoke, CO 80734",Branch,"Logan, Phillips, Sedgwick"
CO,Farm Credit of Southern Colorado,159 Washington St,"Monte Vista, CO 81144",Branch,"Alamosa, Archuleta, Chaffee, Conejos, Costilla, Hinsdale, Mineral, Rio Grande, Saguache"
CO,American AgCredit,"1404 Hawk Parkway, #101","Montrose, CO 81401",Branch,"Delta, Gunnison, Hinsdale, Montrose, Ouray, San Juan, San Miguel"
CO,Premier Farm Credit,229 S 3rd St,"Sterling, CO 80751",Branch,"Logan, Phillips, Sedgwick, Washington"
CO,Farm Credit of Southern Colorado,5110 Edison Ave,"Colorado Springs, CO 80915-3504",Branch,"Chaffee, Custer, Douglas, El Paso, Elbert, Fremont, Huerfano, Jefferson, Lake, Park, Pueblo, Teller"
CO,Premier Farm Credit,225 E Railroad Ave,"Fort Morgan, CO 80701",Branch,"Morgan, Washington"
CO,American AgCredit,4505 W 29th Street,"Greeley, CO 80634",Branch,"Adams, Arapahoe, Boulder, Broomfield, Clear Creek, Denver, Douglas, Elbert, Gilpin, Grand, Jackson, Jefferson, Larimer, Summit, Weld"
CO,Premier Farm Credit,229 S 3rd St,"Sterling, CO 80751",Branch,"Logan, Phillips, Sedgwick, Washington"
CO,Premier Farm Credit,700 W 8th Ave,"Yuma, CO 80759",Branch,"Phillips, Washington, Yuma"
DE,Horizon Farm Credit,1410 S State St,"Dover, DE 19901",Branch,"Kent, New Castle, Sussex"
DE,Horizon Farm Credit,20816 DuPont Blvd,"Georgetown, DE 19947",Branch,
DC,Horizon Farm Credit,5303 Spectrum Drive,"Frederick, MD 21703",Branch,"District of Columbia, Frederick, Montgomery"
FL,Farm Credit of Florida,12300 NW US Hwy 441,"Alachua, FL 32615",Branch,"Alachua, Bradford, Columbia, Union"
FL,Farm Credit of Central Florida,57 E. Third Street,"Apopka, FL 32703-4235",Branch,"Brevard, Lake, Orange, Seminole, Volusia"
FL,Farm Credit of Central Florida,204 E. Orange Street,"Lakeland, FL 33801",Branch,"Brevard, Citrus, Hernando, Hillsborough, Lake, Orange, Osceola, Pasco, Pinellas, Polk, Seminole, Sumter, Volusia"
FL,Farm Credit of Northwest Florida,5052 Hwy 90 East,"Marianna, FL 32446",Headquarters,"Bay, Calhoun, Gulf, Holmes, Jackson, Washington"
FL,Farm Credit of Florida,309 N 2nd St,"Palatka, FL 32177",Branch,"Baker, Clay, Duval, Flagler, Nassau, Putnam, Saint Johns"
FL,Farm Credit of Florida,11903 Southern Blvd,"West Palm Beach, FL 33411",Branch,"Broward, Palm Beach"
FL,Farm Credit of Florida,12300 NW US Hwy 441,"Alachua, FL 32615",Branch,"Alachua, Bradford, Columbia, Union"
FL,Farm Credit of Florida,340 N Brevard Ave,"Arcadia, FL 34266",Branch,"Charlotte, Collier, DeSoto, Glades, Hardee, Hendry, Highlands, Lee, Manatee, Sarasota"
FL,Farm Credit of Central Florida,31050 Cortez Blvd,"Brooksville, FL 34602-7542",Branch,"Citrus, Hernando, Pasco, Sumter"
FL,Farm Credit of Central Florida,204 E. Orange Street,"Lakeland, FL 33801",Branch,"Brevard, Citrus, Hernando, Hillsborough, Lake, Orange, Osceola, Pasco, Pinellas, Polk, Seminole, Sumter, Volusia"
FL,Farm Credit of Northwest Florida,5052 Hwy 90 East,"Marianna, FL 32446",Headquarters,"Bay, Calhoun, Gulf, Holmes, Jackson, Washington"
FL,Farm Credit of Florida,309 N 2nd St,"Palatka, FL 32177",Branch,"Baker, Clay, Duval, Flagler, Nassau, Putnam, Saint Johns"
FL,Farm Credit of Florida,1311 US Hwy 17 North,"Wauchula, FL 33873",Branch,"Charlotte, Collier, DeSoto, Glades, Hardee, Hendry, Highlands, Lee, Manatee, Sarasota"
FL,Farm Credit of Florida,340 N Brevard Ave,"Arcadia, FL 34266",Branch,"Charlotte, Collier, DeSoto, Glades, Hardee, Hendry, Highlands, Lee, Manatee, Sarasota"
FL,Farm Credit of Northwest Florida,5336 Stewart St,"Milton, FL 32570",Branch,"Escambia, Okaloosa, Santa Rosa, Walton"
FL,Farm Credit of Florida,309 N 2nd St,"Palatka, FL 32177",Branch,"Baker, Clay, Duval, Flagler, Nassau, Putnam, Saint Johns"
FL,Farm Credit of Northwest Florida,3323 Thomasville Rd,"Tallahassee, FL 32308",Branch,"Franklin, Gadsden, Leon, Liberty, Wakulla"
FL,Farm Credit of Florida,721 S Main St,"Trenton, FL 32693",Branch,"Dixie, Gilchrist, Levy"
FL,Farm Credit of Florida,1311 US Hwy 17 North,"Wauchula, FL 33873",Branch,"Charlotte, Collier, DeSoto, Glades, Hardee, Hendry, Highlands, Lee, Manatee, Sarasota"
FL,Farm Credit of Florida,340 N Brevard Ave,"Arcadia, FL 34266",Branch,"Charlotte, Collier, DeSoto, Glades, Hardee, Hendry, Highlands, Lee, Manatee, Sarasota"
FL,Farm Credit of Florida,1606 Canyon Ave,"Live Oak, FL 32064",Branch,"Hamilton, Lafayette, Suwannee"
FL,Farm Credit of Northwest Florida,5052 Hwy 90 East,"Marianna, FL 32446",Headquarters,"Bay, Calhoun, Gulf, Holmes, Jackson, Washington"
FL,Farm Credit of Northwest Florida,3323 Thomasville Rd,"Tallahassee, FL 32308",Branch,"Franklin, Gadsden, Leon, Liberty, Wakulla"
FL,Farm Credit of Florida,721 S Main St,"Trenton, FL 32693",Branch,"Dixie, Gilchrist, Levy"
FL,Farm Credit of Florida,1311 US Hwy 17 North,"Wauchula, FL 33873",Branch,"Charlotte, Collier, DeSoto, Glades, Hardee, Hendry, Highlands, Lee, Manatee, Sarasota"
FL,Farm Credit of Florida,340 N Brevard Ave,"Arcadia, FL 34266",Branch,"Charlotte, Collier, DeSoto, Glades, Hardee, Hendry, Highlands, Lee, Manatee, Sarasota"
FL,Farm Credit of Central Florida,31050 Cortez Blvd,"Brooksville, FL 34602-7542",Branch,"Citrus, Hernando, Pasco, Sumter"
FL,Farm Credit of Central Florida,204 E. Orange Street,"Lakeland, FL 33801",Branch,"Brevard, Citrus, Hernando, Hillsborough, Lake, Orange, Osceola, Pasco, Pinellas, Polk, Seminole, Sumter, Volusia"
FL,Farm Credit of Northwest Florida,5052 Hwy 90 East,"Marianna, FL 32446",Headquarters,"Bay, Calhoun, Gulf, Holmes, Jackson, Washington"
FL,Farm Credit of Central Florida,2301 Thonotosassa Road,"Plant City, FL 33563",Branch,"Hillsborough, Pinellas"
FL,Farm Credit of Florida,7925 20th Street,"Vero Beach, FL 32966",Branch,"Indian River, Saint Lucie"
FL,Farm Credit of Florida,1311 US Hwy 17 North,"Wauchula, FL 33873",Branch,"Charlotte, Collier, DeSoto, Glades, Hardee, Hendry, Highlands, Lee, Manatee, Sarasota"
FL,Farm Credit of Central Florida,57 E. Third Street,"Apopka, FL 32703-4235",Branch,"Brevard, Lake, Orange, Seminole, Volusia"
FL,Farm Credit of Florida,340 N Brevard Ave,"Arcadia, FL 34266",Branch,"Charlotte, Collier, DeSoto, Glades, Hardee, Hendry, Highlands, Lee, Manatee, Sarasota"
FL,Farm Credit of Central Florida,204 E. Orange Street,"Lakeland, FL 33801",Branch,"Brevard, Citrus, Hernando, Hillsborough, Lake, Orange, Osceola, Pasco, Pinellas, Polk, Seminole, Sumter, Volusia"
FL,Farm Credit of Florida,1606 Canyon Ave,"Live Oak, FL 32064",Branch,"Hamilton, Lafayette, Suwannee"
FL,Farm Credit of Northwest Florida,5052 Hwy 90 East,"Marianna, FL 32446",Headquarters,"Bay, Calhoun, Gulf, Holmes, Jackson, Washington"
FL,Farm Credit of Northwest Florida,925 W. Washington Street,"Monticello, FL 32344",Branch,"Jefferson, Madison, Taylor"
FL,Farm Credit of Northwest Florida,3323 Thomasville Rd,"Tallahassee, FL 32308",Branch,"Franklin, Gadsden, Leon, Liberty, Wakulla"
FL,Farm Credit of Florida,1311 US Hwy 17 North,"Wauchula, FL 33873",Branch,"Charlotte, Collier, DeSoto, Glades, Hardee, Hendry, Highlands, Lee, Manatee, Sarasota"
FL,Farm Credit of Florida,340 N Brevard Ave,"Arcadia, FL 34266",Branch,"Charlotte, Collier, DeSoto, Glades, Hardee, Hendry, Highlands, Lee, Manatee, Sarasota"
FL,Farm Credit of Northwest Florida,925 W. Washington Street,"Monticello, FL 32344",Branch,"Jefferson, Madison, Taylor"
FL,Farm Credit of Florida,5075 NW Blitchton Rd,"Ocala, FL 34482-4054",Branch,
FL,Farm Credit of Florida,403 NW 6th St,"Okeechobee, FL 34972",Branch,"Martin, Okeechobee"
FL,Farm Credit of Northwest Florida,3323 Thomasville Rd,"Tallahassee, FL 32308",Branch,"Franklin, Gadsden, Leon, Liberty, Wakulla"
FL,Farm Credit of Florida,721 S Main St,"Trenton, FL 32693",Branch,"Dixie, Gilchrist, Levy"
FL,Farm Credit of Florida,1311 US Hwy 17 North,"Wauchula, FL 33873",Branch,"Charlotte, Collier, DeSoto, Glades, Hardee, Hendry, Highlands, Lee, Manatee, Sarasota"
FL,Farm Credit of Central Florida,57 E. Third Street,"Apopka, FL 32703-4235",Branch,"Brevard, Lake, Orange, Seminole, Volusia"
FL,Farm Credit of Florida,24700 S W 177 Avenue,"Homestead, FL 33031",Branch,"Miami-Dade, Monroe"
FL,Farm Credit of Central Florida,204 E. Orange Street,"Lakeland, FL 33801",Branch,"Brevard, Citrus, Hernando, Hillsborough, Lake, Orange, Osceola, Pasco, Pinellas, Polk, Seminole, Sumter, Volusia"
FL,Farm Credit of Northwest Florida,5336 Stewart St,"Milton, FL 32570",Branch,"Escambia, Okaloosa, Santa Rosa, Walton"
FL,Farm Credit of Florida,403 NW 6th St,"Okeechobee, FL 34972",Branch,"Martin, Okeechobee"
FL,Farm Credit of Florida,309 N 2nd St,"Palatka, FL 32177",Branch,"Baker, Clay, Duval, Flagler, Nassau, Putnam, Saint Johns"
FL,Farm Credit of Central Florida,31050 Cortez Blvd,"Brooksville, FL 34602-7542",Branch,"Citrus, Hernando, Pasco, Sumter"
FL,Farm Credit of Central Florida,204 E. Orange Street,"Lakeland, FL 33801",Branch,"Brevard, Citrus, Hernando, Hillsborough, Lake, Orange, Osceola, Pasco, Pinellas, Polk, Seminole, Sumter, Volusia"
FL,Farm Credit of Florida,309 N 2nd St,"Palatka, FL 32177",Branch,"Baker, Clay, Duval, Flagler, Nassau, Putnam, Saint Johns"
FL,Farm Credit of Central Florida,2301 Thonotosassa Road,"Plant City, FL 33563",Branch,"Hillsborough, Pinellas"
FL,Farm Credit of Florida,11903 Southern Blvd,"West Palm Beach, FL 33411",Branch,"Broward, Palm Beach"
FL,Farm Credit of Central Florida,57 E. Third Street,"Apopka, FL 32703-4235",Branch,"Brevard, Lake, Orange, Seminole, Volusia"
FL,Farm Credit of Florida,340 N Brevard Ave,"Arcadia, FL 34266",Branch,"Charlotte, Collier, DeSoto, Glades, Hardee, Hendry, Highlands, Lee, Manatee, Sarasota"
FL,Farm Credit of Central Florida,31050 Cortez Blvd,"Brooksville, FL 34602-7542",Branch,"Citrus, Hernando, Pasco, Sumter"
FL,Farm Credit of Central Florida,204 E. Orange Street,"Lakeland, FL 33801",Branch,"Brevard, Citrus, Hernando, Hillsborough, Lake, Orange, Osceola, Pasco, Pinellas, Polk, Seminole, Sumter, Volusia"
FL,Farm Credit of Northwest Florida,5336 Stewart St,"Milton, FL 32570",Branch,"Escambia, Okaloosa, Santa Rosa, Walton"
FL,Farm Credit of Florida,1311 US Hwy 17 North,"Wauchula, FL 33873",Branch,"Charlotte, Collier, DeSoto, Glades, Hardee, Hendry, Highlands, Lee, Manatee, Sarasota"
FL,Farm Credit of Florida,12300 NW US Hwy 441,"Alachua, FL 32615",Branch,"Alachua, Bradford, Columbia, Union"
FL,Farm Credit of Central Florida,57 E. Third Street,"Apopka, FL 32703-4235",Branch,"Brevard, Lake, Orange, Seminole, Volusia"
FL,Farm Credit of Central Florida,204 E. Orange Street,"Lakeland, FL 33801",Branch,"Brevard, Citrus, Hernando, Hillsborough, Lake, Orange, Osceola, Pasco, Pinellas, Polk, Seminole, Sumter, Volusia"
FL,Farm Credit of Florida,1606 Canyon Ave,"Live Oak, FL 32064",Branch,"Hamilton, Lafayette, Suwannee"
FL,Farm Credit of Northwest Florida,5336 Stewart St,"Milton, FL 32570",Branch,"Escambia, Okaloosa, Santa Rosa, Walton"
FL,Farm Credit of Northwest Florida,925 W. Washington Street,"Monticello, FL 32344",Branch,"Jefferson, Madison, Taylor"
FL,Farm Credit of Northwest Florida,3323 Thomasville Rd,"Tallahassee, FL 32308",Branch,"Franklin, Gadsden, Leon, Liberty, Wakulla"
FL,Farm Credit of Northwest Florida,5052 Hwy 90 East,"Marianna, FL 32446",Headquarters,"Bay, Calhoun, Gulf, Holmes, Jackson, Washington"
GA,Southwest Georgia Farm Credit,1037 East Forsyth Street,"Americus, GA 31709",Branch,"Baker, Calhoun, Chattahoochee, Clay, Decatur, Dougherty, Early, Grady, Lee, Marion, Miller, Mitchell, Quitman, Randolph, Schley, Seminole, Stewart, Sumter, Terrell, Thomas, Webster"
GA,Southwest Georgia Farm Credit,305 Colquitt Highway,"Bainbridge, GA 39817",Branch,"Baker, Calhoun, Chattahoochee, Clay, Decatur, Dougherty, Early, Grady, Lee, Marion, Miller, Mitchell, Quitman, Randolph, Schley, Seminole, Stewart, Sumter, Terrell, Thomas, Webster"
GA,AgSouth Farm Credit,2215 Hatch Pkwy S,"Baxley, GA 31513-4295",Branch,"Appling, Bacon"
GA,Southwest Georgia Farm Credit,40 East Broad Street,"Camilla, GA 31730",Branch,"Baker, Calhoun, Chattahoochee, Clay, Decatur, Dougherty, Early, Grady, Lee, Marion, Miller, Mitchell, Quitman, Randolph, Schley, Seminole, Stewart, Sumter, Terrell, Thomas, Webster"
GA,AgGeorgia Farm Credit,102 Blacksnake Rd.,"Mount Airy, GA 30563-2555",Branch,"Banks, Habersham, Rabun, Stephens, Towns, Union, White"
GA,Southwest Georgia Farm Credit,937 Forrester Drive SE,"Dawson, GA 39842",Branch,"Baker, Calhoun, Chattahoochee, Clay, Decatur, Dougherty, Early, Grady, Lee, Marion, Miller, Mitchell, Quitman, Randolph, Schley, Seminole, Stewart, Sumter, Terrell, Thomas, Webster"
GA,AgSouth Farm Credit,204 Bowen's Mill Rd,"Douglas, GA 31533",Branch,"Atkinson, Coffee, Jeff Davis"
GA,AgGeorgia Farm Credit,501 Broad St.,"Gainesville, GA 30501",Branch,"Banks, Barrow, Dawson, Forsyth, Hall, Jackson, Lumpkin"
GA,AgGeorgia Farm Credit,449 Franklin Springs St.,"Royston, GA 30662-4426",Branch,"Banks, Clarke, Elbert, Franklin, Hart, Madison, Stephens"
GA,AgGeorgia Farm Credit,775 Sparta Rd.,"Sandersville, GA 31082-7555",Branch,"Baldwin, Glascock, Hancock, Jefferson, Jones, Warren, Washington"
GA,Southwest Georgia Farm Credit,1215 East Jackson Street,"Thomasville, GA 31792",Branch,"Baker, Calhoun, Chattahoochee, Clay, Decatur, Dougherty, Early, Grady, Lee, Marion, Miller, Mitchell, Quitman, Randolph, Schley, Seminole, Stewart, Sumter, Terrell, Thomas, Webster"
GA,AgGeorgia Farm Credit,2857 Miller Ferry Rd,"Calhoun, GA 30701",Branch,"Bartow, Catoosa, Chattooga, Cherokee, Cobb, Dade, Floyd, Gordon, Paulding, Polk, Walker"
GA,AgGeorgia Farm Credit,826 Bellevue Ave.,"Dublin, GA 31021-4848",Branch,"Bleckley, Dodge, Johnson, Laurens, Treutlen, Twiggs, Wilkinson"
GA,AgGeorgia Farm Credit,501 Broad St.,"Gainesville, GA 30501",Branch,"Banks, Barrow, Dawson, Forsyth, Hall, Jackson, Lumpkin"
GA,AgGeorgia Farm Credit,468 Perry Parkway,"Perry, GA 31069-2861",Branch,"Bibb, Crawford, Houston, Macon, Peach, Pulaski, Taylor"
GA,AgGeorgia Farm Credit,1601 King Rd.,"Tifton, GA 31793-7923",Branch,"Ben Hill, Berrien, Cook, Irwin, Lanier, Telfair, Tift, Turner, Worth"
GA,AgSouth Farm Credit,111 Carter Ave,"Blackshear, GA 31516",Branch,"Brantley, Camden, Charlton, Clinch, Pierce, Ware"
GA,AgGeorgia Farm Credit,504 E Screven St.,"Quitman, GA 31643-2136",Branch,"Brooks, Echols, Lowndes"
GA,AgSouth Farm Credit,40 S. Main St,"Statesboro, GA 30458",Branch,"Bryan, Bulloch, Candler, Chatham, Effingham, Emanuel, Evans, Jenkins, Screven"
GA,AgGeorgia Farm Credit,176 Hwy 80 West,"Waynesboro, GA 30830",Branch,"Burke, Columbia, Jefferson, McDuffie, Richmond"
GA,Southwest Georgia Farm Credit,1037 East Forsyth Street,"Americus, GA 31709",Branch,"Baker, Calhoun, Chattahoochee, Clay, Decatur, Dougherty, Early, Grady, Lee, Marion, Miller, Mitchell, Quitman, Randolph, Schley, Seminole, Stewart, Sumter, Terrell, Thomas, Webster"
GA,Southwest Georgia Farm Credit,305 Colquitt Highway,"Bainbridge, GA 39817",Branch,"Baker, Calhoun, Chattahoochee, Clay, Decatur, Dougherty, Early, Grady, Lee, Marion, Miller, Mitchell, Quitman, Randolph, Schley, Seminole, Stewart, Sumter, Terrell, Thomas, Webster"
GA,AgSouth Farm Credit,111 Carter Ave,"Blackshear, GA 31516",Branch,"Brantley, Camden, Charlton, Clinch, Pierce, Ware"
GA,AgGeorgia Farm Credit,2857 Miller Ferry Rd,"Calhoun, GA 30701",Branch,"Bartow, Catoosa, Chattooga, Cherokee, Cobb, Dade, Floyd, Gordon, Paulding, Polk, Walker"
GA,Southwest Georgia Farm Credit,40 East Broad Street,"Camilla, GA 31730",Branch,"Baker, Calhoun, Chattahoochee, Clay, Decatur, Dougherty, Early, Grady, Lee, Marion, Miller, Mitchell, Quitman, Randolph, Schley, Seminole, Stewart, Sumter, Terrell, Thomas, Webster"
GA,AgSouth Farm Credit,2520 S Highway 27,"Carrollton, GA 30112",Branch,"Carroll, Douglas, Haralson, Heard"
GA,Southwest Georgia Farm Credit,937 Forrester Drive SE,"Dawson, GA 39842",Branch,"Baker, Calhoun, Chattahoochee, Clay, Decatur, Dougherty, Early, Grady, Lee, Marion, Miller, Mitchell, Quitman, Randolph, Schley, Seminole, Stewart, Sumter, Terrell, Thomas, Webster"
GA,AgGeorgia Farm Credit,700 East Villanow Street,"LaFayette, GA 30728-2966",Branch,"Catoosa, Dade, Walker"
GA,AgSouth Farm Credit,40 S. Main St,"Statesboro, GA 30458",Branch,"Bryan, Bulloch, Candler, Chatham, Effingham, Emanuel, Evans, Jenkins, Screven"
GA,Southwest Georgia Farm Credit,1215 East Jackson Street,"Thomasville, GA 31792",Branch,"Baker, Calhoun, Chattahoochee, Clay, Decatur, Dougherty, Early, Grady, Lee, Marion, Miller, Mitchell, Quitman, Randolph, Schley, Seminole, Stewart, Sumter, Terrell, Thomas, Webster"
GA,Southwest Georgia Farm Credit,1037 East Forsyth Street,"Americus, GA 31709",Branch,"Baker, Calhoun, Chattahoochee, Clay, Decatur, Dougherty, Early, Grady, Lee, Marion, Miller, Mitchell, Quitman, Randolph, Schley, Seminole, Stewart, Sumter, Terrell, Thomas, Webster"
GA,Southwest Georgia Farm Credit,305 Colquitt Highway,"Bainbridge, GA 39817",Branch,"Baker, Calhoun, Chattahoochee, Clay, Decatur, Dougherty, Early, Grady, Lee, Marion, Miller, Mitchell, Quitman, Randolph, Schley, Seminole, Stewart, Sumter, Terrell, Thomas, Webster"
GA,AgGeorgia Farm Credit,2857 Miller Ferry Rd,"Calhoun, GA 30701",Branch,"Bartow, Catoosa, Chattooga, Cherokee, Cobb, Dade, Floyd, Gordon, Paulding, Polk, Walker"
GA,Southwest Georgia Farm Credit,40 East Broad Street,"Camilla, GA 31730",Branch,"Baker, Calhoun, Chattahoochee, Clay, Decatur, Dougherty, Early, Grady, Lee, Marion, Miller, Mitchell, Quitman, Randolph, Schley, Seminole, Stewart, Sumter, Terrell, Thomas, Webster"
GA,Southwest Georgia Farm Credit,937 Forrester Drive SE,"Dawson, GA 39842",Branch,"Baker, Calhoun, Chattahoochee, Clay, Decatur, Dougherty, Early, Grady, Lee, Marion, Miller, Mitchell, Quitman, Randolph, Schley, Seminole, Stewart, Sumter, Terrell, Thomas, Webster"
GA,AgGeorgia Farm Credit,449 Franklin Springs St.,"Royston, GA 30662-4426",Branch,"Banks, Clarke, Elbert, Franklin, Hart, Madison, Stephens"
GA,AgSouth Farm Credit,40 S. Main St,"Statesboro, GA 30458",Branch,"Bryan, Bulloch, Candler, Chatham, Effingham, Emanuel, Evans, Jenkins, Screven"
GA,Southwest Georgia Farm Credit,1215 East Jackson Street,"Thomasville, GA 31792",Branch,"Baker, Calhoun, Chattahoochee, Clay, Decatur, Dougherty, Early, Grady, Lee, Marion, Miller, Mitchell, Quitman, Randolph, Schley, Seminole, Stewart, Sumter, Terrell, Thomas, Webster"
GA,AgSouth Farm Credit,111 Carter Ave,"Blackshear, GA 31516",Branch,"Brantley, Camden, Charlton, Clinch, Pierce, Ware"
GA,AgGeorgia Farm Credit,2857 Miller Ferry Rd,"Calhoun, GA 30701",Branch,"Bartow, Catoosa, Chattooga, Cherokee, Cobb, Dade, Floyd, Gordon, Paulding, Polk, Walker"
GA,AgSouth Farm Credit,204 Bowen's Mill Rd,"Douglas, GA 31533",Branch,"Atkinson, Coffee, Jeff Davis"
GA,AgGeorgia Farm Credit,22 5th Avenue SE,"Moultrie, GA 31768-4764",Branch,
GA,AgSouth Farm Credit,620 N. Church St,"Thomaston, GA 30286-2204",Branch,"Clayton, Dekalb, Fayette, Fulton, Henry, Jasper, Lamar, Monroe, Newton, Pike, Rockdale, Spalding, Upson"
GA,AgGeorgia Farm Credit,176 Hwy 80 West,"Waynesboro, GA 30830",Branch,"Burke, Columbia, Jefferson, McDuffie, Richmond"
GA,AgGeorgia Farm Credit,2857 Miller Ferry Rd,"Calhoun, GA 30701",Branch,"Bartow, Catoosa, Chattooga, Cherokee, Cobb, Dade, Floyd, Gordon, Paulding, Polk, Walker"
GA,AgGeorgia Farm Credit,1207 S. Greer St.,"Cordele, GA 31015-2060",Branch,"Crisp, Dooly, Wilcox"
GA,AgGeorgia Farm Credit,501 Broad St.,"Gainesville, GA 30501",Branch,"Banks, Barrow, Dawson, Forsyth, Hall, Jackson, Lumpkin"
GA,AgSouth Farm Credit,596 S Talbotton St,"Greenville, GA 30222",Branch,"Coweta, Harris, Meriwether, Muscogee, Talbot, Troup"
GA,AgGeorgia Farm Credit,700 East Villanow Street,"LaFayette, GA 30728-2966",Branch,"Catoosa, Dade, Walker"
GA,AgGeorgia Farm Credit,468 Perry Parkway,"Perry, GA 31069-2861",Branch,"Bibb, Crawford, Houston, Macon, Peach, Pulaski, Taylor"
GA,AgGeorgia Farm Credit,1601 King Rd.,"Tifton, GA 31793-7923",Branch,"Ben Hill, Berrien, Cook, Irwin, Lanier, Telfair, Tift, Turner, Worth"
GA,Southwest Georgia Farm Credit,1037 East Forsyth Street,"Americus, GA 31709",Branch,"Baker, Calhoun, Chattahoochee, Clay, Decatur, Dougherty, Early, Grady, Lee, Marion, Miller, Mitchell, Quitman, Randolph, Schley, Seminole, Stewart, Sumter, Terrell, Thomas, Webster"
GA,Southwest Georgia Farm Credit,305 Colquitt Highway,"Bainbridge, GA 39817",Branch,"Baker, Calhoun, Chattahoochee, Clay, Decatur, Dougherty, Early, Grady, Lee, Marion, Miller, Mitchell, Quitman, Randolph, Schley, Seminole, Stewart, Sumter, Terrell, Thomas, Webster"
GA,Southwest Georgia Farm Credit,40 East Broad Street,"Camilla, GA 31730",Branch,"Baker, Calhoun, Chattahoochee, Clay, Decatur, Dougherty, Early, Grady, Lee, Marion, Miller, Mitchell, Quitman, Randolph, Schley, Seminole, Stewart, Sumter, Terrell, Thomas, Webster"
GA,AgSouth Farm Credit,2520 S Highway 27,"Carrollton, GA 30112",Branch,"Carroll, Douglas, Haralson, Heard"
GA,AgGeorgia Farm Credit,1207 S. Greer St.,"Cordele, GA 31015-2060",Branch,"Crisp, Dooly, Wilcox"
GA,Southwest Georgia Farm Credit,937 Forrester Drive SE,"Dawson, GA 39842",Branch,"Baker, Calhoun, Chattahoochee, Clay, Decatur, Dougherty, Early, Grady, Lee, Marion, Miller, Mitchell, Quitman, Randolph, Schley, Seminole, Stewart, Sumter, Terrell, Thomas, Webster"
GA,AgGeorgia Farm Credit,826 Bellevue Ave.,"Dublin, GA 31021-4848",Branch,"Bleckley, Dodge, Johnson, Laurens, Treutlen, Twiggs, Wilkinson"
GA,AgSouth Farm Credit,620 N. Church St,"Thomaston, GA 30286-2204",Branch,"Clayton, Dekalb, Fayette, Fulton, Henry, Jasper, Lamar, Monroe, Newton, Pike, Rockdale, Spalding, Upson"
GA,Southwest Georgia Farm Credit,1215 East Jackson Street,"Thomasville, GA 31792",Branch,"Baker, Calhoun, Chattahoochee, Clay, Decatur, Dougherty, Early, Grady, Lee, Marion, Miller, Mitchell, Quitman, Randolph, Schley, Seminole, Stewart, Sumter, Terrell, Thomas, Webster"
GA,Southwest Georgia Farm Credit,1037 East Forsyth Street,"Americus, GA 31709",Branch,"Baker, Calhoun, Chattahoochee, Clay, Decatur, Dougherty, Early, Grady, Lee, Marion, Miller, Mitchell, Quitman, Randolph, Schley, Seminole, Stewart, Sumter, Terrell, Thomas, Webster"
GA,Southwest Georgia Farm Credit,305 Colquitt Highway,"Bainbridge, GA 39817",Branch,"Baker, Calhoun, Chattahoochee, Clay, Decatur, Dougherty, Early, Grady, Lee, Marion, Miller, Mitchell, Quitman, Randolph, Schley, Seminole, Stewart, Sumter, Terrell, Thomas, Webster"
GA,Southwest Georgia Farm Credit,40 East Broad Street,"Camilla, GA 31730",Branch,"Baker, Calhoun, Chattahoochee, Clay, Decatur, Dougherty, Early, Grady, Lee, Marion, Miller, Mitchell, Quitman, Randolph, Schley, Seminole, Stewart, Sumter, Terrell, Thomas, Webster"
GA,Southwest Georgia Farm Credit,937 Forrester Drive SE,"Dawson, GA 39842",Branch,"Baker, Calhoun, Chattahoochee, Clay, Decatur, Dougherty, Early, Grady, Lee, Marion, Miller, Mitchell, Quitman, Randolph, Schley, Seminole, Stewart, Sumter, Terrell, Thomas, Webster"
GA,AgGeorgia Farm Credit,504 E Screven St.,"Quitman, GA 31643-2136",Branch,"Brooks, Echols, Lowndes"
GA,AgGeorgia Farm Credit,449 Franklin Springs St.,"Royston, GA 30662-4426",Branch,"Banks, Clarke, Elbert, Franklin, Hart, Madison, Stephens"
GA,AgSouth Farm Credit,40 S. Main St,"Statesboro, GA 30458",Branch,"Bryan, Bulloch, Candler, Chatham, Effingham, Emanuel, Evans, Jenkins, Screven"
GA,Southwest Georgia Farm Credit,1215 East Jackson Street,"Thomasville, GA 31792",Branch,"Baker, Calhoun, Chattahoochee, Clay, Decatur, Dougherty, Early, Grady, Lee, Marion, Miller, Mitchell, Quitman, Randolph, Schley, Seminole, Stewart, Sumter, Terrell, Thomas, Webster"
GA,AgGeorgia Farm Credit,2857 Miller Ferry Rd,"Calhoun, GA 30701",Branch,"Bartow, Catoosa, Chattooga, Cherokee, Cobb, Dade, Floyd, Gordon, Paulding, Polk, Walker"
GA,AgGeorgia Farm Credit,19 Woodlake Drive,"Chatsworth, GA 30705-6699",Branch,"Fannin, Gilmer, Murray, Pickens, Whitfield"
GA,AgGeorgia Farm Credit,501 Broad St.,"Gainesville, GA 30501",Branch,"Banks, Barrow, Dawson, Forsyth, Hall, Jackson, Lumpkin"
GA,AgGeorgia Farm Credit,449 Franklin Springs St.,"Royston, GA 30662-4426",Branch,"Banks, Clarke, Elbert, Franklin, Hart, Madison, Stephens"
GA,AgSouth Farm Credit,620 N. Church St,"Thomaston, GA 30286-2204",Branch,"Clayton, Dekalb, Fayette, Fulton, Henry, Jasper, Lamar, Monroe, Newton, Pike, Rockdale, Spalding, Upson"
GA,Southwest Georgia Farm Credit,1037 East Forsyth Street,"Americus, GA 31709",Branch,"Baker, Calhoun, Chattahoochee, Clay, Decatur, Dougherty, Early, Grady, Lee, Marion, Miller, Mitchell, Quitman, Randolph, Schley, Seminole, Stewart, Sumter, Terrell, Thomas, Webster"
GA,Southwest Georgia Farm Credit,305 Colquitt Highway,"Bainbridge, GA 39817",Branch,"Baker, Calhoun, Chattahoochee, Clay, Decatur, Dougherty, Early, Grady, Lee, Marion, Miller, Mitchell, Quitman, Randolph, Schley, Seminole, Stewart, Sumter, Terrell, Thomas, Webster"
GA,AgGeorgia Farm Credit,2857 Miller Ferry Rd,"Calhoun, GA 30701",Branch,"Bartow, Catoosa, Chattooga, Cherokee, Cobb, Dade, Floyd, Gordon, Paulding, Polk, Walker"
GA,Southwest Georgia Farm Credit,40 East Broad Street,"Camilla, GA 31730",Branch,"Baker, Calhoun, Chattahoochee, Clay, Decatur, Dougherty, Early, Grady, Lee, Marion, Miller, Mitchell, Quitman, Randolph, Schley, Seminole, Stewart, Sumter, Terrell, Thomas, Webster"
GA,AgGeorgia Farm Credit,19 Woodlake Drive,"Chatsworth, GA 30705-6699",Branch,"Fannin, Gilmer, Murray, Pickens, Whitfield"
GA,Southwest Georgia Farm Credit,937 Forrester Drive SE,"Dawson, GA 39842",Branch,"Baker, Calhoun, Chattahoochee, Clay, Decatur, Dougherty, Early, Grady, Lee, Marion, Miller, Mitchell, Quitman, Randolph, Schley, Seminole, Stewart, Sumter, Terrell, Thomas, Webster"
GA,AgSouth Farm Credit,855 Odum Hwy,"Jesup, GA 31545",Branch,"Glynn, Liberty, Long, McIntosh, Wayne"
GA,AgSouth Farm Credit,1691 Lions Club Road,"Madison, GA 30650",Branch,"Greene, Gwinnett, Morgan, Oconee, Putnam, Walton"
GA,AgGeorgia Farm Credit,775 Sparta Rd.,"Sandersville, GA 31082-7555",Branch,"Baldwin, Glascock, Hancock, Jefferson, Jones, Warren, Washington"
GA,Southwest Georgia Farm Credit,1215 East Jackson Street,"Thomasville, GA 31792",Branch,"Baker, Calhoun, Chattahoochee, Clay, Decatur, Dougherty, Early, Grady, Lee, Marion, Miller, Mitchell, Quitman, Randolph, Schley, Seminole, Stewart, Sumter, Terrell, Thomas, Webster"
GA,AgSouth Farm Credit,2520 S Highway 27,"Carrollton, GA 30112",Branch,"Carroll, Douglas, Haralson, Heard"
GA,AgGeorgia Farm Credit,102 Blacksnake Rd.,"Mount Airy, GA 30563-2555",Branch,"Banks, Habersham, Rabun, Stephens, Towns, Union, White"
GA,AgGeorgia Farm Credit,501 Broad St.,"Gainesville, GA 30501",Branch,"Banks, Barrow, Dawson, Forsyth, Hall, Jackson, Lumpkin"
GA,AgSouth Farm Credit,596 S Talbotton St,"Greenville, GA 30222",Branch,"Coweta, Harris, Meriwether, Muscogee, Talbot, Troup"
GA,AgSouth Farm Credit,1691 Lions Club Road,"Madison, GA 30650",Branch,"Greene, Gwinnett, Morgan, Oconee, Putnam, Walton"
GA,AgGeorgia Farm Credit,775 Sparta Rd.,"Sandersville, GA 31082-7555",Branch,"Baldwin, Glascock, Hancock, Jefferson, Jones, Warren, Washington"
GA,AgSouth Farm Credit,2520 S Highway 27,"Carrollton, GA 30112",Branch,"Carroll, Douglas, Haralson, Heard"
GA,AgGeorgia Farm Credit,501 Broad St.,"Gainesville, GA 30501",Branch,"Banks, Barrow, Dawson, Forsyth, Hall, Jackson, Lumpkin"
GA,AgGeorgia Farm Credit,468 Perry Parkway,"Perry, GA 31069-2861",Branch,"Bibb, Crawford, Houston, Macon, Peach, Pulaski, Taylor"
GA,AgGeorgia Farm Credit,449 Franklin Springs St.,"Royston, GA 30662-4426",Branch,"Banks, Clarke, Elbert, Franklin, Hart, Madison, Stephens"
GA,AgSouth Farm Credit,620 N. Church St,"Thomaston, GA 30286-2204",Branch,"Clayton, Dekalb, Fayette, Fulton, Henry, Jasper, Lamar, Monroe, Newton, Pike, Rockdale, Spalding, Upson"
GA,AgGeorgia Farm Credit,1601 King Rd.,"Tifton, GA 31793-7923",Branch,"Ben Hill, Berrien, Cook, Irwin, Lanier, Telfair, Tift, Turner, Worth"
GA,AgSouth Farm Credit,204 Bowen's Mill Rd,"Douglas, GA 31533",Branch,"Atkinson, Coffee, Jeff Davis"
GA,AgGeorgia Farm Credit,826 Bellevue Ave.,"Dublin, GA 31021-4848",Branch,"Bleckley, Dodge, Johnson, Laurens, Treutlen, Twiggs, Wilkinson"
GA,AgGeorgia Farm Credit,775 Sparta Rd.,"Sandersville, GA 31082-7555",Branch,"Baldwin, Glascock, Hancock, Jefferson, Jones, Warren, Washington"
GA,AgSouth Farm Credit,40 S. Main St,"Statesboro, GA 30458",Branch,"Bryan, Bulloch, Candler, Chatham, Effingham, Emanuel, Evans, Jenkins, Screven"
GA,AgSouth Farm Credit,620 N. Church St,"Thomaston, GA 30286-2204",Branch,"Clayton, Dekalb, Fayette, Fulton, Henry, Jasper, Lamar, Monroe, Newton, Pike, Rockdale, Spalding, Upson"
GA,AgGeorgia Farm Credit,176 Hwy 80 West,"Waynesboro, GA 30830",Branch,"Burke, Columbia, Jefferson, McDuffie, Richmond"
GA,Southwest Georgia Farm Credit,1037 East Forsyth Street,"Americus, GA 31709",Branch,"Baker, Calhoun, Chattahoochee, Clay, Decatur, Dougherty, Early, Grady, Lee, Marion, Miller, Mitchell, Quitman, Randolph, Schley, Seminole, Stewart, Sumter, Terrell, Thomas, Webster"
GA,Southwest Georgia Farm Credit,305 Colquitt Highway,"Bainbridge, GA 39817",Branch,"Baker, Calhoun, Chattahoochee, Clay, Decatur, Dougherty, Early, Grady, Lee, Marion, Miller, Mitchell, Quitman, Randolph, Schley, Seminole, Stewart, Sumter, Terrell, Thomas, Webster"
GA,Southwest Georgia Farm Credit,40 East Broad Street,"Camilla, GA 31730",Branch,"Baker, Calhoun, Chattahoochee, Clay, Decatur, Dougherty, Early, Grady, Lee, Marion, Miller, Mitchell, Quitman, Randolph, Schley, Seminole, Stewart, Sumter, Terrell, Thomas, Webster"
GA,Southwest Georgia Farm Credit,937 Forrester Drive SE,"Dawson, GA 39842",Branch,"Baker, Calhoun, Chattahoochee, Clay, Decatur, Dougherty, Early, Grady, Lee, Marion, Miller, Mitchell, Quitman, Randolph, Schley, Seminole, Stewart, Sumter, Terrell, Thomas, Webster"
GA,AgGeorgia Farm Credit,826 Bellevue Ave.,"Dublin, GA 31021-4848",Branch,"Bleckley, Dodge, Johnson, Laurens, Treutlen, Twiggs, Wilkinson"
GA,AgSouth Farm Credit,855 Odum Hwy,"Jesup, GA 31545",Branch,"Glynn, Liberty, Long, McIntosh, Wayne"
GA,AgSouth Farm Credit,620 N. Church St,"Thomaston, GA 30286-2204",Branch,"Clayton, Dekalb, Fayette, Fulton, Henry, Jasper, Lamar, Monroe, Newton, Pike, Rockdale, Spalding, Upson"
GA,Southwest Georgia Farm Credit,1215 East Jackson Street,"Thomasville, GA 31792",Branch,"Baker, Calhoun, Chattahoochee, Clay, Decatur, Dougherty, Early, Grady, Lee, Marion, Miller, Mitchell, Quitman, Randolph, Schley, Seminole, Stewart, Sumter, Terrell, Thomas, Webster"
GA,AgGeorgia Farm Credit,1601 King Rd.,"Tifton, GA 31793-7923",Branch,"Ben Hill, Berrien, Cook, Irwin, Lanier, Telfair, Tift, Turner, Worth"
GA,AgGeorgia Farm Credit,311 N Bypass E,"Washington, GA 30673-5349",Branch,"Lincoln, Oglethorpe, Taliaferro, Wilkes"
GA,AgGeorgia Farm Credit,501 Broad St.,"Gainesville, GA 30501",Branch,"Banks, Barrow, Dawson, Forsyth, Hall, Jackson, Lumpkin"
GA,AgSouth Farm Credit,855 Odum Hwy,"Jesup, GA 31545",Branch,"Glynn, Liberty, Long, McIntosh, Wayne"
GA,AgGeorgia Farm Credit,468 Perry Parkway,"Perry, GA 31069-2861",Branch,"Bibb, Crawford, Houston, Macon, Peach, Pulaski, Taylor"
GA,AgGeorgia Farm Credit,504 E Screven St.,"Quitman, GA 31643-2136",Branch,"Brooks, Echols, Lowndes"
GA,AgGeorgia Farm Credit,176 Hwy 80 West,"Waynesboro, GA 30830",Branch,"Burke, Columbia, Jefferson, McDuffie, Richmond"
GA,Southwest Georgia Farm Credit,1037 East Forsyth Street,"Americus, GA 31709",Branch,"Baker, Calhoun, Chattahoochee, Clay, Decatur, Dougherty, Early, Grady, Lee, Marion, Miller, Mitchell, Quitman, Randolph, Schley, Seminole, Stewart, Sumter, Terrell, Thomas, Webster"
GA,Southwest Georgia Farm Credit,305 Colquitt Highway,"Bainbridge, GA 39817",Branch,"Baker, Calhoun, Chattahoochee, Clay, Decatur, Dougherty, Early, Grady, Lee, Marion, Miller, Mitchell, Quitman, Randolph, Schley, Seminole, Stewart, Sumter, Terrell, Thomas, Webster"
GA,Southwest Georgia Farm Credit,40 East Broad Street,"Camilla, GA 31730",Branch,"Baker, Calhoun, Chattahoochee, Clay, Decatur, Dougherty, Early, Grady, Lee, Marion, Miller, Mitchell, Quitman, Randolph, Schley, Seminole, Stewart, Sumter, Terrell, Thomas, Webster"
GA,Southwest Georgia Farm Credit,937 Forrester Drive SE,"Dawson, GA 39842",Branch,"Baker, Calhoun, Chattahoochee, Clay, Decatur, Dougherty, Early, Grady, Lee, Marion, Miller, Mitchell, Quitman, Randolph, Schley, Seminole, Stewart, Sumter, Terrell, Thomas, Webster"
GA,AgSouth Farm Credit,596 S Talbotton St,"Greenville, GA 30222",Branch,"Coweta, Harris, Meriwether, Muscogee, Talbot, Troup"
GA,AgGeorgia Farm Credit,449 Franklin Springs St.,"Royston, GA 30662-4426",Branch,"Banks, Clarke, Elbert, Franklin, Hart, Madison, Stephens"
GA,AgSouth Farm Credit,620 N. Church St,"Thomaston, GA 30286-2204",Branch,"Clayton, Dekalb, Fayette, Fulton, Henry, Jasper, Lamar, Monroe, Newton, Pike, Rockdale, Spalding, Upson"
GA,Southwest Georgia Farm Credit,1215 East Jackson Street,"Thomasville, GA 31792",Branch,"Baker, Calhoun, Chattahoochee, Clay, Decatur, Dougherty, Early, Grady, Lee, Marion, Miller, Mitchell, Quitman, Randolph, Schley, Seminole, Stewart, Sumter, Terrell, Thomas, Webster"
GA,AgGeorgia Farm Credit,19 Woodlake Drive,"Chatsworth, GA 30705-6699",Branch,"Fannin, Gilmer, Murray, Pickens, Whitfield"
GA,AgSouth Farm Credit,596 S Talbotton St,"Greenville, GA 30222",Branch,"Coweta, Harris, Meriwether, Muscogee, Talbot, Troup"
GA,AgSouth Farm Credit,1691 Lions Club Road,"Madison, GA 30650",Branch,"Greene, Gwinnett, Morgan, Oconee, Putnam, Walton"
GA,AgSouth Farm Credit,620 N. Church St,"Thomaston, GA 30286-2204",Branch,"Clayton, Dekalb, Fayette, Fulton, Henry, Jasper, Lamar, Monroe, Newton, Pike, Rockdale, Spalding, Upson"
GA,AgSouth Farm Credit,314 Commerce Way,"Vidalia, GA 30474",Branch,"Montgomery, Tattnall, Toombs, Wheeler"
GA,AgSouth Farm Credit,111 Carter Ave,"Blackshear, GA 31516",Branch,"Brantley, Camden, Charlton, Clinch, Pierce, Ware"
GA,AgGeorgia Farm Credit,2857 Miller Ferry Rd,"Calhoun, GA 30701",Branch,"Bartow, Catoosa, Chattooga, Cherokee, Cobb, Dade, Floyd, Gordon, Paulding, Polk, Walker"
GA,AgGeorgia Farm Credit,19 Woodlake Drive,"Chatsworth, GA 30705-6699",Branch,"Fannin, Gilmer, Murray, Pickens, Whitfield"
GA,AgGeorgia Farm Credit,468 Perry Parkway,"Perry, GA 31069-2861",Branch,"Bibb, Crawford, Houston, Macon, Peach, Pulaski, Taylor"
GA,AgSouth Farm Credit,620 N. Church St,"Thomaston, GA 30286-2204",Branch,"Clayton, Dekalb, Fayette, Fulton, Henry, Jasper, Lamar, Monroe, Newton, Pike, Rockdale, Spalding, Upson"
GA,AgGeorgia Farm Credit,311 N Bypass E,"Washington, GA 30673-5349",Branch,"Lincoln, Oglethorpe, Taliaferro, Wilkes"
GA,Southwest Georgia Farm Credit,1037 East Forsyth Street,"Americus, GA 31709",Branch,"Baker, Calhoun, Chattahoochee, Clay, Decatur, Dougherty, Early, Grady, Lee, Marion, Miller, Mitchell, Quitman, Randolph, Schley, Seminole, Stewart, Sumter, Terrell, Thomas, Webster"
GA,Southwest Georgia Farm Credit,305 Colquitt Highway,"Bainbridge, GA 39817",Branch,"Baker, Calhoun, Chattahoochee, Clay, Decatur, Dougherty, Early, Grady, Lee, Marion, Miller, Mitchell, Quitman, Randolph, Schley, Seminole, Stewart, Sumter, Terrell, Thomas, Webster"
GA,AgGeorgia Farm Credit,2857 Miller Ferry Rd,"Calhoun, GA 30701",Branch,"Bartow, Catoosa, Chattooga, Cherokee, Cobb, Dade, Floyd, Gordon, Paulding, Polk, Walker"
GA,Southwest Georgia Farm Credit,40 East Broad Street,"Camilla, GA 31730",Branch,"Baker, Calhoun, Chattahoochee, Clay, Decatur, Dougherty, Early, Grady, Lee, Marion, Miller, Mitchell, Quitman, Randolph, Schley, Seminole, Stewart, Sumter, Terrell, Thomas, Webster"
GA,AgGeorgia Farm Credit,102 Blacksnake Rd.,"Mount Airy, GA 30563-2555",Branch,"Banks, Habersham, Rabun, Stephens, Towns, Union, White"
GA,Southwest Georgia Farm Credit,937 Forrester Drive SE,"Dawson, GA 39842",Branch,"Baker, Calhoun, Chattahoochee, Clay, Decatur, Dougherty, Early, Grady, Lee, Marion, Miller, Mitchell, Quitman, Randolph, Schley, Seminole, Stewart, Sumter, Terrell, Thomas, Webster"
GA,AgSouth Farm Credit,1691 Lions Club Road,"Madison, GA 30650",Branch,"Greene, Gwinnett, Morgan, Oconee, Putnam, Walton"
GA,AgGeorgia Farm Credit,468 Perry Parkway,"Perry, GA 31069-2861",Branch,"Bibb, Crawford, Houston, Macon, Peach, Pulaski, Taylor"
GA,Southwest Georgia Farm Credit,1215 East Jackson Street,"Thomasville, GA 31792",Branch,"Baker, Calhoun, Chattahoochee, Clay, Decatur, Dougherty, Early, Grady, Lee, Marion, Miller, Mitchell, Quitman, Randolph, Schley, Seminole, Stewart, Sumter, Terrell, Thomas, Webster"
GA,Southwest Georgia Farm Credit,1037 East Forsyth Street,"Americus, GA 31709",Branch,"Baker, Calhoun, Chattahoochee, Clay, Decatur, Dougherty, Early, Grady, Lee, Marion, Miller, Mitchell, Quitman, Randolph, Schley, Seminole, Stewart, Sumter, Terrell, Thomas, Webster"
GA,Southwest Georgia Farm Credit,305 Colquitt Highway,"Bainbridge, GA 39817",Branch,"Baker, Calhoun, Chattahoochee, Clay, Decatur, Dougherty, Early, Grady, Lee, Marion, Miller, Mitchell, Quitman, Randolph, Schley, Seminole, Stewart, Sumter, Terrell, Thomas, Webster"
GA,Southwest Georgia Farm Credit,40 East Broad Street,"Camilla, GA 31730",Branch,"Baker, Calhoun, Chattahoochee, Clay, Decatur, Dougherty, Early, Grady, Lee, Marion, Miller, Mitchell, Quitman, Randolph, Schley, Seminole, Stewart, Sumter, Terrell, Thomas, Webster"
GA,Southwest Georgia Farm Credit,937 Forrester Drive SE,"Dawson, GA 39842",Branch,"Baker, Calhoun, Chattahoochee, Clay, Decatur, Dougherty, Early, Grady, Lee, Marion, Miller, Mitchell, Quitman, Randolph, Schley, Seminole, Stewart, Sumter, Terrell, Thomas, Webster"
GA,AgSouth Farm Credit,40 S. Main St,"Statesboro, GA 30458",Branch,"Bryan, Bulloch, Candler, Chatham, Effingham, Emanuel, Evans, Jenkins, Screven"
GA,AgSouth Farm Credit,620 N. Church St,"Thomaston, GA 30286-2204",Branch,"Clayton, Dekalb, Fayette, Fulton, Henry, Jasper, Lamar, Monroe, Newton, Pike, Rockdale, Spalding, Upson"
GA,Southwest Georgia Farm Credit,1215 East Jackson Street,"Thomasville, GA 31792",Branch,"Baker, Calhoun, Chattahoochee, Clay, Decatur, Dougherty, Early, Grady, Lee, Marion, Miller, Mitchell, Quitman, Randolph, Schley, Seminole, Stewart, Sumter, Terrell, Thomas, Webster"
GA,AgGeorgia Farm Credit,176 Hwy 80 West,"Waynesboro, GA 30830",Branch,"Burke, Columbia, Jefferson, McDuffie, Richmond"
GA,Southwest Georgia Farm Credit,1037 East Forsyth Street,"Americus, GA 31709",Branch,"Baker, Calhoun, Chattahoochee, Clay, Decatur, Dougherty, Early, Grady, Lee, Marion, Miller, Mitchell, Quitman, Randolph, Schley, Seminole, Stewart, Sumter, Terrell, Thomas, Webster"
GA,Southwest Georgia Farm Credit,305 Colquitt Highway,"Bainbridge, GA 39817",Branch,"Baker, Calhoun, Chattahoochee, Clay, Decatur, Dougherty, Early, Grady, Lee, Marion, Miller, Mitchell, Quitman, Randolph, Schley, Seminole, Stewart, Sumter, Terrell, Thomas, Webster"
GA,Southwest Georgia Farm Credit,40 East Broad Street,"Camilla, GA 31730",Branch,"Baker, Calhoun, Chattahoochee, Clay, Decatur, Dougherty, Early, Grady, Lee, Marion, Miller, Mitchell, Quitman, Randolph, Schley, Seminole, Stewart, Sumter, Terrell, Thomas, Webster"
GA,AgGeorgia Farm Credit,102 Blacksnake Rd.,"Mount Airy, GA 30563-2555",Branch,"Banks, Habersham, Rabun, Stephens, Towns, Union, White"
GA,Southwest Georgia Farm Credit,937 Forrester Drive SE,"Dawson, GA 39842",Branch,"Baker, Calhoun, Chattahoochee, Clay, Decatur, Dougherty, Early, Grady, Lee, Marion, Miller, Mitchell, Quitman, Randolph, Schley, Seminole, Stewart, Sumter, Terrell, Thomas, Webster"
GA,AgSouth Farm Credit,596 S Talbotton St,"Greenville, GA 30222",Branch,"Coweta, Harris, Meriwether, Muscogee, Talbot, Troup"
GA,AgGeorgia Farm Credit,449 Franklin Springs St.,"Royston, GA 30662-4426",Branch,"Banks, Clarke, Elbert, Franklin, Hart, Madison, Stephens"
GA,Southwest Georgia Farm Credit,1215 East Jackson Street,"Thomasville, GA 31792",Branch,"Baker, Calhoun, Chattahoochee, Clay, Decatur, Dougherty, Early, Grady, Lee, Marion, Miller, Mitchell, Quitman, Randolph, Schley, Seminole, Stewart, Sumter, Terrell, Thomas, Webster"
GA,AgSouth Farm Credit,314 Commerce Way,"Vidalia, GA 30474",Branch,"Montgomery, Tattnall, Toombs, Wheeler"
GA,AgGeorgia Farm Credit,311 N Bypass E,"Washington, GA 30673-5349",Branch,"Lincoln, Oglethorpe, Taliaferro, Wilkes"
GA,Southwest Georgia Farm Credit,1037 East Forsyth Street,"Americus, GA 31709",Branch,"Baker, Calhoun, Chattahoochee, Clay, Decatur, Dougherty, Early, Grady, Lee, Marion, Miller, Mitchell, Quitman, Randolph, Schley, Seminole, Stewart, Sumter, Terrell, Thomas, Webster"
GA,Southwest Georgia Farm Credit,305 Colquitt Highway,"Bainbridge, GA 39817",Branch,"Baker, Calhoun, Chattahoochee, Clay, Decatur, Dougherty, Early, Grady, Lee, Marion, Miller, Mitchell, Quitman, Randolph, Schley, Seminole, Stewart, Sumter, Terrell, Thomas, Webster"
GA,Southwest Georgia Farm Credit,40 East Broad Street,"Camilla, GA 31730",Branch,"Baker, Calhoun, Chattahoochee, Clay, Decatur, Dougherty, Early, Grady, Lee, Marion, Miller, Mitchell, Quitman, Randolph, Schley, Seminole, Stewart, Sumter, Terrell, Thomas, Webster"
GA,Southwest Georgia Farm Credit,937 Forrester Drive SE,"Dawson, GA 39842",Branch,"Baker, Calhoun, Chattahoochee, Clay, Decatur, Dougherty, Early, Grady, Lee, Marion, Miller, Mitchell, Quitman, Randolph, Schley, Seminole, Stewart, Sumter, Terrell, Thomas, Webster"
GA,AgGeorgia Farm Credit,468 Perry Parkway,"Perry, GA 31069-2861",Branch,"Bibb, Crawford, Houston, Macon, Peach, Pulaski, Taylor"
GA,Southwest Georgia Farm Credit,1215 East Jackson Street,"Thomasville, GA 31792",Branch,"Baker, Calhoun, Chattahoochee, Clay, Decatur, Dougherty, Early, Grady, Lee, Marion, Miller, Mitchell, Quitman, Randolph, Schley, Seminole, Stewart, Sumter, Terrell, Thomas, Webster"
GA,AgGeorgia Farm Credit,1601 King Rd.,"Tifton, GA 31793-7923",Branch,"Ben Hill, Berrien, Cook, Irwin, Lanier, Telfair, Tift, Turner, Worth"
GA,AgSouth Farm Credit,314 Commerce Way,"Vidalia, GA 30474",Branch,"Montgomery, Tattnall, Toombs, Wheeler"
GA,AgGeorgia Farm Credit,102 Blacksnake Rd.,"Mount Airy, GA 30563-2555",Branch,"Banks, Habersham, Rabun, Stephens, Towns, Union, White"
GA,AgGeorgia Farm Credit,826 Bellevue Ave.,"Dublin, GA 31021-4848",Branch,"Bleckley, Dodge, Johnson, Laurens, Treutlen, Twiggs, Wilkinson"
GA,AgSouth Farm Credit,596 S Talbotton St,"Greenville, GA 30222",Branch,"Coweta, Harris, Meriwether, Muscogee, Talbot, Troup"
GA,AgGeorgia Farm Credit,1601 King Rd.,"Tifton, GA 31793-7923",Branch,"Ben Hill, Berrien, Cook, Irwin, Lanier, Telfair, Tift, Turner, Worth"
GA,AgSouth Farm Credit,111 Carter Ave,"Blackshear, GA 31516",Branch,"Brantley, Camden, Charlton, Clinch, Pierce, Ware"
GA,AgGeorgia Farm Credit,2857 Miller Ferry Rd,"Calhoun, GA 30701",Branch,"Bartow, Catoosa, Chattooga, Cherokee, Cobb, Dade, Floyd, Gordon, Paulding, Polk, Walker"
GA,AgGeorgia Farm Credit,700 East Villanow Street,"LaFayette, GA 30728-2966",Branch,"Catoosa, Dade, Walker"
GA,AgSouth Farm Credit,1691 Lions Club Road,"Madison, GA 30650",Branch,"Greene, Gwinnett, Morgan, Oconee, Putnam, Walton"
GA,AgGeorgia Farm Credit,775 Sparta Rd.,"Sandersville, GA 31082-7555",Branch,"Baldwin, Glascock, Hancock, Jefferson, Jones, Warren, Washington"
GA,AgSouth Farm Credit,620 N. Church St,"Thomaston, GA 30286-2204",Branch,"Clayton, Dekalb, Fayette, Fulton, Henry, Jasper, Lamar, Monroe, Newton, Pike, Rockdale, Spalding, Upson"
GA,Southwest Georgia Farm Credit,1037 East Forsyth Street,"Americus, GA 31709",Branch,"Baker, Calhoun, Chattahoochee, Clay, Decatur, Dougherty, Early, Grady, Lee, Marion, Miller, Mitchell, Quitman, Randolph, Schley, Seminole, Stewart, Sumter, Terrell, Thomas, Webster"
GA,Southwest Georgia Farm Credit,305 Colquitt Highway,"Bainbridge, GA 39817",Branch,"Baker, Calhoun, Chattahoochee, Clay, Decatur, Dougherty, Early, Grady, Lee, Marion, Miller, Mitchell, Quitman, Randolph, Schley, Seminole, Stewart, Sumter, Terrell, Thomas, Webster"
GA,Southwest Georgia Farm Credit,40 East Broad Street,"Camilla, GA 31730",Branch,"Baker, Calhoun, Chattahoochee, Clay, Decatur, Dougherty, Early, Grady, Lee, Marion, Miller, Mitchell, Quitman, Randolph, Schley, Seminole, Stewart, Sumter, Terrell, Thomas, Webster"
GA,AgGeorgia Farm Credit,19 Woodlake Drive,"Chatsworth, GA 30705-6699",Branch,"Fannin, Gilmer, Murray, Pickens, Whitfield"
GA,AgGeorgia Farm Credit,102 Blacksnake Rd.,"Mount Airy, GA 30563-2555",Branch,"Banks, Habersham, Rabun, Stephens, Towns, Union, White"
GA,AgGeorgia Farm Credit,1207 S. Greer St.,"Cordele, GA 31015-2060",Branch,"Crisp, Dooly, Wilcox"
GA,Southwest Georgia Farm Credit,937 Forrester Drive SE,"Dawson, GA 39842",Branch,"Baker, Calhoun, Chattahoochee, Clay, Decatur, Dougherty, Early, Grady, Lee, Marion, Miller, Mitchell, Quitman, Randolph, Schley, Seminole, Stewart, Sumter, Terrell, Thomas, Webster"
GA,AgSouth Farm Credit,855 Odum Hwy,"Jesup, GA 31545",Branch,"Glynn, Liberty, Long, McIntosh, Wayne"
GA,Southwest Georgia Farm Credit,1215 East Jackson Street,"Thomasville, GA 31792",Branch,"Baker, Calhoun, Chattahoochee, Clay, Decatur, Dougherty, Early, Grady, Lee, Marion, Miller, Mitchell, Quitman, Randolph, Schley, Seminole, Stewart, Sumter, Terrell, Thomas, Webster"
GA,AgSouth Farm Credit,314 Commerce Way,"Vidalia, GA 30474",Branch,"Montgomery, Tattnall, Toombs, Wheeler"
GA,AgGeorgia Farm Credit,826 Bellevue Ave.,"Dublin, GA 31021-4848",Branch,"Bleckley, Dodge, Johnson, Laurens, Treutlen, Twiggs, Wilkinson"
GA,AgGeorgia Farm Credit,1601 King Rd.,"Tifton, GA 31793-7923",Branch,"Ben Hill, Berrien, Cook, Irwin, Lanier, Telfair, Tift, Turner, Worth"
GA,AgGeorgia Farm Credit,311 N Bypass E,"Washington, GA 30673-5349",Branch,"Lincoln, Oglethorpe, Taliaferro, Wilkes"
HI,American AgCredit,988 Kinoole ST,"Hilo, HI 96720-3849",Branch,"Hawaii, Honolulu, Kalawao, Kauai, Maui"
HI,American AgCredit,99-860 Iwaena ST,"Aiea, HI 96701-5608",Branch,"Hawaii, Honolulu, Kalawao, Kauai, Maui"
ID,Idaho AgCredit,2883 Hwy 39,"American Falls, ID 83211",Branch,"Bannock, Bear Lake, Bingham, Blaine, Caribou, Cassia, Custer, Franklin, Gooding, Jerome, Lincoln, Lincoln, Minidoka, Oneida, Owyhee, Power, Teton, Teton, Twin Falls"
ID,Idaho AgCredit,PO Box 985,"Blackfoot, ID 83221",Branch,"Bannock, Bingham, Bonneville, Butte, Custer, Lemhi, Lincoln, Lincoln, Power, Teton, Teton"
ID,AgWest Farm Credit,541 W 100 N,"Blackfoot, ID 83221-1625",Branch,"Bingham, Butte, Custer"
ID,AgWest Farm Credit,16034 Equine Dr,"Nampa, ID 83687-8490",Branch,"Ada, Adams, Canyon, Elmore, Gem, Owyhee, Valley"
ID,AgWest Farm Credit,102 N State,"Preston, ID 83263-1178",Branch,"Bannock, Bear Lake, Caribou, Franklin, Oneida"
ID,AgWest Farm Credit,2001 S. Flint Road,"Spokane, WA 99224-2585",Branch,"Benewah, Bonner, Boundary, Ferry, Kootenai, Lincoln, Lincoln, Pend Oreille, Spokane, Stevens"
ID,Idaho AgCredit,2883 Hwy 39,"American Falls, ID 83211",Branch,"Bannock, Bear Lake, Bingham, Blaine, Caribou, Cassia, Custer, Franklin, Gooding, Jerome, Lincoln, Lincoln, Minidoka, Oneida, Owyhee, Power, Teton, Teton, Twin Falls"
ID,Idaho AgCredit,PO Box 985,"Blackfoot, ID 83221",Branch,"Bannock, Bingham, Bonneville, Butte, Custer, Lemhi, Lincoln, Lincoln, Power, Teton, Teton"
ID,AgWest Farm Credit,541 W 100 N,"Blackfoot, ID 83221-1625",Branch,"Bingham, Butte, Custer"
ID,AgWest Farm Credit,1408 Pomerelle Ave.,"Burley, ID 83318-2068",Branch,"Boise, Cassia, Minidoka, Shoshone, Teton"
ID,AgWest Farm Credit,1215 Pier View Drive,"Idaho Falls, ID 83402-4966",Branch,"Bonneville, Jefferson, Lemhi"
ID,Idaho AgCredit,1586 North 2 East,"Rexburg, ID 83440",Branch,"Bonneville, Butte, Camas, Clark, Fremont, Fremont, Jefferson, Lemhi, Lincoln, Lincoln, Madison, Teton, Teton"
ID,AgWest Farm Credit,406 Park View Loop,"Twin Falls, ID 83301-3484",Branch,"Blaine, Camas, Gooding, Jerome, Lincoln, Twin Falls"
ID,Idaho AgCredit,"1096 Eastland Dr North, Suite 100A","Twin Falls, ID 83301",Branch,"Blaine, Caribou, Cassia, Custer, Gooding, Jerome, Minidoka, Oneida, Owyhee, Power, Twin Falls"
ID,AgWest Farm Credit,2001 S. Flint Road,"Spokane, WA 99224-2585",Branch,"Benewah, Bonner, Boundary, Ferry, Kootenai, Lincoln, Lincoln, Pend Oreille, Spokane, Stevens"
ID,Idaho AgCredit,2883 Hwy 39,"American Falls, ID 83211",Branch,"Bannock, Bear Lake, Bingham, Blaine, Caribou, Cassia, Custer, Franklin, Gooding, Jerome, Lincoln, Lincoln, Minidoka, Oneida, Owyhee, Power, Teton, Teton, Twin Falls"
ID,AgWest Farm Credit,1408 Pomerelle Ave.,"Burley, ID 83318-2068",Branch,"Boise, Cassia, Minidoka, Shoshone, Teton"
ID,AgWest Farm Credit,2631 Nez Perce Dr,"Lewiston, ID 83501-4121",Branch,"Asotin, Clearwater, Latah, Lewis, Lewis, Nez Perce"
ID,AgWest Farm Credit,16034 Equine Dr,"Nampa, ID 83687-8490",Branch,"Ada, Adams, Canyon, Elmore, Gem, Owyhee, Valley"
ID,AgWest Farm Credit,102 N State,"Preston, ID 83263-1178",Branch,"Bannock, Bear Lake, Caribou, Franklin, Oneida"
ID,AgWest Farm Credit,1036 Erikson Dr,"Rexburg, ID 83440-5297",Branch,"Clark, Fremont, Madison"
ID,Idaho AgCredit,1586 North 2 East,"Rexburg, ID 83440",Branch,"Bonneville, Butte, Camas, Clark, Fremont, Fremont, Jefferson, Lemhi, Lincoln, Lincoln, Madison, Teton, Teton"
ID,AgWest Farm Credit,406 Park View Loop,"Twin Falls, ID 83301-3484",Branch,"Blaine, Camas, Gooding, Jerome, Lincoln, Twin Falls"
ID,Idaho AgCredit,"1096 Eastland Dr North, Suite 100A","Twin Falls, ID 83301",Branch,"Blaine, Caribou, Cassia, Custer, Gooding, Jerome, Minidoka, Oneida, Owyhee, Power, Twin Falls"
ID,Idaho AgCredit,2883 Hwy 39,"American Falls, ID 83211",Branch,"Bannock, Bear Lake, Bingham, Blaine, Caribou, Cassia, Custer, Franklin, Gooding, Jerome, Lincoln, Lincoln, Minidoka, Oneida, Owyhee, Power, Teton, Teton, Twin Falls"
ID,Idaho AgCredit,PO Box 985,"Blackfoot, ID 83221",Branch,"Bannock, Bingham, Bonneville, Butte, Custer, Lemhi, Lincoln, Lincoln, Power, Teton, Teton"
ID,AgWest Farm Credit,541 W 100 N,"Blackfoot, ID 83221-1625",Branch,"Bingham, Butte, Custer"
ID,AgWest Farm Credit,16034 Equine Dr,"Nampa, ID 83687-8490",Branch,"Ada, Adams, Canyon, Elmore, Gem, Owyhee, Valley"
ID,AgWest Farm Credit,102 N State,"Preston, ID 83263-1178",Branch,"Bannock, Bear Lake, Caribou, Franklin, Oneida"
ID,AgWest Farm Credit,1036 Erikson Dr,"Rexburg, ID 83440-5297",Branch,"Clark, Fremont, Madison"
ID,Idaho AgCredit,1586 North 2 East,"Rexburg, ID 83440",Branch,"Bonneville, Butte, Camas, Clark, Fremont, Fremont, Jefferson, Lemhi, Lincoln, Lincoln, Madison, Teton, Teton"
ID,AgWest Farm Credit,406 Park View Loop,"Twin Falls, ID 83301-3484",Branch,"Blaine, Camas, Gooding, Jerome, Lincoln, Twin Falls"
ID,Idaho AgCredit,"1096 Eastland Dr North, Suite 100A","Twin Falls, ID 83301",Branch,"Blaine, Caribou, Cassia, Custer, Gooding, Jerome, Minidoka, Oneida, Owyhee, Power, Twin Falls"
ID,Idaho AgCredit,2883 Hwy 39,"American Falls, ID 83211",Branch,"Bannock, Bear Lake, Bingham, Blaine, Caribou, Cassia, Custer, Franklin, Gooding, Jerome, Lincoln, Lincoln, Minidoka, Oneida, Owyhee, Power, Teton, Teton, Twin Falls"
ID,Idaho AgCredit,PO Box 985,"Blackfoot, ID 83221",Branch,"Bannock, Bingham, Bonneville, Butte, Custer, Lemhi, Lincoln, Lincoln, Power, Teton, Teton"
ID,AgWest Farm Credit,417 Main Street,"Cottonwood, ID 83522-0177",Branch,
ID,AgWest Farm Credit,1215 Pier View Drive,"Idaho Falls, ID 83402-4966",Branch,"Bonneville, Jefferson, Lemhi"
ID,AgWest Farm Credit,2631 Nez Perce Dr,"Lewiston, ID 83501-4121",Branch,"Asotin, Clearwater, Latah, Lewis, Lewis, Nez Perce"
ID,Idaho AgCredit,1586 North 2 East,"Rexburg, ID 83440",Branch,"Bonneville, Butte, Camas, Clark, Fremont, Fremont, Jefferson, Lemhi, Lincoln, Lincoln, Madison, Teton, Teton"
ID,AgWest Farm Credit,406 Park View Loop,"Twin Falls, ID 83301-3484",Branch,"Blaine, Camas, Gooding, Jerome, Lincoln, Twin Falls"
ID,Idaho AgCredit,"1096 Eastland Dr North, Suite 100A","Twin Falls, ID 83301",Branch,"Blaine, Caribou, Cassia, Custer, Gooding, Jerome, Minidoka, Oneida, Owyhee, Power, Twin Falls"
ID,AgWest Farm Credit,2001 S. Flint Road,"Spokane, WA 99224-2585",Branch,"Benewah, Bonner, Boundary, Ferry, Kootenai, Lincoln, Lincoln, Pend Oreille, Spokane, Stevens"
ID,Idaho AgCredit,2883 Hwy 39,"American Falls, ID 83211",Branch,"Bannock, Bear Lake, Bingham, Blaine, Caribou, Cassia, Custer, Franklin, Gooding, Jerome, Lincoln, Lincoln, Minidoka, Oneida, Owyhee, Power, Teton, Teton, Twin Falls"
ID,Idaho AgCredit,PO Box 985,"Blackfoot, ID 83221",Branch,"Bannock, Bingham, Bonneville, Butte, Custer, Lemhi, Lincoln, Lincoln, Power, Teton, Teton"
ID,AgWest Farm Credit,1408 Pomerelle Ave.,"Burley, ID 83318-2068",Branch,"Boise, Cassia, Minidoka, Shoshone, Teton"
ID,AgWest Farm Credit,2631 Nez Perce Dr,"Lewiston, ID 83501-4121",Branch,"Asotin, Clearwater, Latah, Lewis, Lewis, Nez Perce"
ID,AgWest Farm Credit,102 N State,"Preston, ID 83263-1178",Branch,"Bannock, Bear Lake, Caribou, Franklin, Oneida"
ID,Idaho AgCredit,1586 North 2 East,"Rexburg, ID 83440",Branch,"Bonneville, Butte, Camas, Clark, Fremont, Fremont, Jefferson, Lemhi, Lincoln, Lincoln, Madison, Teton, Teton"
ID,AgWest Farm Credit,1036 Erikson Dr,"Rexburg, ID 83440-5297",Branch,"Clark, Fremont, Madison"
ID,AgWest Farm Credit,406 Park View Loop,"Twin Falls, ID 83301-3484",Branch,"Blaine, Camas, Gooding, Jerome, Lincoln, Twin Falls"
ID,Idaho AgCredit,"1096 Eastland Dr North, Suite 100A","Twin Falls, ID 83301",Branch,"Blaine, Caribou, Cassia, Custer, Gooding, Jerome, Minidoka, Oneida, Owyhee, Power, Twin Falls"
ID,AgWest Farm Credit,2001 S. Flint Road,"Spokane, WA 99224-2585",Branch,"Benewah, Bonner, Boundary, Ferry, Kootenai, Lincoln, Lincoln, Pend Oreille, Spokane, Stevens"
ID,AgWest Farm Credit,2775 Fairgrounds Rd,"American Falls, ID 83211-1804",Branch,
ID,Idaho AgCredit,2883 Hwy 39,"American Falls, ID 83211",Branch,"Bannock, Bear Lake, Bingham, Blaine, Caribou, Cassia, Custer, Franklin, Gooding, Jerome, Lincoln, Lincoln, Minidoka, Oneida, Owyhee, Power, Teton, Teton, Twin Falls"
ID,Idaho AgCredit,PO Box 985,"Blackfoot, ID 83221",Branch,"Bannock, Bingham, Bonneville, Butte, Custer, Lemhi, Lincoln, Lincoln, Power, Teton, Teton"
ID,AgWest Farm Credit,1408 Pomerelle Ave.,"Burley, ID 83318-2068",Branch,"Boise, Cassia, Minidoka, Shoshone, Teton"
ID,AgWest Farm Credit,16034 Equine Dr,"Nampa, ID 83687-8490",Branch,"Ada, Adams, Canyon, Elmore, Gem, Owyhee, Valley"
ID,Idaho AgCredit,1586 North 2 East,"Rexburg, ID 83440",Branch,"Bonneville, Butte, Camas, Clark, Fremont, Fremont, Jefferson, Lemhi, Lincoln, Lincoln, Madison, Teton, Teton"
ID,Idaho AgCredit,"1096 Eastland Dr North, Suite 100A","Twin Falls, ID 83301",Branch,"Blaine, Caribou, Cassia, Custer, Gooding, Jerome, Minidoka, Oneida, Owyhee, Power, Twin Falls"
ID,AgWest Farm Credit,406 Park View Loop,"Twin Falls, ID 83301-3484",Branch,"Blaine, Camas, Gooding, Jerome, Lincoln, Twin Falls"
ID,AgWest Farm Credit,308 SE 10th Street,"Ontario, OR 97914-4418",Branch,"Malheur, Payette, Washington, Washington"
ID,AgWest Farm Credit,16034 Equine Dr,"Nampa, ID 83687-8490",Branch,"Ada, Adams, Canyon, Elmore, Gem, Owyhee, Valley"
ID,AgWest Farm Credit,308 SE 10th Street,"Ontario, OR 97914-4418",Branch,"Malheur, Payette, Washington, Washington"
IL,Farm Credit Illinois,115 Matter Dr,"Highland, IL 62249",Branch,"Bond, Clinton, Madison, Washington"
IL,Farm Credit Illinois,2601 Henry Drive,"Marion, IL 62959",Branch,"Alexander, Gallatin, Hardin, Johnson, Massac, Pope, Pulaski, Saline, Union, Williamson"
IL,Farm Credit Illinois,2601 Henry Drive,"Marion, IL 62959",Branch,"Alexander, Gallatin, Hardin, Johnson, Massac, Pope, Pulaski, Saline, Union, Williamson"
IL,Compeer Financial,2950 N Main St,"Princeton, IL 61356",Branch,"Bureau, Marshall, Putnam"
IL,Compeer Financial,436 S 54th St,"Quincy, IL 62305",Branch,"Adams, Brown, Pike"
IL,Compeer Financial,1350 W Prairie Dr,"Sycamore, IL 60178",Branch,"Boone, Cook, DeKalb, DuPage, Kane, Lake, McHenry"
IL,Compeer Financial,651 W Meadows Dr,"Freeport, IL 61032",Branch,"Carroll, Jo Daviess, Stephenson, Winnebago"
IL,Farm Credit Illinois,2250 S Main Street,"Jacksonville, IL 62650",Branch,"Cass, Morgan, Scott"
IL,Farm Credit Illinois,27049 State Highway 16,"Jerseyville, IL 62052",Branch,"Calhoun, Greene, Jersey, Macoupin"
IL,Farm Credit Illinois,1100 Farm Credit Drive,"Mahomet, IL 61853",Branch,"Champaign, Douglas, Ford, Piatt, Vermilion"
IL,Farm Credit Illinois,13447 IL Highway 16,"Paris, IL 61944",Branch,"Clark, Coles, Edgar"
IL,Farm Credit Illinois,1155 E 1500 North Rd,"Taylorville, IL 62568-9457",Branch,"Christian, Montgomery"
IL,Farm Credit Illinois,1506 E Fayette,"Effingham, IL 62401",Branch,"Clay, Cumberland, Effingham, Fayette, Jasper, Marion, Shelby"
IL,Farm Credit Illinois,115 Matter Dr,"Highland, IL 62249",Branch,"Bond, Clinton, Madison, Washington"
IL,Farm Credit Illinois,4201 W Haven Rd,"Lawrenceville, IL 62439",Branch,"Crawford, Lawrence, Richland, Wabash"
IL,Farm Credit Illinois,13447 IL Highway 16,"Paris, IL 61944",Branch,"Clark, Coles, Edgar"
IL,Compeer Financial,1350 W Prairie Dr,"Sycamore, IL 60178",Branch,"Boone, Cook, DeKalb, DuPage, Kane, Lake, McHenry"
IL,Farm Credit Illinois,1100 Farm Credit Drive,"Mahomet, IL 61853",Branch,"Champaign, Douglas, Ford, Piatt, Vermilion"
IL,Farm Credit Illinois,410 Potomac Blvd.,"Mt. Vernon, IL 62864",Branch,"Edwards, Franklin, Hamilton, Jackson, Jefferson, Perry, Wayne, White"
IL,Farm Credit Illinois,13447 IL Highway 16,"Paris, IL 61944",Branch,"Clark, Coles, Edgar"
IL,Compeer Financial,1350 W Prairie Dr,"Sycamore, IL 60178",Branch,"Boone, Cook, DeKalb, DuPage, Kane, Lake, McHenry"
IL,Compeer Financial,7508 N Kickapoo - Edwards Rd,"Edwards, IL 61528",Branch,"Fulton, Peoria"
IL,Farm Credit Illinois,1506 E Fayette,"Effingham, IL 62401",Branch,"Clay, Cumberland, Effingham, Fayette, Jasper, Marion, Shelby"
IL,Farm Credit Illinois,1100 Farm Credit Drive,"Mahomet, IL 61853",Branch,"Champaign, Douglas, Ford, Piatt, Vermilion"
IL,Farm Credit Illinois,2601 Henry Drive,"Marion, IL 62959",Branch,"Alexander, Gallatin, Hardin, Johnson, Massac, Pope, Pulaski, Saline, Union, Williamson"
IL,Farm Credit Illinois,2601 Henry Drive,"Marion, IL 62959",Branch,"Alexander, Gallatin, Hardin, Johnson, Massac, Pope, Pulaski, Saline, Union, Williamson"
IL,Farm Credit Illinois,410 Potomac Blvd.,"Mt. Vernon, IL 62864",Branch,"Edwards, Franklin, Hamilton, Jackson, Jefferson, Perry, Wayne, White"
IL,Farm Credit Illinois,332 E Walnut St,"Watseka, IL 60970",Branch,"Ford, Iroquois"
IL,Farm Credit Illinois,27049 State Highway 16,"Jerseyville, IL 62052",Branch,"Calhoun, Greene, Jersey, Macoupin"
IL,Compeer Financial,2901 E Jackson St,"Macomb, IL 61455",Branch,"Hancock, McDonough, Schuyler"
IL,Farm Credit Illinois,2601 Henry Drive,"Marion, IL 62959",Branch,"Alexander, Gallatin, Hardin, Johnson, Massac, Pope, Pulaski, Saline, Union, Williamson"
IL,Farm Credit Illinois,2601 Henry Drive,"Marion, IL 62959",Branch,"Alexander, Gallatin, Hardin, Johnson, Massac, Pope, Pulaski, Saline, Union, Williamson"
IL,Compeer Financial,700 E Jackson,"Monmouth, IL 61462",Branch,"Henderson, Knox, Warren"
IL,Farm Credit Illinois,410 Potomac Blvd.,"Mt. Vernon, IL 62864",Branch,"Edwards, Franklin, Hamilton, Jackson, Jefferson, Perry, Wayne, White"
IL,Compeer Financial,1512 W Reynolds St,"Pontiac, IL 61764",Branch,"Grundy, Livingston"
IL,Farm Credit Illinois,1506 E Fayette,"Effingham, IL 62401",Branch,"Clay, Cumberland, Effingham, Fayette, Jasper, Marion, Shelby"
IL,Compeer Financial,1303 US Hwy 6 East,"Geneseo, IL 61254",Branch,"Henry, Stark"
IL,Farm Credit Illinois,27049 State Highway 16,"Jerseyville, IL 62052",Branch,"Calhoun, Greene, Jersey, Macoupin"
IL,Farm Credit Illinois,410 Potomac Blvd.,"Mt. Vernon, IL 62864",Branch,"Edwards, Franklin, Hamilton, Jackson, Jefferson, Perry, Wayne, White"
IL,Farm Credit Illinois,332 E Walnut St,"Watseka, IL 60970",Branch,"Ford, Iroquois"
IL,Compeer Financial,570 William Latham Dr.,"Bourbonnais, IL 60914",Branch,"Kankakee, Will"
IL,Compeer Financial,651 W Meadows Dr,"Freeport, IL 61032",Branch,"Carroll, Jo Daviess, Stephenson, Winnebago"
IL,Farm Credit Illinois,2601 Henry Drive,"Marion, IL 62959",Branch,"Alexander, Gallatin, Hardin, Johnson, Massac, Pope, Pulaski, Saline, Union, Williamson"
IL,Farm Credit Illinois,2601 Henry Drive,"Marion, IL 62959",Branch,"Alexander, Gallatin, Hardin, Johnson, Massac, Pope, Pulaski, Saline, Union, Williamson"
IL,Compeer Financial,700 E Jackson,"Monmouth, IL 61462",Branch,"Henderson, Knox, Warren"
IL,Compeer Financial,3184 N State Route 23,"Ottawa, IL 61350-9645",Branch,"Kendall, La Salle"
IL,Compeer Financial,1350 W Prairie Dr,"Sycamore, IL 60178",Branch,"Boone, Cook, DeKalb, DuPage, Kane, Lake, McHenry"
IL,Farm Credit Illinois,4201 W Haven Rd,"Lawrenceville, IL 62439",Branch,"Crawford, Lawrence, Richland, Wabash"
IL,Compeer Financial,1512 W Reynolds St,"Pontiac, IL 61764",Branch,"Grundy, Livingston"
IL,Compeer Financial,207 W 21st St,"Rock Falls, IL 61071",Branch,"Lee, Whiteside"
IL,Farm Credit Illinois,1200 Old Tipton School Road,"Sherman, IL 62684",Branch,"Logan, Menard, Sangamon"
IL,Compeer Financial,1350 W Prairie Dr,"Sycamore, IL 60178",Branch,"Boone, Cook, DeKalb, DuPage, Kane, Lake, McHenry"
IL,Farm Credit Illinois,2415 W Mound Rd,"Decatur, IL 62526",Branch,"DeWitt, Macon, Moultrie"
IL,Farm Credit Illinois,115 Matter Dr,"Highland, IL 62249",Branch,"Bond, Clinton, Madison, Washington"
IL,Farm Credit Illinois,27049 State Highway 16,"Jerseyville, IL 62052",Branch,"Calhoun, Greene, Jersey, Macoupin"
IL,Compeer Financial,2901 E Jackson St,"Macomb, IL 61455",Branch,"Hancock, McDonough, Schuyler"
IL,Compeer Financial,1350 W Prairie Dr,"Sycamore, IL 60178",Branch,"Boone, Cook, DeKalb, DuPage, Kane, Lake, McHenry"
IL,Compeer Financial,400 E Main,"Aledo, IL 61231",Branch,"Mercer, Rock Island"
IL,Farm Credit Illinois,1506 E Fayette,"Effingham, IL 62401",Branch,"Clay, Cumberland, Effingham, Fayette, Jasper, Marion, Shelby"
IL,Farm Credit Illinois,2601 Henry Drive,"Marion, IL 62959",Branch,"Alexander, Gallatin, Hardin, Johnson, Massac, Pope, Pulaski, Saline, Union, Williamson"
IL,Farm Credit Illinois,2601 Henry Drive,"Marion, IL 62959",Branch,"Alexander, Gallatin, Hardin, Johnson, Massac, Pope, Pulaski, Saline, Union, Williamson"
IL,Compeer Financial,515 E Courtland St,"Morton, IL 61550",Branch,"Mason, Tazewell, Woodford"
IL,Compeer Financial,2950 N Main St,"Princeton, IL 61356",Branch,"Bureau, Marshall, Putnam"
IL,Farm Credit Illinois,1200 Old Tipton School Road,"Sherman, IL 62684",Branch,"Logan, Menard, Sangamon"
IL,Farm Credit Illinois,2415 W Mound Rd,"Decatur, IL 62526",Branch,"DeWitt, Macon, Moultrie"
IL,Compeer Financial,7508 N Kickapoo - Edwards Rd,"Edwards, IL 61528",Branch,"Fulton, Peoria"
IL,Farm Credit Illinois,2250 S Main Street,"Jacksonville, IL 62650",Branch,"Cass, Morgan, Scott"
IL,Compeer Financial,1101 Pines Rd,"Oregon, IL 61061",Branch,
IL,Farm Credit Illinois,111 Kennedy Drive,"Red Bud, IL 62278",Branch,"Monroe, Randolph, St. Clair"
IL,Farm Credit Illinois,1155 E 1500 North Rd,"Taylorville, IL 62568-9457",Branch,"Christian, Montgomery"
IL,Farm Credit Illinois,1100 Farm Credit Drive,"Mahomet, IL 61853",Branch,"Champaign, Douglas, Ford, Piatt, Vermilion"
IL,Farm Credit Illinois,2601 Henry Drive,"Marion, IL 62959",Branch,"Alexander, Gallatin, Hardin, Johnson, Massac, Pope, Pulaski, Saline, Union, Williamson"
IL,Farm Credit Illinois,2601 Henry Drive,"Marion, IL 62959",Branch,"Alexander, Gallatin, Hardin, Johnson, Massac, Pope, Pulaski, Saline, Union, Williamson"
IL,Farm Credit Illinois,410 Potomac Blvd.,"Mt. Vernon, IL 62864",Branch,"Edwards, Franklin, Hamilton, Jackson, Jefferson, Perry, Wayne, White"
IL,Compeer Financial,2950 N Main St,"Princeton, IL 61356",Branch,"Bureau, Marshall, Putnam"
IL,Compeer Financial,436 S 54th St,"Quincy, IL 62305",Branch,"Adams, Brown, Pike"
IL,Compeer Financial,400 E Main,"Aledo, IL 61231",Branch,"Mercer, Rock Island"
IL,Farm Credit Illinois,4201 W Haven Rd,"Lawrenceville, IL 62439",Branch,"Crawford, Lawrence, Richland, Wabash"
IL,Farm Credit Illinois,2601 Henry Drive,"Marion, IL 62959",Branch,"Alexander, Gallatin, Hardin, Johnson, Massac, Pope, Pulaski, Saline, Union, Williamson"
IL,Farm Credit Illinois,2601 Henry Drive,"Marion, IL 62959",Branch,"Alexander, Gallatin, Hardin, Johnson, Massac, Pope, Pulaski, Saline, Union, Williamson"
IL,Farm Credit Illinois,111 Kennedy Drive,"Red Bud, IL 62278",Branch,"Monroe, Randolph, St. Clair"
IL,Farm Credit Illinois,1200 Old Tipton School Road,"Sherman, IL 62684",Branch,"Logan, Menard, Sangamon"
IL,Farm Credit Illinois,1506 E Fayette,"Effingham, IL 62401",Branch,"Clay, Cumberland, Effingham, Fayette, Jasper, Marion, Shelby"
IL,Compeer Financial,651 W Meadows Dr,"Freeport, IL 61032",Branch,"Carroll, Jo Daviess, Stephenson, Winnebago"
IL,Compeer Financial,1303 US Hwy 6 East,"Geneseo, IL 61254",Branch,"Henry, Stark"
IL,Farm Credit Illinois,2250 S Main Street,"Jacksonville, IL 62650",Branch,"Cass, Morgan, Scott"
IL,Compeer Financial,2901 E Jackson St,"Macomb, IL 61455",Branch,"Hancock, McDonough, Schuyler"
IL,Compeer Financial,515 E Courtland St,"Morton, IL 61550",Branch,"Mason, Tazewell, Woodford"
IL,Farm Credit Illinois,115 Matter Dr,"Highland, IL 62249",Branch,"Bond, Clinton, Madison, Washington"
IL,Farm Credit Illinois,4201 W Haven Rd,"Lawrenceville, IL 62439",Branch,"Crawford, Lawrence, Richland, Wabash"
IL,Farm Credit Illinois,1100 Farm Credit Drive,"Mahomet, IL 61853",Branch,"Champaign, Douglas, Ford, Piatt, Vermilion"
IL,Farm Credit Illinois,2601 Henry Drive,"Marion, IL 62959",Branch,"Alexander, Gallatin, Hardin, Johnson, Massac, Pope, Pulaski, Saline, Union, Williamson"
IL,Farm Credit Illinois,2601 Henry Drive,"Marion, IL 62959",Branch,"Alexander, Gallatin, Hardin, Johnson, Massac, Pope, Pulaski, Saline, Union, Williamson"
IL,Compeer Financial,700 E Jackson,"Monmouth, IL 61462",Branch,"Henderson, Knox, Warren"
IL,Farm Credit Illinois,410 Potomac Blvd.,"Mt. Vernon, IL 62864",Branch,"Edwards, Franklin, Hamilton, Jackson, Jefferson, Perry, Wayne, White"
IL,Compeer Financial,570 William Latham Dr.,"Bourbonnais, IL 60914",Branch,"Kankakee, Will"
IL,Compeer Financial,651 W Meadows Dr,"Freeport, IL 61032",Branch,"Carroll, Jo Daviess, Stephenson, Winnebago"
IL,Farm Credit Illinois,2601 Henry Drive,"Marion, IL 62959",Branch,"Alexander, Gallatin, Hardin, Johnson, Massac, Pope, Pulaski, Saline, Union, Williamson"
IL,Farm Credit Illinois,2601 Henry Drive,"Marion, IL 62959",Branch,"Alexander, Gallatin, Hardin, Johnson, Massac, Pope, Pulaski, Saline, Union, Williamson"
IL,Compeer Financial,515 E Courtland St,"Morton, IL 61550",Branch,"Mason, Tazewell, Woodford"
IL,Farm Credit Illinois,410 Potomac Blvd.,"Mt. Vernon, IL 62864",Branch,"Edwards, Franklin, Hamilton, Jackson, Jefferson, Perry, Wayne, White"
IL,Compeer Financial,207 W 21st St,"Rock Falls, IL 61071",Branch,"Lee, Whiteside"
IN,Farm Credit Mid-America,1319 Baker Pl,"Bluffton, IN 46714",Branch,"Adams, Allen, Jay, Wells"
IN,Farm Credit Mid-America,1010 W. Connexion Way,"Columbia City, IN 46725",Branch,"Allen, Kosciusko, Whitley"
IN,Farm Credit Mid-America,5975 25th Street,"Columbus, IN 47203",Branch,"Bartholomew, Brown, Jackson, Jennings"
IN,Farm Credit Mid-America,517 Corda Blvd,"Crawfordsville, IN 47933",Branch,"Boone, Montgomery"
IN,Farm Credit Mid-America,4204 S Western Ave,"Marion, IN 46953",Branch,"Blackford, Grant, Huntington, Wabash"
IN,Farm Credit Mid-America,203 W Drexel Parkway,"Rensselaer, IN 47978",Branch,"Benton, Jasper, Newton"
IN,Farm Credit Mid-America,5975 25th Street,"Columbus, IN 47203",Branch,"Bartholomew, Brown, Jackson, Jennings"
IN,Farm Credit Mid-America,3048 E 00 NS,"Kokomo, IN 46901",Branch,"Cass, Howard, Miami, Tipton"
IN,Farm Credit Mid-America,421 Meijer Dr,"Lafayette, IN 47905",Branch,"Carroll, Clinton, Tippecanoe, White"
IN,Farm Credit Mid-America,643 S Boatman Road,"Scottsburg, IN 47170",Branch,"Clark, Jefferson, Scott, Washington"
IN,Farm Credit Mid-America,390 Federal Drive NW,"Corydon, IN 47112",Branch,"Crawford, Floyd, Harrison, Orange"
IN,Farm Credit Mid-America,1512 West Main St,"Greensburg, IN 47240",Branch,"Dearborn, Decatur, Franklin, Ohio, Ripley, Switzerland"
IN,Farm Credit Mid-America,14231 Teetor Road,"Hagerstown, IN 47346",Branch,"Delaware, Henry, Jay, Randolph, Union, Wayne"
IN,Farm Credit Mid-America,1847 Troy Road,"Washington, IN 47501",Branch,"Daviess, Knox, Martin"
IN,Farm Credit Mid-America,390 Federal Drive NW,"Corydon, IN 47112",Branch,"Crawford, Floyd, Harrison, Orange"
IN,Farm Credit Mid-America,1512 West Main St,"Greensburg, IN 47240",Branch,"Dearborn, Decatur, Franklin, Ohio, Ripley, Switzerland"
IN,Farm Credit Mid-America,1940 Hospitality Drive,"Jasper, IN 47546",Branch,"Dubois, Perry, Pike, Spencer"
IN,Farm Credit Mid-America,50 N 250 W,"Lagrange, IN 46761",Branch,"De Kalb, Elkhart, Lagrange, Noble, Steuben"
IN,Farm Credit Mid-America,1759 North Main Street,"Rushville, IN 46173",Branch,"Fayette, Rush"
IN,Farm Credit Mid-America,831 State Road 28 E,"Williamsport, IN 47993",Branch,"Fountain, Warren"
IN,Farm Credit Mid-America,3406 N State Road 9,"Anderson, IN 46012",Branch,"Hamilton, Madison"
IN,Farm Credit Mid-America,15747 Neeley St,"Evansville, IN 47225",Branch,"Gibson, Posey, Vanderburgh"
IN,Farm Credit Mid-America,100 International Dr,"Franklin, IN 46131",Branch,"Hancock, Johnson, Marion, Shelby"
IN,Farm Credit Mid-America,4204 S Western Ave,"Marion, IN 46953",Branch,"Blackford, Grant, Huntington, Wabash"
IN,Farm Credit Mid-America,226 Rouch Place,"Rochester, IN 46975",Branch,"Fulton, Marshall, Pulaski"
IN,Farm Credit Mid-America,5975 25th Street,"Columbus, IN 47203",Branch,"Bartholomew, Brown, Jackson, Jennings"
IN,Farm Credit Mid-America,390 Federal Drive NW,"Corydon, IN 47112",Branch,"Crawford, Floyd, Harrison, Orange"
IN,Farm Credit Mid-America,1050 Ballard Lane,"Greencastle, IN 46135",Branch,"Hendricks, Parke, Putnam, Vermillion"
IN,Farm Credit Mid-America,14231 Teetor Road,"Hagerstown, IN 47346",Branch,"Delaware, Henry, Jay, Randolph, Union, Wayne"
IN,Farm Credit Mid-America,3048 E 00 NS,"Kokomo, IN 46901",Branch,"Cass, Howard, Miami, Tipton"
IN,Farm Credit Mid-America,4204 S Western Ave,"Marion, IN 46953",Branch,"Blackford, Grant, Huntington, Wabash"
IN,Farm Credit Mid-America,1319 Baker Pl,"Bluffton, IN 46714",Branch,"Adams, Allen, Jay, Wells"
IN,Farm Credit Mid-America,5975 25th Street,"Columbus, IN 47203",Branch,"Bartholomew, Brown, Jackson, Jennings"
IN,Farm Credit Mid-America,100 International Dr,"Franklin, IN 46131",Branch,"Hancock, Johnson, Marion, Shelby"
IN,Farm Credit Mid-America,14231 Teetor Road,"Hagerstown, IN 47346",Branch,"Delaware, Henry, Jay, Randolph, Union, Wayne"
IN,Farm Credit Mid-America,203 W Drexel Parkway,"Rensselaer, IN 47978",Branch,"Benton, Jasper, Newton"
IN,Farm Credit Mid-America,643 S Boatman Road,"Scottsburg, IN 47170",Branch,"Clark, Jefferson, Scott, Washington"
IN,Farm Credit Mid-America,1847 Troy Road,"Washington, IN 47501",Branch,"Daviess, Knox, Martin"
IN,Farm Credit Mid-America,3406 N State Road 9,"Anderson, IN 46012",Branch,"Hamilton, Madison"
IN,Farm Credit Mid-America,3399 N Finance Rd,"Bloomington, IN 47404-1160",Branch,"Lawrence, Monroe, Morgan, Owen"
IN,Farm Credit Mid-America,1010 W. Connexion Way,"Columbia City, IN 46725",Branch,"Allen, Kosciusko, Whitley"
IN,Farm Credit Mid-America,50 N 250 W,"Lagrange, IN 46761",Branch,"De Kalb, Elkhart, Lagrange, Noble, Steuben"
IN,Farm Credit Mid-America,2901 Leonard Dr,"Valparaiso, IN 46383",Branch,"La Porte, Lake, Porter, Pulaski, Starke"
IN,Farm Credit Mid-America,3399 N Finance Rd,"Bloomington, IN 47404-1160",Branch,"Lawrence, Monroe, Morgan, Owen"
IN,Farm Credit Mid-America,517 Corda Blvd,"Crawfordsville, IN 47933",Branch,"Boone, Montgomery"
IN,Farm Credit Mid-America,100 International Dr,"Franklin, IN 46131",Branch,"Hancock, Johnson, Marion, Shelby"
IN,Farm Credit Mid-America,3048 E 00 NS,"Kokomo, IN 46901",Branch,"Cass, Howard, Miami, Tipton"
IN,Farm Credit Mid-America,226 Rouch Place,"Rochester, IN 46975",Branch,"Fulton, Marshall, Pulaski"
IN,Farm Credit Mid-America,1847 Troy Road,"Washington, IN 47501",Branch,"Daviess, Knox, Martin"
IN,Farm Credit Mid-America,3399 N Finance Rd,"Bloomington, IN 47404-1160",Branch,"Lawrence, Monroe, Morgan, Owen"
IN,Farm Credit Mid-America,390 Federal Drive NW,"Corydon, IN 47112",Branch,"Crawford, Floyd, Harrison, Orange"
IN,Farm Credit Mid-America,1512 West Main St,"Greensburg, IN 47240",Branch,"Dearborn, Decatur, Franklin, Ohio, Ripley, Switzerland"
IN,Farm Credit Mid-America,50 N 250 W,"Lagrange, IN 46761",Branch,"De Kalb, Elkhart, Lagrange, Noble, Steuben"
IN,Farm Credit Mid-America,203 W Drexel Parkway,"Rensselaer, IN 47978",Branch,"Benton, Jasper, Newton"
IN,Farm Credit Mid-America,15747 Neeley St,"Evansville, IN 47225",Branch,"Gibson, Posey, Vanderburgh"
IN,Farm Credit Mid-America,1050 Ballard Lane,"Greencastle, IN 46135",Branch,"Hendricks, Parke, Putnam, Vermillion"
IN,Farm Credit Mid-America,1940 Hospitality Drive,"Jasper, IN 47546",Branch,"Dubois, Perry, Pike, Spencer"
IN,Farm Credit Mid-America,226 Rouch Place,"Rochester, IN 46975",Branch,"Fulton, Marshall, Pulaski"
IN,Farm Credit Mid-America,2901 Leonard Dr,"Valparaiso, IN 46383",Branch,"La Porte, Lake, Porter, Pulaski, Starke"
IN,Farm Credit Mid-America,1050 Ballard Lane,"Greencastle, IN 46135",Branch,"Hendricks, Parke, Putnam, Vermillion"
IN,Farm Credit Mid-America,1512 West Main St,"Greensburg, IN 47240",Branch,"Dearborn, Decatur, Franklin, Ohio, Ripley, Switzerland"
IN,Farm Credit Mid-America,14231 Teetor Road,"Hagerstown, IN 47346",Branch,"Delaware, Henry, Jay, Randolph, Union, Wayne"
IN,Farm Credit Mid-America,1759 North Main Street,"Rushville, IN 46173",Branch,"Fayette, Rush"
IN,Farm Credit Mid-America,643 S Boatman Road,"Scottsburg, IN 47170",Branch,"Clark, Jefferson, Scott, Washington"
IN,Farm Credit Mid-America,100 International Dr,"Franklin, IN 46131",Branch,"Hancock, Johnson, Marion, Shelby"
IN,Farm Credit Mid-America,1512 West Main St,"Greensburg, IN 47240",Branch,"Dearborn, Decatur, Franklin, Ohio, Ripley, Switzerland"
IN,Farm Credit Mid-America,1940 Hospitality Drive,"Jasper, IN 47546",Branch,"Dubois, Perry, Pike, Spencer"
IN,Farm Credit Mid-America,50 N 250 W,"Lagrange, IN 46761",Branch,"De Kalb, Elkhart, Lagrange, Noble, Steuben"
IN,Farm Credit Mid-America,2901 Leonard Dr,"Valparaiso, IN 46383",Branch,"La Porte, Lake, Porter, Pulaski, Starke"
IN,Farm Credit Mid-America,15747 Neeley St,"Evansville, IN 47225",Branch,"Gibson, Posey, Vanderburgh"
IN,Farm Credit Mid-America,1050 Ballard Lane,"Greencastle, IN 46135",Branch,"Hendricks, Parke, Putnam, Vermillion"
IN,Farm Credit Mid-America,14231 Teetor Road,"Hagerstown, IN 47346",Branch,"Delaware, Henry, Jay, Randolph, Union, Wayne"
IN,Farm Credit Mid-America,3048 E 00 NS,"Kokomo, IN 46901",Branch,"Cass, Howard, Miami, Tipton"
IN,Farm Credit Mid-America,421 Meijer Dr,"Lafayette, IN 47905",Branch,"Carroll, Clinton, Tippecanoe, White"
IN,Farm Credit Mid-America,1319 Baker Pl,"Bluffton, IN 46714",Branch,"Adams, Allen, Jay, Wells"
IN,Farm Credit Mid-America,14231 Teetor Road,"Hagerstown, IN 47346",Branch,"Delaware, Henry, Jay, Randolph, Union, Wayne"
IN,Farm Credit Mid-America,4204 S Western Ave,"Marion, IN 46953",Branch,"Blackford, Grant, Huntington, Wabash"
IN,Farm Credit Mid-America,643 S Boatman Road,"Scottsburg, IN 47170",Branch,"Clark, Jefferson, Scott, Washington"
IN,Farm Credit Mid-America,831 State Road 28 E,"Williamsport, IN 47993",Branch,"Fountain, Warren"
IN,Farm Credit Mid-America,1010 W. Connexion Way,"Columbia City, IN 46725",Branch,"Allen, Kosciusko, Whitley"
IN,Farm Credit Mid-America,421 Meijer Dr,"Lafayette, IN 47905",Branch,"Carroll, Clinton, Tippecanoe, White"
IA,Farm Credit Services of America,1525 Boyson Rd,"Hiawatha, IA 52233-2309",Branch,"Benton, Cedar, Clinton, Iowa, Jackson, Johnson, Jones, Linn, Muscatine, Scott"
IA,Farm Credit Services of America,2328 Millennium Rd,"Decorah, IA 52101",Branch,"Allamakee, Chickasaw, Clayton, Fayette, Howard, Winneshiek"
IA,Farm Credit Services of America,4056 4th Street SW,"Mason City, IA 50401",Branch,"Allamakee, Cerro Gordo, Chickasaw, Clayton, Fayette, Floyd, Franklin, Hancock, Howard, Mitchell, Winnebago, Winneshiek, Worth"
IA,Farm Credit Services of America,1902 D Ave W,"Oskaloosa, IA 52577-3723",Branch,"Appanoose, Clarke, Davis, Decatur, Des Moines, Henry, Jefferson, Keokuk, Lee, Louisa, Lucas, Mahaska, Monroe, Van Buren, Wapello, Washington, Wayne"
IA,Farm Credit Services of America,105 Theater Cir,"Perry, IA 50220-2523",Branch,"Adair, Boone, Dallas, Guthrie, Madison, Marion, Polk"
IA,Farm Credit Services of America,700 Senate Ave,"Red Oak, IA 51566",Branch,"Adair, Adams, Audubon, Cass, Fremont, Harrison, Mills, Montgomery, Page, Pottawattamie, Ringgold, Shelby, Taylor, Union"
IA,Farm Credit Services of America,7149 Nordic Drive,"Cedar Falls, IA 50613",Branch,"Black Hawk, Bremer, Buchanan, Butler, Clayton, Delaware, Dubuque, Fayette, Grundy"
IA,Farm Credit Services of America,1301 W Main,"Manchester, IA 52057",Branch,"Buchanan, Delaware, Dubuque"
IA,Farm Credit Services of America,105 Theater Cir,"Perry, IA 50220-2523",Branch,"Adair, Boone, Dallas, Guthrie, Madison, Marion, Polk"
IA,Farm Credit Services of America,1015 590th St,"Storm Lake, IA 50588",Branch,"Buena Vista, Ida, Sac"
IA,Farm Credit Services of America,345 Fair Meadow DR,"Webster City, IA 50595-3157",Branch,"Black Hawk, Bremer, Buchanan, Butler, Clayton, Delaware, Dubuque, Fayette, Franklin, Grundy, Hamilton, Hardin, Webster, Wright"
IA,Farm Credit Services of America,919 Bella Vista Drive,"Carroll, IA 51401",Branch,"Calhoun, Carroll, Cherokee, Crawford, Greene, Pocahontas"
IA,Farm Credit Services of America,1525 Boyson Rd,"Hiawatha, IA 52233-2309",Branch,"Benton, Cedar, Clinton, Iowa, Jackson, Johnson, Jones, Linn, Muscatine, Scott"
IA,Farm Credit Services of America,1621 11th St,"DeWitt, IA 52742",Branch,"Cedar, Clinton, Jackson, Jones, Muscatine, Scott"
IA,Farm Credit Services of America,1812 Hawkeye Ave,"Harlan, IA 51537",Branch,"Cass, Harrison, Pottawattamie, Shelby"
IA,Farm Credit Services of America,4056 4th Street SW,"Mason City, IA 50401",Branch,"Allamakee, Cerro Gordo, Chickasaw, Clayton, Fayette, Floyd, Franklin, Hancock, Howard, Mitchell, Winnebago, Winneshiek, Worth"
IA,Farm Credit Services of America,700 Senate Ave,"Red Oak, IA 51566",Branch,"Adair, Adams, Audubon, Cass, Fremont, Harrison, Mills, Montgomery, Page, Pottawattamie, Ringgold, Shelby, Taylor, Union"
IA,Farm Credit Services of America,3000 Park Street,"Sheldon, IA 51201",Branch,"Cherokee, Lyon, Osceola, Sioux"
IA,Farm Credit Services of America,3808 Broadway Ave,"Yankton, SD 57078",Branch,"Bon Homme, Cedar, Cedar, Charles Mix, Clay, Clay, Clay, Dakota, Dixon, Hutchinson, Knox, Monona, Plymouth, Thurston, Union, Union, Woodbury, Yankton"
IA,Farm Credit Services of America,919 Bella Vista Drive,"Carroll, IA 51401",Branch,"Calhoun, Carroll, Cherokee, Crawford, Greene, Pocahontas"
IA,Farm Credit Services of America,7149 Nordic Drive,"Cedar Falls, IA 50613",Branch,"Black Hawk, Bremer, Buchanan, Butler, Clayton, Delaware, Dubuque, Fayette, Grundy"
IA,Farm Credit Services of America,1525 Boyson Rd,"Hiawatha, IA 52233-2309",Branch,"Benton, Cedar, Clinton, Iowa, Jackson, Johnson, Jones, Linn, Muscatine, Scott"
IA,Farm Credit Services of America,2328 Millennium Rd,"Decorah, IA 52101",Branch,"Allamakee, Chickasaw, Clayton, Fayette, Howard, Winneshiek"
IA,Farm Credit Services of America,1621 11th St,"DeWitt, IA 52742",Branch,"Cedar, Clinton, Jackson, Jones, Muscatine, Scott"
IA,Farm Credit Services of America,3675 450th Ave,"Emmetsburg, IA 50536",Branch,"Clay, Dickinson, Emmet, Humboldt, Kossuth, Palo Alto, Pocahontas"
IA,Farm Credit Services of America,4056 4th Street SW,"Mason City, IA 50401",Branch,"Allamakee, Cerro Gordo, Chickasaw, Clayton, Fayette, Floyd, Franklin, Hancock, Howard, Mitchell, Winnebago, Winneshiek, Worth"
IA,Farm Credit Services of America,1902 D Ave W,"Oskaloosa, IA 52577-3723",Branch,"Appanoose, Clarke, Davis, Decatur, Des Moines, Henry, Jefferson, Keokuk, Lee, Louisa, Lucas, Mahaska, Monroe, Van Buren, Wapello, Washington, Wayne"
IA,Farm Credit Services of America,345 Fair Meadow DR,"Webster City, IA 50595-3157",Branch,"Black Hawk, Bremer, Buchanan, Butler, Clayton, Delaware, Dubuque, Fayette, Franklin, Grundy, Hamilton, Hardin, Webster, Wright"
IA,Farm Credit Services of America,3808 Broadway Ave,"Yankton, SD 57078",Branch,"Bon Homme, Cedar, Cedar, Charles Mix, Clay, Clay, Clay, Dakota, Dixon, Hutchinson, Knox, Monona, Plymouth, Thurston, Union, Union, Woodbury, Yankton"
IA,Farm Credit Services of America,7149 Nordic Drive,"Cedar Falls, IA 50613",Branch,"Black Hawk, Bremer, Buchanan, Butler, Clayton, Delaware, Dubuque, Fayette, Grundy"
IA,Farm Credit Services of America,3675 450th Ave,"Emmetsburg, IA 50536",Branch,"Clay, Dickinson, Emmet, Humboldt, Kossuth, Palo Alto, Pocahontas"
IA,Farm Credit Services of America,1301 W Main,"Manchester, IA 52057",Branch,"Buchanan, Delaware, Dubuque"
IA,Farm Credit Services of America,2216 James Ave,"Mt Pleasant, IA 52641-9300",Branch,"Des Moines, Henry, Jefferson, Lee, Louisa, Van Buren, Washington"
IA,Farm Credit Services of America,1902 D Ave W,"Oskaloosa, IA 52577-3723",Branch,"Appanoose, Clarke, Davis, Decatur, Des Moines, Henry, Jefferson, Keokuk, Lee, Louisa, Lucas, Mahaska, Monroe, Van Buren, Wapello, Washington, Wayne"
IA,Farm Credit Services of America,105 Theater Cir,"Perry, IA 50220-2523",Branch,"Adair, Boone, Dallas, Guthrie, Madison, Marion, Polk"
IA,Farm Credit Services of America,345 Fair Meadow DR,"Webster City, IA 50595-3157",Branch,"Black Hawk, Bremer, Buchanan, Butler, Clayton, Delaware, Dubuque, Fayette, Franklin, Grundy, Hamilton, Hardin, Webster, Wright"
IA,Farm Credit Services of America,7149 Nordic Drive,"Cedar Falls, IA 50613",Branch,"Black Hawk, Bremer, Buchanan, Butler, Clayton, Delaware, Dubuque, Fayette, Grundy"
IA,Farm Credit Services of America,2328 Millennium Rd,"Decorah, IA 52101",Branch,"Allamakee, Chickasaw, Clayton, Fayette, Howard, Winneshiek"
IA,Farm Credit Services of America,3675 450th Ave,"Emmetsburg, IA 50536",Branch,"Clay, Dickinson, Emmet, Humboldt, Kossuth, Palo Alto, Pocahontas"
IA,Farm Credit Services of America,1301 W Main,"Manchester, IA 52057",Branch,"Buchanan, Delaware, Dubuque"
IA,Farm Credit Services of America,4056 4th Street SW,"Mason City, IA 50401",Branch,"Allamakee, Cerro Gordo, Chickasaw, Clayton, Fayette, Floyd, Franklin, Hancock, Howard, Mitchell, Winnebago, Winneshiek, Worth"
IA,Farm Credit Services of America,700 Senate Ave,"Red Oak, IA 51566",Branch,"Adair, Adams, Audubon, Cass, Fremont, Harrison, Mills, Montgomery, Page, Pottawattamie, Ringgold, Shelby, Taylor, Union"
IA,Farm Credit Services of America,345 Fair Meadow DR,"Webster City, IA 50595-3157",Branch,"Black Hawk, Bremer, Buchanan, Butler, Clayton, Delaware, Dubuque, Fayette, Franklin, Grundy, Hamilton, Hardin, Webster, Wright"
IA,Farm Credit Services of America,919 Bella Vista Drive,"Carroll, IA 51401",Branch,"Calhoun, Carroll, Cherokee, Crawford, Greene, Pocahontas"
IA,Farm Credit Services of America,7149 Nordic Drive,"Cedar Falls, IA 50613",Branch,"Black Hawk, Bremer, Buchanan, Butler, Clayton, Delaware, Dubuque, Fayette, Grundy"
IA,Farm Credit Services of America,4056 4th Street SW,"Mason City, IA 50401",Branch,"Allamakee, Cerro Gordo, Chickasaw, Clayton, Fayette, Floyd, Franklin, Hancock, Howard, Mitchell, Winnebago, Winneshiek, Worth"
IA,Farm Credit Services of America,105 Theater Cir,"Perry, IA 50220-2523",Branch,"Adair, Boone, Dallas, Guthrie, Madison, Marion, Polk"
IA,Farm Credit Services of America,345 Fair Meadow DR,"Webster City, IA 50595-3157",Branch,"Black Hawk, Bremer, Buchanan, Butler, Clayton, Delaware, Dubuque, Fayette, Franklin, Grundy, Hamilton, Hardin, Webster, Wright"
IA,Farm Credit Services of America,1525 Boyson Rd,"Hiawatha, IA 52233-2309",Branch,"Benton, Cedar, Clinton, Iowa, Jackson, Johnson, Jones, Linn, Muscatine, Scott"
IA,Farm Credit Services of America,2328 Millennium Rd,"Decorah, IA 52101",Branch,"Allamakee, Chickasaw, Clayton, Fayette, Howard, Winneshiek"
IA,Farm Credit Services of America,3675 450th Ave,"Emmetsburg, IA 50536",Branch,"Clay, Dickinson, Emmet, Humboldt, Kossuth, Palo Alto, Pocahontas"
IA,Farm Credit Services of America,1812 Hawkeye Ave,"Harlan, IA 51537",Branch,"Cass, Harrison, Pottawattamie, Shelby"
IA,Farm Credit Services of America,4056 4th Street SW,"Mason City, IA 50401",Branch,"Allamakee, Cerro Gordo, Chickasaw, Clayton, Fayette, Floyd, Franklin, Hancock, Howard, Mitchell, Winnebago, Winneshiek, Worth"
IA,Farm Credit Services of America,2216 James Ave,"Mt Pleasant, IA 52641-9300",Branch,"Des Moines, Henry, Jefferson, Lee, Louisa, Van Buren, Washington"
IA,Farm Credit Services of America,1902 D Ave W,"Oskaloosa, IA 52577-3723",Branch,"Appanoose, Clarke, Davis, Decatur, Des Moines, Henry, Jefferson, Keokuk, Lee, Louisa, Lucas, Mahaska, Monroe, Van Buren, Wapello, Washington, Wayne"
IA,Farm Credit Services of America,700 Senate Ave,"Red Oak, IA 51566",Branch,"Adair, Adams, Audubon, Cass, Fremont, Harrison, Mills, Montgomery, Page, Pottawattamie, Ringgold, Shelby, Taylor, Union"
IA,Farm Credit Services of America,1015 590th St,"Storm Lake, IA 50588",Branch,"Buena Vista, Ida, Sac"
IA,Farm Credit Services of America,1525 Boyson Rd,"Hiawatha, IA 52233-2309",Branch,"Benton, Cedar, Clinton, Iowa, Jackson, Johnson, Jones, Linn, Muscatine, Scott"
IA,Farm Credit Services of America,1621 11th St,"DeWitt, IA 52742",Branch,"Cedar, Clinton, Jackson, Jones, Muscatine, Scott"
IA,Farm Credit Services of America,203 W Merle Hibbs Blvd,"Marshalltown, IA 50158-4861",Branch,"Jasper, Marion, Marshall, Polk, Poweshiek, Story, Tama, Warren"
IA,Farm Credit Services of America,2216 James Ave,"Mt Pleasant, IA 52641-9300",Branch,"Des Moines, Henry, Jefferson, Lee, Louisa, Van Buren, Washington"
IA,Farm Credit Services of America,2125 W 20th ST S,"Newton, IA 50208-9083",Branch,"Jasper, Polk, Poweshiek"
IA,Farm Credit Services of America,1902 D Ave W,"Oskaloosa, IA 52577-3723",Branch,"Appanoose, Clarke, Davis, Decatur, Des Moines, Henry, Jefferson, Keokuk, Lee, Louisa, Lucas, Mahaska, Monroe, Van Buren, Wapello, Washington, Wayne"
IA,Farm Credit Services of America,1525 Boyson Rd,"Hiawatha, IA 52233-2309",Branch,"Benton, Cedar, Clinton, Iowa, Jackson, Johnson, Jones, Linn, Muscatine, Scott"
IA,Farm Credit Services of America,3675 450th Ave,"Emmetsburg, IA 50536",Branch,"Clay, Dickinson, Emmet, Humboldt, Kossuth, Palo Alto, Pocahontas"
IA,Farm Credit Services of America,2216 James Ave,"Mt Pleasant, IA 52641-9300",Branch,"Des Moines, Henry, Jefferson, Lee, Louisa, Van Buren, Washington"
IA,Farm Credit Services of America,1902 D Ave W,"Oskaloosa, IA 52577-3723",Branch,"Appanoose, Clarke, Davis, Decatur, Des Moines, Henry, Jefferson, Keokuk, Lee, Louisa, Lucas, Mahaska, Monroe, Van Buren, Wapello, Washington, Wayne"
IA,Farm Credit Services of America,3000 Park Street,"Sheldon, IA 51201",Branch,"Cherokee, Lyon, Osceola, Sioux"
IA,Farm Credit Services of America,5011 S Broadband Lane,"Sioux Falls, SD 57108",Branch,"Aurora, Brule, Buffalo, Charles Mix, Davison, Douglas, Hanson, Hutchinson, Jerauld, Lake, Lincoln, Lyon, McCook, Miner, Minnehaha, Moody, Sanborn, Turner, Union, Union"
IA,Farm Credit Services of America,203 W Merle Hibbs Blvd,"Marshalltown, IA 50158-4861",Branch,"Jasper, Marion, Marshall, Polk, Poweshiek, Story, Tama, Warren"
IA,Farm Credit Services of America,4056 4th Street SW,"Mason City, IA 50401",Branch,"Allamakee, Cerro Gordo, Chickasaw, Clayton, Fayette, Floyd, Franklin, Hancock, Howard, Mitchell, Winnebago, Winneshiek, Worth"
IA,Farm Credit Services of America,1902 D Ave W,"Oskaloosa, IA 52577-3723",Branch,"Appanoose, Clarke, Davis, Decatur, Des Moines, Henry, Jefferson, Keokuk, Lee, Louisa, Lucas, Mahaska, Monroe, Van Buren, Wapello, Washington, Wayne"
IA,Farm Credit Services of America,105 Theater Cir,"Perry, IA 50220-2523",Branch,"Adair, Boone, Dallas, Guthrie, Madison, Marion, Polk"
IA,Farm Credit Services of America,700 Senate Ave,"Red Oak, IA 51566",Branch,"Adair, Adams, Audubon, Cass, Fremont, Harrison, Mills, Montgomery, Page, Pottawattamie, Ringgold, Shelby, Taylor, Union"
IA,Farm Credit Services of America,1525 Boyson Rd,"Hiawatha, IA 52233-2309",Branch,"Benton, Cedar, Clinton, Iowa, Jackson, Johnson, Jones, Linn, Muscatine, Scott"
IA,Farm Credit Services of America,1621 11th St,"DeWitt, IA 52742",Branch,"Cedar, Clinton, Jackson, Jones, Muscatine, Scott"
IA,Farm Credit Services of America,1902 D Ave W,"Oskaloosa, IA 52577-3723",Branch,"Appanoose, Clarke, Davis, Decatur, Des Moines, Henry, Jefferson, Keokuk, Lee, Louisa, Lucas, Mahaska, Monroe, Van Buren, Wapello, Washington, Wayne"
IA,Farm Credit Services of America,700 Senate Ave,"Red Oak, IA 51566",Branch,"Adair, Adams, Audubon, Cass, Fremont, Harrison, Mills, Montgomery, Page, Pottawattamie, Ringgold, Shelby, Taylor, Union"
IA,Farm Credit Services of America,3000 Park Street,"Sheldon, IA 51201",Branch,"Cherokee, Lyon, Osceola, Sioux"
IA,Farm Credit Services of America,4512 S Lakeport ST,"Sioux City, IA 51106-9733",Branch,"Monona, Plymouth"
IA,Farm Credit Services of America,3808 Broadway Ave,"Yankton, SD 57078",Branch,"Bon Homme, Cedar, Cedar, Charles Mix, Clay, Clay, Clay, Dakota, Dixon, Hutchinson, Knox, Monona, Plymouth, Thurston, Union, Union, Woodbury, Yankton"
IA,Farm Credit Services of America,919 Bella Vista Drive,"Carroll, IA 51401",Branch,"Calhoun, Carroll, Cherokee, Crawford, Greene, Pocahontas"
IA,Farm Credit Services of America,3675 450th Ave,"Emmetsburg, IA 50536",Branch,"Clay, Dickinson, Emmet, Humboldt, Kossuth, Palo Alto, Pocahontas"
IA,Farm Credit Services of America,1812 Hawkeye Ave,"Harlan, IA 51537",Branch,"Cass, Harrison, Pottawattamie, Shelby"
IA,Farm Credit Services of America,203 W Merle Hibbs Blvd,"Marshalltown, IA 50158-4861",Branch,"Jasper, Marion, Marshall, Polk, Poweshiek, Story, Tama, Warren"
IA,Farm Credit Services of America,2125 W 20th ST S,"Newton, IA 50208-9083",Branch,"Jasper, Polk, Poweshiek"
IA,Farm Credit Services of America,105 Theater Cir,"Perry, IA 50220-2523",Branch,"Adair, Boone, Dallas, Guthrie, Madison, Marion, Polk"
IA,Farm Credit Services of America,700 Senate Ave,"Red Oak, IA 51566",Branch,"Adair, Adams, Audubon, Cass, Fremont, Harrison, Mills, Montgomery, Page, Pottawattamie, Ringgold, Shelby, Taylor, Union"
IA,Farm Credit Services of America,4512 S Lakeport ST,"Sioux City, IA 51106-9733",Branch,"Monona, Plymouth"
IA,Farm Credit Services of America,3808 Broadway Ave,"Yankton, SD 57078",Branch,"Bon Homme, Cedar, Cedar, Charles Mix, Clay, Clay, Clay, Dakota, Dixon, Hutchinson, Knox, Monona, Plymouth, Thurston, Union, Union, Woodbury, Yankton"
IA,Farm Credit Services of America,1525 Boyson Rd,"Hiawatha, IA 52233-2309",Branch,"Benton, Cedar, Clinton, Iowa, Jackson, Johnson, Jones, Linn, Muscatine, Scott"
IA,Farm Credit Services of America,1621 11th St,"DeWitt, IA 52742",Branch,"Cedar, Clinton, Jackson, Jones, Muscatine, Scott"
IA,Farm Credit Services of America,1812 Hawkeye Ave,"Harlan, IA 51537",Branch,"Cass, Harrison, Pottawattamie, Shelby"
IA,Farm Credit Services of America,203 W Merle Hibbs Blvd,"Marshalltown, IA 50158-4861",Branch,"Jasper, Marion, Marshall, Polk, Poweshiek, Story, Tama, Warren"
IA,Farm Credit Services of America,2125 W 20th ST S,"Newton, IA 50208-9083",Branch,"Jasper, Polk, Poweshiek"
IA,Farm Credit Services of America,700 Senate Ave,"Red Oak, IA 51566",Branch,"Adair, Adams, Audubon, Cass, Fremont, Harrison, Mills, Montgomery, Page, Pottawattamie, Ringgold, Shelby, Taylor, Union"
IA,Farm Credit Services of America,3000 Park Street,"Sheldon, IA 51201",Branch,"Cherokee, Lyon, Osceola, Sioux"
IA,Farm Credit Services of America,1015 590th St,"Storm Lake, IA 50588",Branch,"Buena Vista, Ida, Sac"
IA,Farm Credit Services of America,203 W Merle Hibbs Blvd,"Marshalltown, IA 50158-4861",Branch,"Jasper, Marion, Marshall, Polk, Poweshiek, Story, Tama, Warren"
IA,Farm Credit Services of America,2216 James Ave,"Mt Pleasant, IA 52641-9300",Branch,"Des Moines, Henry, Jefferson, Lee, Louisa, Van Buren, Washington"
IA,Farm Credit Services of America,1902 D Ave W,"Oskaloosa, IA 52577-3723",Branch,"Appanoose, Clarke, Davis, Decatur, Des Moines, Henry, Jefferson, Keokuk, Lee, Louisa, Lucas, Mahaska, Monroe, Van Buren, Wapello, Washington, Wayne"
IA,Farm Credit Services of America,700 Senate Ave,"Red Oak, IA 51566",Branch,"Adair, Adams, Audubon, Cass, Fremont, Harrison, Mills, Montgomery, Page, Pottawattamie, Ringgold, Shelby, Taylor, Union"
IA,Farm Credit Services of America,5011 S Broadband Lane,"Sioux Falls, SD 57108",Branch,"Aurora, Brule, Buffalo, Charles Mix, Davison, Douglas, Hanson, Hutchinson, Jerauld, Lake, Lincoln, Lyon, McCook, Miner, Minnehaha, Moody, Sanborn, Turner, Union, Union"
IA,Farm Credit Services of America,3808 Broadway Ave,"Yankton, SD 57078",Branch,"Bon Homme, Cedar, Cedar, Charles Mix, Clay, Clay, Clay, Dakota, Dixon, Hutchinson, Knox, Monona, Plymouth, Thurston, Union, Union, Woodbury, Yankton"
IA,Farm Credit Services of America,2328 Millennium Rd,"Decorah, IA 52101",Branch,"Allamakee, Chickasaw, Clayton, Fayette, Howard, Winneshiek"
IA,Farm Credit Services of America,203 W Merle Hibbs Blvd,"Marshalltown, IA 50158-4861",Branch,"Jasper, Marion, Marshall, Polk, Poweshiek, Story, Tama, Warren"
IA,Farm Credit Services of America,4056 4th Street SW,"Mason City, IA 50401",Branch,"Allamakee, Cerro Gordo, Chickasaw, Clayton, Fayette, Floyd, Franklin, Hancock, Howard, Mitchell, Winnebago, Winneshiek, Worth"
IA,Farm Credit Services of America,2216 James Ave,"Mt Pleasant, IA 52641-9300",Branch,"Des Moines, Henry, Jefferson, Lee, Louisa, Van Buren, Washington"
IA,Farm Credit Services of America,1902 D Ave W,"Oskaloosa, IA 52577-3723",Branch,"Appanoose, Clarke, Davis, Decatur, Des Moines, Henry, Jefferson, Keokuk, Lee, Louisa, Lucas, Mahaska, Monroe, Van Buren, Wapello, Washington, Wayne"
IA,Farm Credit Services of America,345 Fair Meadow DR,"Webster City, IA 50595-3157",Branch,"Black Hawk, Bremer, Buchanan, Butler, Clayton, Delaware, Dubuque, Fayette, Franklin, Grundy, Hamilton, Hardin, Webster, Wright"
IA,Farm Credit Services of America,4056 4th Street SW,"Mason City, IA 50401",Branch,"Allamakee, Cerro Gordo, Chickasaw, Clayton, Fayette, Floyd, Franklin, Hancock, Howard, Mitchell, Winnebago, Winneshiek, Worth"
IA,Farm Credit Services of America,345 Fair Meadow DR,"Webster City, IA 50595-3157",Branch,"Black Hawk, Bremer, Buchanan, Butler, Clayton, Delaware, Dubuque, Fayette, Franklin, Grundy, Hamilton, Hardin, Webster, Wright"
IA,Farm Credit Services of America,3808 Broadway Ave,"Yankton, SD 57078",Branch,"Bon Homme, Cedar, Cedar, Charles Mix, Clay, Clay, Clay, Dakota, Dixon, Hutchinson, Knox, Monona, Plymouth, Thurston, Union, Union, Woodbury, Yankton"
KS,Frontier Farm Credit,1270 N 300th RD,"Baldwin City, KS 66006-7223",Branch,"Anderson, Douglas, Franklin, Jefferson, Johnson, Leavenworth, Linn, Miami, Osage, Wyandotte"
KS,American AgCredit,5634 10th Street,"Great Bend, KS 67530",Branch,"Barton, Edwards, Pawnee, Rush, Russell, Stafford"
KS,Frontier Farm Credit,2219 Natchez,"Hiawatha, KS 66434",Branch,"Atchison, Brown, Doniphan, Nemaha"
KS,High Plains Farm Credit,605 Main St,"Larned, KS 67550",Branch,"Barton, Edwards, Hodgeman, Ness, Pawnee, Rush, Stafford"
KS,Frontier Farm Credit,2005 Harding DR,"Parsons, KS 67357-8110",Branch,"Allen, Bourbon, Cherokee, Crawford, Labette, Montgomery, Neosho, Wilson, Woodson"
KS,High Plains Farm Credit,290 NE State Rd 61,"Pratt, KS 67124",Branch,"Barber, Comanche, Edwards, Kiowa, Pratt, Stafford"
KS,American AgCredit,706 S. Main Street,"Pratt, KS 67871",Branch,"Barber, Comanche, Harper, Kingman, Kiowa, Pratt"
KS,Frontier Farm Credit,1808 Road G,"Emporia, KS 66801",Branch,"Chase, Chautauqua, Coffey, Elk, Greenwood, Lyon, Osage"
KS,Frontier Farm Credit,2219 Natchez,"Hiawatha, KS 66434",Branch,"Atchison, Brown, Doniphan, Nemaha"
KS,Frontier Farm Credit,2005 Harding DR,"Parsons, KS 67357-8110",Branch,"Allen, Bourbon, Cherokee, Crawford, Labette, Montgomery, Neosho, Wilson, Woodson"
KS,American AgCredit,4105 N Ridge RD,"Wichita, KS 67205",Branch,"Butler, Chautauqua, Cowley, Elk, Greenwood, Harvey, Kay, Noble, Osage, Sedgwick, Sumner"
KS,American AgCredit,1501 Soule Street,"Dodge City, KS 67801",Branch,"Clark, Ford, Gray, Meade"
KS,High Plains Farm Credit,408 W. Frontview St.,"Dodge City, KS 67801",Branch,"Clark, Edwards, Ford, Hodgeman, Kiowa, Meade, Ness"
KS,Frontier Farm Credit,1808 Road G,"Emporia, KS 66801",Branch,"Chase, Chautauqua, Coffey, Elk, Greenwood, Lyon, Osage"
KS,Frontier Farm Credit,835 Pony Express Highway,"Marysville, KS 66508",Branch,"Clay, Marshall, Washington"
KS,High Plains Farm Credit,290 NE State Rd 61,"Pratt, KS 67124",Branch,"Barber, Comanche, Edwards, Kiowa, Pratt, Stafford"
KS,American AgCredit,706 S. Main Street,"Pratt, KS 67871",Branch,"Barber, Comanche, Harper, Kingman, Kiowa, Pratt"
KS,American AgCredit,4105 N Ridge RD,"Wichita, KS 67205",Branch,"Butler, Chautauqua, Cowley, Elk, Greenwood, Harvey, Kay, Noble, Osage, Sedgwick, Sumner"
KS,Frontier Farm Credit,1270 N 300th RD,"Baldwin City, KS 66006-7223",Branch,"Anderson, Douglas, Franklin, Jefferson, Johnson, Leavenworth, Linn, Miami, Osage, Wyandotte"
KS,High Plains Farm Credit,408 W. Frontview St.,"Dodge City, KS 67801",Branch,"Clark, Edwards, Ford, Hodgeman, Kiowa, Meade, Ness"
KS,American AgCredit,5634 10th Street,"Great Bend, KS 67530",Branch,"Barton, Edwards, Pawnee, Rush, Russell, Stafford"
KS,Frontier Farm Credit,2219 Natchez,"Hiawatha, KS 66434",Branch,"Atchison, Brown, Doniphan, Nemaha"
KS,High Plains Farm Credit,605 Main St,"Larned, KS 67550",Branch,"Barton, Edwards, Hodgeman, Ness, Pawnee, Rush, Stafford"
KS,Frontier Farm Credit,2009 Vanesta Place,"Manhattan, KS 66503-0368",Branch,"Dickinson, Geary, Jackson, Marion, Morris, Pottawatomie, Riley, Shawnee, Wabaunsee"
KS,Frontier Farm Credit,2005 Harding DR,"Parsons, KS 67357-8110",Branch,"Allen, Bourbon, Cherokee, Crawford, Labette, Montgomery, Neosho, Wilson, Woodson"
KS,High Plains Farm Credit,290 NE State Rd 61,"Pratt, KS 67124",Branch,"Barber, Comanche, Edwards, Kiowa, Pratt, Stafford"
KS,Frontier Farm Credit,1270 N 300th RD,"Baldwin City, KS 66006-7223",Branch,"Anderson, Douglas, Franklin, Jefferson, Johnson, Leavenworth, Linn, Miami, Osage, Wyandotte"
KS,American AgCredit,1501 Soule Street,"Dodge City, KS 67801",Branch,"Clark, Ford, Gray, Meade"
KS,High Plains Farm Credit,408 W. Frontview St.,"Dodge City, KS 67801",Branch,"Clark, Edwards, Ford, Hodgeman, Kiowa, Meade, Ness"
KS,Frontier Farm Credit,1808 Road G,"Emporia, KS 66801",Branch,"Chase, Chautauqua, Coffey, Elk, Greenwood, Lyon, Osage"
KS,American AgCredit,302 Fleming Street,"Garden City, KS 67846",Branch,"Finney, Hamilton, Kearny"
KS,High Plains Farm Credit,1100 E. 43rd St.,"Hays, KS 67601",Branch,"Ellis, Graham, Osborne, Rooks, Russell"
KS,American AgCredit,925 W. Magnolia,"Salina, KS 67401",Branch,"Ellis, Ellsworth, Graham, Lincoln, McPherson, Norton, Osborne, Ottawa, Phillips, Rooks, Russell, Saline, Smith, Trego"
KS,American AgCredit,4105 N Ridge RD,"Wichita, KS 67205",Branch,"Butler, Chautauqua, Cowley, Elk, Greenwood, Harvey, Kay, Noble, Osage, Sedgwick, Sumner"
KS,American AgCredit,1501 Soule Street,"Dodge City, KS 67801",Branch,"Clark, Ford, Gray, Meade"
KS,High Plains Farm Credit,1100 E. 43rd St.,"Hays, KS 67601",Branch,"Ellis, Graham, Osborne, Rooks, Russell"
KS,American AgCredit,2451 N. Kansas,"Liberal, KS 67901",Branch,"Grant, Haskell, Morton, Seward, Stanton, Stevens"
KS,Frontier Farm Credit,2009 Vanesta Place,"Manhattan, KS 66503-0368",Branch,"Dickinson, Geary, Jackson, Marion, Morris, Pottawatomie, Riley, Shawnee, Wabaunsee"
KS,High Plains Farm Credit,101 Eagle Drive,"Ness City, KS 67560",Branch,"Gove, Lane, Ness, Sheridan, Trego"
KS,High Plains Farm Credit,101 Eagle Drive,"Ness City, KS 67560",Branch,"Gove, Lane, Ness, Sheridan, Trego"
KS,American AgCredit,925 W. Magnolia,"Salina, KS 67401",Branch,"Ellis, Ellsworth, Graham, Lincoln, McPherson, Norton, Osborne, Ottawa, Phillips, Rooks, Russell, Saline, Smith, Trego"
KS,American AgCredit,1422 South Main,"Scott City, KS 67871",Branch,"Greeley, Lane, Scott, Wichita"
KS,High Plains Farm Credit,408 W. Frontview St.,"Dodge City, KS 67801",Branch,"Clark, Edwards, Ford, Hodgeman, Kiowa, Meade, Ness"
KS,Frontier Farm Credit,1808 Road G,"Emporia, KS 66801",Branch,"Chase, Chautauqua, Coffey, Elk, Greenwood, Lyon, Osage"
KS,American AgCredit,302 Fleming Street,"Garden City, KS 67846",Branch,"Finney, Hamilton, Kearny"
KS,American AgCredit,1902 E 23rd St,"Hutchinson, KS 67502-1116",Branch,"Harvey, McPherson, Reno, Rice"
KS,High Plains Farm Credit,605 Main St,"Larned, KS 67550",Branch,"Barton, Edwards, Hodgeman, Ness, Pawnee, Rush, Stafford"
KS,American AgCredit,2451 N. Kansas,"Liberal, KS 67901",Branch,"Grant, Haskell, Morton, Seward, Stanton, Stevens"
KS,American AgCredit,706 S. Main Street,"Pratt, KS 67871",Branch,"Barber, Comanche, Harper, Kingman, Kiowa, Pratt"
KS,American AgCredit,4105 N Ridge RD,"Wichita, KS 67205",Branch,"Butler, Chautauqua, Cowley, Elk, Greenwood, Harvey, Kay, Noble, Osage, Sedgwick, Sumner"
KS,Frontier Farm Credit,1270 N 300th RD,"Baldwin City, KS 66006-7223",Branch,"Anderson, Douglas, Franklin, Jefferson, Johnson, Leavenworth, Linn, Miami, Osage, Wyandotte"
KS,American AgCredit,302 Fleming Street,"Garden City, KS 67846",Branch,"Finney, Hamilton, Kearny"
KS,Frontier Farm Credit,2009 Vanesta Place,"Manhattan, KS 66503-0368",Branch,"Dickinson, Geary, Jackson, Marion, Morris, Pottawatomie, Riley, Shawnee, Wabaunsee"
KS,American AgCredit,706 S. Main Street,"Pratt, KS 67871",Branch,"Barber, Comanche, Harper, Kingman, Kiowa, Pratt"
KS,Frontier Farm Credit,1270 N 300th RD,"Baldwin City, KS 66006-7223",Branch,"Anderson, Douglas, Franklin, Jefferson, Johnson, Leavenworth, Linn, Miami, Osage, Wyandotte"
KS,High Plains Farm Credit,408 W. Frontview St.,"Dodge City, KS 67801",Branch,"Clark, Edwards, Ford, Hodgeman, Kiowa, Meade, Ness"
KS,High Plains Farm Credit,101 Eagle Drive,"Ness City, KS 67560",Branch,"Gove, Lane, Ness, Sheridan, Trego"
KS,High Plains Farm Credit,101 Eagle Drive,"Ness City, KS 67560",Branch,"Gove, Lane, Ness, Sheridan, Trego"
KS,Frontier Farm Credit,2005 Harding DR,"Parsons, KS 67357-8110",Branch,"Allen, Bourbon, Cherokee, Crawford, Labette, Montgomery, Neosho, Wilson, Woodson"
KS,High Plains Farm Credit,290 NE State Rd 61,"Pratt, KS 67124",Branch,"Barber, Comanche, Edwards, Kiowa, Pratt, Stafford"
KS,American AgCredit,706 S. Main Street,"Pratt, KS 67871",Branch,"Barber, Comanche, Harper, Kingman, Kiowa, Pratt"
KS,American AgCredit,925 W. Magnolia,"Salina, KS 67401",Branch,"Ellis, Ellsworth, Graham, Lincoln, McPherson, Norton, Osborne, Ottawa, Phillips, Rooks, Russell, Saline, Smith, Trego"
KS,American AgCredit,1422 South Main,"Scott City, KS 67871",Branch,"Greeley, Lane, Scott, Wichita"
KS,American AgCredit,1501 Soule Street,"Dodge City, KS 67801",Branch,"Clark, Ford, Gray, Meade"
KS,High Plains Farm Credit,408 W. Frontview St.,"Dodge City, KS 67801",Branch,"Clark, Edwards, Ford, Hodgeman, Kiowa, Meade, Ness"
KS,Frontier Farm Credit,1808 Road G,"Emporia, KS 66801",Branch,"Chase, Chautauqua, Coffey, Elk, Greenwood, Lyon, Osage"
KS,American AgCredit,1902 E 23rd St,"Hutchinson, KS 67502-1116",Branch,"Harvey, McPherson, Reno, Rice"
KS,Frontier Farm Credit,2009 Vanesta Place,"Manhattan, KS 66503-0368",Branch,"Dickinson, Geary, Jackson, Marion, Morris, Pottawatomie, Riley, Shawnee, Wabaunsee"
KS,Frontier Farm Credit,835 Pony Express Highway,"Marysville, KS 66508",Branch,"Clay, Marshall, Washington"
KS,American AgCredit,925 W. Magnolia,"Salina, KS 67401",Branch,"Ellis, Ellsworth, Graham, Lincoln, McPherson, Norton, Osborne, Ottawa, Phillips, Rooks, Russell, Saline, Smith, Trego"
KS,Frontier Farm Credit,1270 N 300th RD,"Baldwin City, KS 66006-7223",Branch,"Anderson, Douglas, Franklin, Jefferson, Johnson, Leavenworth, Linn, Miami, Osage, Wyandotte"
KS,Frontier Farm Credit,2219 Natchez,"Hiawatha, KS 66434",Branch,"Atchison, Brown, Doniphan, Nemaha"
KS,American AgCredit,2451 N. Kansas,"Liberal, KS 67901",Branch,"Grant, Haskell, Morton, Seward, Stanton, Stevens"
KS,Frontier Farm Credit,2009 Vanesta Place,"Manhattan, KS 66503-0368",Branch,"Dickinson, Geary, Jackson, Marion, Morris, Pottawatomie, Riley, Shawnee, Wabaunsee"
KS,Frontier Farm Credit,2005 Harding DR,"Parsons, KS 67357-8110",Branch,"Allen, Bourbon, Cherokee, Crawford, Labette, Montgomery, Neosho, Wilson, Woodson"
KS,Frontier Farm Credit,1270 N 300th RD,"Baldwin City, KS 66006-7223",Branch,"Anderson, Douglas, Franklin, Jefferson, Johnson, Leavenworth, Linn, Miami, Osage, Wyandotte"
KS,High Plains Farm Credit,408 W. Frontview St.,"Dodge City, KS 67801",Branch,"Clark, Edwards, Ford, Hodgeman, Kiowa, Meade, Ness"
KS,Frontier Farm Credit,1808 Road G,"Emporia, KS 66801",Branch,"Chase, Chautauqua, Coffey, Elk, Greenwood, Lyon, Osage"
KS,High Plains Farm Credit,1100 E. 43rd St.,"Hays, KS 67601",Branch,"Ellis, Graham, Osborne, Rooks, Russell"
KS,High Plains Farm Credit,605 Main St,"Larned, KS 67550",Branch,"Barton, Edwards, Hodgeman, Ness, Pawnee, Rush, Stafford"
KS,High Plains Farm Credit,101 Eagle Drive,"Ness City, KS 67560",Branch,"Gove, Lane, Ness, Sheridan, Trego"
KS,High Plains Farm Credit,101 Eagle Drive,"Ness City, KS 67560",Branch,"Gove, Lane, Ness, Sheridan, Trego"
KS,Frontier Farm Credit,2005 Harding DR,"Parsons, KS 67357-8110",Branch,"Allen, Bourbon, Cherokee, Crawford, Labette, Montgomery, Neosho, Wilson, Woodson"
KS,High Plains Farm Credit,477 F St,"Phillipsburg, KS 67661",Branch,"Norton, Phillips, Smith"
KS,American AgCredit,925 W. Magnolia,"Salina, KS 67401",Branch,"Ellis, Ellsworth, Graham, Lincoln, McPherson, Norton, Osborne, Ottawa, Phillips, Rooks, Russell, Saline, Smith, Trego"
KS,American AgCredit,5634 10th Street,"Great Bend, KS 67530",Branch,"Barton, Edwards, Pawnee, Rush, Russell, Stafford"
KS,American AgCredit,1902 E 23rd St,"Hutchinson, KS 67502-1116",Branch,"Harvey, McPherson, Reno, Rice"
KS,High Plains Farm Credit,605 Main St,"Larned, KS 67550",Branch,"Barton, Edwards, Hodgeman, Ness, Pawnee, Rush, Stafford"
KS,Frontier Farm Credit,2009 Vanesta Place,"Manhattan, KS 66503-0368",Branch,"Dickinson, Geary, Jackson, Marion, Morris, Pottawatomie, Riley, Shawnee, Wabaunsee"
KS,High Plains Farm Credit,477 F St,"Phillipsburg, KS 67661",Branch,"Norton, Phillips, Smith"
KS,High Plains Farm Credit,290 NE State Rd 61,"Pratt, KS 67124",Branch,"Barber, Comanche, Edwards, Kiowa, Pratt, Stafford"
KS,American AgCredit,706 S. Main Street,"Pratt, KS 67871",Branch,"Barber, Comanche, Harper, Kingman, Kiowa, Pratt"
KS,American AgCredit,925 W. Magnolia,"Salina, KS 67401",Branch,"Ellis, Ellsworth, Graham, Lincoln, McPherson, Norton, Osborne, Ottawa, Phillips, Rooks, Russell, Saline, Smith, Trego"
KS,American AgCredit,5634 10th Street,"Great Bend, KS 67530",Branch,"Barton, Edwards, Pawnee, Rush, Russell, Stafford"
KS,High Plains Farm Credit,1100 E. 43rd St.,"Hays, KS 67601",Branch,"Ellis, Graham, Osborne, Rooks, Russell"
KS,American AgCredit,1902 E 23rd St,"Hutchinson, KS 67502-1116",Branch,"Harvey, McPherson, Reno, Rice"
KS,High Plains Farm Credit,605 Main St,"Larned, KS 67550",Branch,"Barton, Edwards, Hodgeman, Ness, Pawnee, Rush, Stafford"
KS,Frontier Farm Credit,2009 Vanesta Place,"Manhattan, KS 66503-0368",Branch,"Dickinson, Geary, Jackson, Marion, Morris, Pottawatomie, Riley, Shawnee, Wabaunsee"
KS,American AgCredit,925 W. Magnolia,"Salina, KS 67401",Branch,"Ellis, Ellsworth, Graham, Lincoln, McPherson, Norton, Osborne, Ottawa, Phillips, Rooks, Russell, Saline, Smith, Trego"
KS,American AgCredit,2451 N. Kansas,"Liberal, KS 67901",Branch,"Grant, Haskell, Morton, Seward, Stanton, Stevens"
KS,Frontier Farm Credit,2009 Vanesta Place,"Manhattan, KS 66503-0368",Branch,"Dickinson, Geary, Jackson, Marion, Morris, Pottawatomie, Riley, Shawnee, Wabaunsee"
KS,High Plains Farm Credit,101 Eagle Drive,"Ness City, KS 67560",Branch,"Gove, Lane, Ness, Sheridan, Trego"
KS,High Plains Farm Credit,101 Eagle Drive,"Ness City, KS 67560",Branch,"Gove, Lane, Ness, Sheridan, Trego"
KS,American AgCredit,925 W. Magnolia,"Salina, KS 67401",Branch,"Ellis, Ellsworth, Graham, Lincoln, McPherson, Norton, Osborne, Ottawa, Phillips, Rooks, Russell, Saline, Smith, Trego"
KS,American AgCredit,1422 South Main,"Scott City, KS 67871",Branch,"Greeley, Lane, Scott, Wichita"
KS,American AgCredit,4105 N Ridge RD,"Wichita, KS 67205",Branch,"Butler, Chautauqua, Cowley, Elk, Greenwood, Harvey, Kay, Noble, Osage, Sedgwick, Sumner"
KS,American AgCredit,5634 10th Street,"Great Bend, KS 67530",Branch,"Barton, Edwards, Pawnee, Rush, Russell, Stafford"
KS,High Plains Farm Credit,605 Main St,"Larned, KS 67550",Branch,"Barton, Edwards, Hodgeman, Ness, Pawnee, Rush, Stafford"
KS,American AgCredit,2451 N. Kansas,"Liberal, KS 67901",Branch,"Grant, Haskell, Morton, Seward, Stanton, Stevens"
KS,High Plains Farm Credit,477 F St,"Phillipsburg, KS 67661",Branch,"Norton, Phillips, Smith"
KS,High Plains Farm Credit,290 NE State Rd 61,"Pratt, KS 67124",Branch,"Barber, Comanche, Edwards, Kiowa, Pratt, Stafford"
KS,American AgCredit,925 W. Magnolia,"Salina, KS 67401",Branch,"Ellis, Ellsworth, Graham, Lincoln, McPherson, Norton, Osborne, Ottawa, Phillips, Rooks, Russell, Saline, Smith, Trego"
KS,American AgCredit,4105 N Ridge RD,"Wichita, KS 67205",Branch,"Butler, Chautauqua, Cowley, Elk, Greenwood, Harvey, Kay, Noble, Osage, Sedgwick, Sumner"
KS,Frontier Farm Credit,2009 Vanesta Place,"Manhattan, KS 66503-0368",Branch,"Dickinson, Geary, Jackson, Marion, Morris, Pottawatomie, Riley, Shawnee, Wabaunsee"
KS,Frontier Farm Credit,835 Pony Express Highway,"Marysville, KS 66508",Branch,"Clay, Marshall, Washington"
KS,High Plains Farm Credit,101 Eagle Drive,"Ness City, KS 67560",Branch,"Gove, Lane, Ness, Sheridan, Trego"
KS,High Plains Farm Credit,101 Eagle Drive,"Ness City, KS 67560",Branch,"Gove, Lane, Ness, Sheridan, Trego"
KS,American AgCredit,925 W. Magnolia,"Salina, KS 67401",Branch,"Ellis, Ellsworth, Graham, Lincoln, McPherson, Norton, Osborne, Ottawa, Phillips, Rooks, Russell, Saline, Smith, Trego"
KS,American AgCredit,1422 South Main,"Scott City, KS 67871",Branch,"Greeley, Lane, Scott, Wichita"
KS,Frontier Farm Credit,1270 N 300th RD,"Baldwin City, KS 66006-7223",Branch,"Anderson, Douglas, Franklin, Jefferson, Johnson, Leavenworth, Linn, Miami, Osage, Wyandotte"
KS,Frontier Farm Credit,2005 Harding DR,"Parsons, KS 67357-8110",Branch,"Allen, Bourbon, Cherokee, Crawford, Labette, Montgomery, Neosho, Wilson, Woodson"
KY,Farm Credit Mid-America,10020 Nashville Rd,"Bowling Green, KY 42101",Branch,"Allen, Butler, Edmonson, Logan, Simpson, Warren"
KY,Farm Credit Mid-America,1502 New Columbia Rd,"Campbellsville, KY 42718",Branch,"Adair, Green, Marion, Taylor, Washington"
KY,Central Kentucky Agricultural Credit Association,2311 Lawrenceburg Road,"Frankfort, KY 40601-4360",Branch,"Anderson, Franklin"
KY,Farm Credit Mid-America,2800 New Bowling Green Road,"Glasgow, KY 42141",Branch,"Barren, Hart, Metcalfe, Monroe"
KY,River Valley AgCredit,12350 US Hwy 60W,"Kevil, KY 42053",Branch,
KY,Farm Credit Mid-America,3047 Owingsville Road,"Mt Sterling, KY 40353",Branch,"Bath, Estill, Menifee, Montgomery, Powell"
KY,Farm Credit Mid-America,1203 Mt Eden Rd,"Shelbyville, KY 40065",Branch,"Anderson, Franklin, Henry, Jefferson, Oldham, Shelby, Spencer, Trimble"
KY,Central Kentucky Agricultural Credit Association,485 N Danville Byp,"Danville, KY 40422-2802",Branch,"Boyle, Mercer"
KY,Farm Credit Mid-America,1201 Providence Place Parkway,"Lexington, KY 40511",Branch,"Bourbon, Clark, Fayette, Harrison, Jessamine, Madison, Scott, Woodford"
KY,Farm Credit Mid-America,7112 AA Hwy,"Maysville, KY 41056-8448",Branch,"Bracken, Campbell, Fleming, Lewis, Mason, Nicholas, Robertson, Rowan"
KY,Central Kentucky Agricultural Credit Association,201 Commerce Dr,"Paris, KY 40361",Branch,"Bourbon, Clark, Harrison, Montgomery, Scott"
KY,Farm Credit Mid-America,10020 Nashville Rd,"Bowling Green, KY 42101",Branch,"Allen, Butler, Edmonson, Logan, Simpson, Warren"
KY,Farm Credit Mid-America,101 Opportunity Way,"Elizabethtown, KY 42701-5992",Branch,"Bullitt, Hardin, Larue, Nelson"
KY,Farm Credit Mid-America,1063 S Hwy 259,"Hardinsburg, KY 40143",Branch,"Breckinridge, Grayson, Meade"
KY,Farm Credit Mid-America,5172 Canton Pike,"Hopkinsville, KY 42240",Branch,"Caldwell, Christian, Lyon, Muhlenberg, Todd, Trigg"
KY,River Valley AgCredit,1401 N 12th St,"Murray, KY 42071",Branch,
KY,Farm Credit Mid-America,115 Commerce Drive,"Russellville, KY 42276",Branch,"Butler, Logan, Muhlenberg, Todd"
KY,River Valley AgCredit,196 U.S. Highway 51 North,"Bardwell, KY 42023",Branch,
KY,Farm Credit Mid-America,5172 Canton Pike,"Hopkinsville, KY 42240",Branch,"Caldwell, Christian, Lyon, Muhlenberg, Todd, Trigg"
KY,Farm Credit Mid-America,7112 AA Hwy,"Maysville, KY 41056-8448",Branch,"Bracken, Campbell, Fleming, Lewis, Mason, Nicholas, Robertson, Rowan"
KY,Farm Credit Mid-America,2211 W Highway 914,"Somerset, KY 42503",Branch,"Casey, Clinton, Cumberland, McCreary, Pulaski, Russell, Wayne"
KY,Farm Credit Mid-America,8300 Keach Dr,"Henderson, KY 42420",Branch,"Crittenden, Henderson, Hopkins, Livingston, Union, Webster"
KY,Central Kentucky Agricultural Credit Association,2429 Members Way,"Lexington, KY 40504",Branch,"Clark, Fayette, Jessamine, Scott, Woodford"
KY,Farm Credit Mid-America,1201 Providence Place Parkway,"Lexington, KY 40511",Branch,"Bourbon, Clark, Fayette, Harrison, Jessamine, Madison, Scott, Woodford"
KY,Farm Credit Mid-America,3216 Buckland Sq,"Owensboro, KY 42301",Branch,"Daviess, Hancock, McLean, Ohio"
KY,Central Kentucky Agricultural Credit Association,201 Commerce Dr,"Paris, KY 40361",Branch,"Bourbon, Clark, Harrison, Montgomery, Scott"
KY,Central Kentucky Agricultural Credit Association,1000 Ival James Blvd,"Richmond, KY 40475",Branch,"Clark, Madison"
KY,Farm Credit Mid-America,2211 W Highway 914,"Somerset, KY 42503",Branch,"Casey, Clinton, Cumberland, McCreary, Pulaski, Russell, Wayne"
KY,Farm Credit Mid-America,10020 Nashville Rd,"Bowling Green, KY 42101",Branch,"Allen, Butler, Edmonson, Logan, Simpson, Warren"
KY,Central Kentucky Agricultural Credit Association,2429 Members Way,"Lexington, KY 40504",Branch,"Clark, Fayette, Jessamine, Scott, Woodford"
KY,Farm Credit Mid-America,1201 Providence Place Parkway,"Lexington, KY 40511",Branch,"Bourbon, Clark, Fayette, Harrison, Jessamine, Madison, Scott, Woodford"
KY,Farm Credit Mid-America,7112 AA Hwy,"Maysville, KY 41056-8448",Branch,"Bracken, Campbell, Fleming, Lewis, Mason, Nicholas, Robertson, Rowan"
KY,Farm Credit Mid-America,3047 Owingsville Road,"Mt Sterling, KY 40353",Branch,"Bath, Estill, Menifee, Montgomery, Powell"
KY,Central Kentucky Agricultural Credit Association,2311 Lawrenceburg Road,"Frankfort, KY 40601-4360",Branch,"Anderson, Franklin"
KY,River Valley AgCredit,545 Dick Castleman Bypass,"Mayfield, KY 42066",Branch,
KY,Farm Credit Mid-America,1203 Mt Eden Rd,"Shelbyville, KY 40065",Branch,"Anderson, Franklin, Henry, Jefferson, Oldham, Shelby, Spencer, Trimble"
KY,Central Kentucky Agricultural Credit Association,106 Agriculture Way,"Stanford, KY 40484",Branch,"Garrard, Lincoln"
KY,Farm Credit Mid-America,1502 New Columbia Rd,"Campbellsville, KY 42718",Branch,"Adair, Green, Marion, Taylor, Washington"
KY,Farm Credit Mid-America,101 Opportunity Way,"Elizabethtown, KY 42701-5992",Branch,"Bullitt, Hardin, Larue, Nelson"
KY,Farm Credit Mid-America,1063 S Hwy 259,"Hardinsburg, KY 40143",Branch,"Breckinridge, Grayson, Meade"
KY,Farm Credit Mid-America,3216 Buckland Sq,"Owensboro, KY 42301",Branch,"Daviess, Hancock, McLean, Ohio"
KY,River Valley AgCredit,102 N Washington ST,"Clinton, KY 42031-1233",Branch,
KY,River Valley AgCredit,102 N Washington ST,"Clinton, KY 42031-1233",Branch,
KY,Farm Credit Mid-America,2800 New Bowling Green Road,"Glasgow, KY 42141",Branch,"Barren, Hart, Metcalfe, Monroe"
KY,Farm Credit Mid-America,8300 Keach Dr,"Henderson, KY 42420",Branch,"Crittenden, Henderson, Hopkins, Livingston, Union, Webster"
KY,Farm Credit Mid-America,1201 Providence Place Parkway,"Lexington, KY 40511",Branch,"Bourbon, Clark, Fayette, Harrison, Jessamine, Madison, Scott, Woodford"
KY,Central Kentucky Agricultural Credit Association,201 Commerce Dr,"Paris, KY 40361",Branch,"Bourbon, Clark, Harrison, Montgomery, Scott"
KY,Farm Credit Mid-America,1203 Mt Eden Rd,"Shelbyville, KY 40065",Branch,"Anderson, Franklin, Henry, Jefferson, Oldham, Shelby, Spencer, Trimble"
KY,Central Kentucky Agricultural Credit Association,2429 Members Way,"Lexington, KY 40504",Branch,"Clark, Fayette, Jessamine, Scott, Woodford"
KY,Farm Credit Mid-America,1201 Providence Place Parkway,"Lexington, KY 40511",Branch,"Bourbon, Clark, Fayette, Harrison, Jessamine, Madison, Scott, Woodford"
KY,Farm Credit Mid-America,1203 Mt Eden Rd,"Shelbyville, KY 40065",Branch,"Anderson, Franklin, Henry, Jefferson, Oldham, Shelby, Spencer, Trimble"
KY,Farm Credit Mid-America,101 Opportunity Way,"Elizabethtown, KY 42701-5992",Branch,"Bullitt, Hardin, Larue, Nelson"
KY,Farm Credit Mid-America,10020 Nashville Rd,"Bowling Green, KY 42101",Branch,"Allen, Butler, Edmonson, Logan, Simpson, Warren"
KY,Farm Credit Mid-America,8300 Keach Dr,"Henderson, KY 42420",Branch,"Crittenden, Henderson, Hopkins, Livingston, Union, Webster"
KY,Farm Credit Mid-America,5172 Canton Pike,"Hopkinsville, KY 42240",Branch,"Caldwell, Christian, Lyon, Muhlenberg, Todd, Trigg"
KY,Farm Credit Mid-America,7112 AA Hwy,"Maysville, KY 41056-8448",Branch,"Bracken, Campbell, Fleming, Lewis, Mason, Nicholas, Robertson, Rowan"
KY,Farm Credit Mid-America,115 Commerce Drive,"Russellville, KY 42276",Branch,"Butler, Logan, Muhlenberg, Todd"
KY,Central Kentucky Agricultural Credit Association,106 Agriculture Way,"Stanford, KY 40484",Branch,"Garrard, Lincoln"
KY,Farm Credit Mid-America,1502 New Columbia Rd,"Campbellsville, KY 42718",Branch,"Adair, Green, Marion, Taylor, Washington"
KY,Central Kentucky Agricultural Credit Association,842 W Main ST,"Lebanon, KY 40033",Branch,"Marion, Washington"
KY,Farm Credit Mid-America,1201 Providence Place Parkway,"Lexington, KY 40511",Branch,"Bourbon, Clark, Fayette, Harrison, Jessamine, Madison, Scott, Woodford"
KY,Farm Credit Mid-America,3216 Buckland Sq,"Owensboro, KY 42301",Branch,"Daviess, Hancock, McLean, Ohio"
KY,Central Kentucky Agricultural Credit Association,1000 Ival James Blvd,"Richmond, KY 40475",Branch,"Clark, Madison"
KY,Farm Credit Mid-America,2211 W Highway 914,"Somerset, KY 42503",Branch,"Casey, Clinton, Cumberland, McCreary, Pulaski, Russell, Wayne"
KY,Central Kentucky Agricultural Credit Association,485 N Danville Byp,"Danville, KY 40422-2802",Branch,"Boyle, Mercer"
KY,Farm Credit Mid-America,1063 S Hwy 259,"Hardinsburg, KY 40143",Branch,"Breckinridge, Grayson, Meade"
KY,Farm Credit Mid-America,7112 AA Hwy,"Maysville, KY 41056-8448",Branch,"Bracken, Campbell, Fleming, Lewis, Mason, Nicholas, Robertson, Rowan"
KY,Farm Credit Mid-America,3047 Owingsville Road,"Mt Sterling, KY 40353",Branch,"Bath, Estill, Menifee, Montgomery, Powell"
KY,Farm Credit Mid-America,101 Opportunity Way,"Elizabethtown, KY 42701-5992",Branch,"Bullitt, Hardin, Larue, Nelson"
KY,Farm Credit Mid-America,2800 New Bowling Green Road,"Glasgow, KY 42141",Branch,"Barren, Hart, Metcalfe, Monroe"
KY,Farm Credit Mid-America,5172 Canton Pike,"Hopkinsville, KY 42240",Branch,"Caldwell, Christian, Lyon, Muhlenberg, Todd, Trigg"
KY,Farm Credit Mid-America,3047 Owingsville Road,"Mt Sterling, KY 40353",Branch,"Bath, Estill, Menifee, Montgomery, Powell"
KY,Central Kentucky Agricultural Credit Association,201 Commerce Dr,"Paris, KY 40361",Branch,"Bourbon, Clark, Harrison, Montgomery, Scott"
KY,Farm Credit Mid-America,115 Commerce Drive,"Russellville, KY 42276",Branch,"Butler, Logan, Muhlenberg, Todd"
KY,Farm Credit Mid-America,7112 AA Hwy,"Maysville, KY 41056-8448",Branch,"Bracken, Campbell, Fleming, Lewis, Mason, Nicholas, Robertson, Rowan"
KY,Farm Credit Mid-America,3216 Buckland Sq,"Owensboro, KY 42301",Branch,"Daviess, Hancock, McLean, Ohio"
KY,Farm Credit Mid-America,1203 Mt Eden Rd,"Shelbyville, KY 40065",Branch,"Anderson, Franklin, Henry, Jefferson, Oldham, Shelby, Spencer, Trimble"
KY,Farm Credit Mid-America,7112 AA Hwy,"Maysville, KY 41056-8448",Branch,"Bracken, Campbell, Fleming, Lewis, Mason, Nicholas, Robertson, Rowan"
KY,Farm Credit Mid-America,3047 Owingsville Road,"Mt Sterling, KY 40353",Branch,"Bath, Estill, Menifee, Montgomery, Powell"
KY,Farm Credit Mid-America,2211 W Highway 914,"Somerset, KY 42503",Branch,"Casey, Clinton, Cumberland, McCreary, Pulaski, Russell, Wayne"
KY,Farm Credit Mid-America,10020 Nashville Rd,"Bowling Green, KY 42101",Branch,"Allen, Butler, Edmonson, Logan, Simpson, Warren"
KY,Central Kentucky Agricultural Credit Association,2429 Members Way,"Lexington, KY 40504",Branch,"Clark, Fayette, Jessamine, Scott, Woodford"
KY,Farm Credit Mid-America,1201 Providence Place Parkway,"Lexington, KY 40511",Branch,"Bourbon, Clark, Fayette, Harrison, Jessamine, Madison, Scott, Woodford"
KY,Farm Credit Mid-America,7112 AA Hwy,"Maysville, KY 41056-8448",Branch,"Bracken, Campbell, Fleming, Lewis, Mason, Nicholas, Robertson, Rowan"
KY,Central Kentucky Agricultural Credit Association,201 Commerce Dr,"Paris, KY 40361",Branch,"Bourbon, Clark, Harrison, Montgomery, Scott"
KY,Farm Credit Mid-America,1203 Mt Eden Rd,"Shelbyville, KY 40065",Branch,"Anderson, Franklin, Henry, Jefferson, Oldham, Shelby, Spencer, Trimble"
KY,Farm Credit Mid-America,2211 W Highway 914,"Somerset, KY 42503",Branch,"Casey, Clinton, Cumberland, McCreary, Pulaski, Russell, Wayne"
KY,Farm Credit Mid-America,10020 Nashville Rd,"Bowling Green, KY 42101",Branch,"Allen, Butler, Edmonson, Logan, Simpson, Warren"
KY,Farm Credit Mid-America,1502 New Columbia Rd,"Campbellsville, KY 42718",Branch,"Adair, Green, Marion, Taylor, Washington"
KY,Farm Credit Mid-America,8300 Keach Dr,"Henderson, KY 42420",Branch,"Crittenden, Henderson, Hopkins, Livingston, Union, Webster"
KY,Farm Credit Mid-America,5172 Canton Pike,"Hopkinsville, KY 42240",Branch,"Caldwell, Christian, Lyon, Muhlenberg, Todd, Trigg"
KY,Farm Credit Mid-America,115 Commerce Drive,"Russellville, KY 42276",Branch,"Butler, Logan, Muhlenberg, Todd"
KY,Farm Credit Mid-America,1203 Mt Eden Rd,"Shelbyville, KY 40065",Branch,"Anderson, Franklin, Henry, Jefferson, Oldham, Shelby, Spencer, Trimble"
KY,Farm Credit Mid-America,1502 New Columbia Rd,"Campbellsville, KY 42718",Branch,"Adair, Green, Marion, Taylor, Washington"
KY,Farm Credit Mid-America,8300 Keach Dr,"Henderson, KY 42420",Branch,"Crittenden, Henderson, Hopkins, Livingston, Union, Webster"
KY,Central Kentucky Agricultural Credit Association,842 W Main ST,"Lebanon, KY 40033",Branch,"Marion, Washington"
KY,Central Kentucky Agricultural Credit Association,2429 Members Way,"Lexington, KY 40504",Branch,"Clark, Fayette, Jessamine, Scott, Woodford"
KY,Farm Credit Mid-America,1201 Providence Place Parkway,"Lexington, KY 40511",Branch,"Bourbon, Clark, Fayette, Harrison, Jessamine, Madison, Scott, Woodford"
KY,Farm Credit Mid-America,2211 W Highway 914,"Somerset, KY 42503",Branch,"Casey, Clinton, Cumberland, McCreary, Pulaski, Russell, Wayne"
LA,First South Farm Credit,3206 S LA 13,"Crowley, LA 70526-1202",Branch,"Acadia, Vermilion"
LA,First South Farm Credit,4925 E McNeese St,"Lake Charles, LA 70607",Branch,"Allen, Beauregard, Calcasieu, Cameron, Jefferson Davis"
LA,First South Farm Credit,321 S Main St,"Marksville, LA 71351",Branch,"Avoyelles, Catahoula"
LA,Louisiana Land Bank ACA,5073 I-49 S Service Rd,"Opelousas, LA 70570",Branch,"Avoyelles, Evangeline, Iberia, Lafayette, Saint Landry, Saint Martin, Saint Mary"
LA,Louisiana Land Bank ACA,3517 Hwy 1 South,"Port Allen, LA 70767",Branch,"Ascension, Assumption, East Baton Rouge, East Feliciana, Iberville, Jefferson, Lafourche, Livingston, Orleans, Plaquemines, Pointe Coupee, Saint Bernard, Saint Charles, Saint James, St John the Baptist, Terrebonne, West Baton Rouge, West Feliciana"
LA,First South Farm Credit,1725 St Mary Hwy,"Thibodaux, LA 70301",Branch,"Ascension, Assumption, Jefferson, Lafourche, Orleans, Plaquemines, Saint Bernard, Saint Charles, Saint James, Saint Mary, St John the Baptist, Terrebonne"
LA,First South Farm Credit,19550 Old Scenic Hwy.,"Zachary, LA 70791",Branch,"Ascension, East Baton Rouge, East Feliciana, Iberville, Livingston, Pointe Coupee, West Baton Rouge, West Feliciana"
LA,Louisiana Land Bank ACA,"594 Gap Farm Rd, Suite A","Arcadia, LA 71001",Branch,"Bienville, Claiborne"
LA,First South Farm Credit,4925 E McNeese St,"Lake Charles, LA 70607",Branch,"Allen, Beauregard, Calcasieu, Cameron, Jefferson Davis"
LA,First South Farm Credit,1896 Hudson Cir Ste 7,"Monroe, LA 71201",Branch,"Caldwell, Morehouse, Ouachita"
LA,Louisiana Land Bank ACA,2411 Tower DR,"Monroe, LA 71201",Branch,"Caldwell, Jackson, Lincoln, Morehouse, Ouachita, Richland, Union, West Carroll"
LA,Southern AgCredit,600 North Vienna Street,"Ruston, LA 71270",Branch,"Bienville, Claiborne, Jackson, Lincoln, Ouachita, Union, Webster"
LA,Southern AgCredit,2042 E 70th St,"Shreveport, LA 71105",Branch,"Bossier, Caddo, De Soto, Red River, Webster"
LA,Louisiana Land Bank ACA,2137 E Bert Kouns Ind Loop,"Shreveport, LA 71105",Branch,"Bossier, Caddo, De Soto, Red River, Webster"
LA,Louisiana Land Bank ACA,"594 Gap Farm Rd, Suite A","Arcadia, LA 71001",Branch,"Bienville, Claiborne"
LA,First South Farm Credit,321 S Main St,"Marksville, LA 71351",Branch,"Avoyelles, Catahoula"
LA,Louisiana Land Bank ACA,3517 Hwy 1 South,"Port Allen, LA 70767",Branch,"Ascension, Assumption, East Baton Rouge, East Feliciana, Iberville, Jefferson, Lafourche, Livingston, Orleans, Plaquemines, Pointe Coupee, Saint Bernard, Saint Charles, Saint James, St John the Baptist, Terrebonne, West Baton Rouge, West Feliciana"
LA,Southern AgCredit,600 North Vienna Street,"Ruston, LA 71270",Branch,"Bienville, Claiborne, Jackson, Lincoln, Ouachita, Union, Webster"
LA,Southern AgCredit,2042 E 70th St,"Shreveport, LA 71105",Branch,"Bossier, Caddo, De Soto, Red River, Webster"
LA,Louisiana Land Bank ACA,2137 E Bert Kouns Ind Loop,"Shreveport, LA 71105",Branch,"Bossier, Caddo, De Soto, Red River, Webster"
LA,First South Farm Credit,222 N Cedar St,"Tallulah, LA 71282",Branch,"Concordia, East Carroll, Madison, Morehouse, Richland, Tensas, West Carroll"
LA,Louisiana Land Bank ACA,472 Highway 65 South,"Tallulah, LA 71282",Branch,"East Carroll, Madison"
LA,Louisiana Land Bank ACA,4255 Front Street,"Winnsboro, LA 71295",Branch,"Catahoula, Concordia, Franklin, Tensas"
LA,First South Farm Credit,811 Jackson Street,"Winnsboro, LA 71295",Branch,"Catahoula, Franklin"
LA,First South Farm Credit,19550 Old Scenic Hwy.,"Zachary, LA 70791",Branch,"Ascension, East Baton Rouge, East Feliciana, Iberville, Livingston, Pointe Coupee, West Baton Rouge, West Feliciana"
LA,First South Farm Credit,1007 Guy Drive,"St Martinville, LA 70582",Branch,"Iberia, Lafayette, Saint Martin, Saint Mary"
LA,Louisiana Land Bank ACA,5073 I-49 S Service Rd,"Opelousas, LA 70570",Branch,"Avoyelles, Evangeline, Iberia, Lafayette, Saint Landry, Saint Martin, Saint Mary"
LA,Louisiana Land Bank ACA,3517 Hwy 1 South,"Port Allen, LA 70767",Branch,"Ascension, Assumption, East Baton Rouge, East Feliciana, Iberville, Jefferson, Lafourche, Livingston, Orleans, Plaquemines, Pointe Coupee, Saint Bernard, Saint Charles, Saint James, St John the Baptist, Terrebonne, West Baton Rouge, West Feliciana"
LA,First South Farm Credit,811 Jackson Street,"Winnsboro, LA 71295",Branch,"Catahoula, Franklin"
LA,Louisiana Land Bank ACA,4255 Front Street,"Winnsboro, LA 71295",Branch,"Catahoula, Concordia, Franklin, Tensas"
LA,First South Farm Credit,19550 Old Scenic Hwy.,"Zachary, LA 70791",Branch,"Ascension, East Baton Rouge, East Feliciana, Iberville, Livingston, Pointe Coupee, West Baton Rouge, West Feliciana"
LA,First South Farm Credit,4925 E McNeese St,"Lake Charles, LA 70607",Branch,"Allen, Beauregard, Calcasieu, Cameron, Jefferson Davis"
LA,Louisiana Land Bank ACA,2411 Tower DR,"Monroe, LA 71201",Branch,"Caldwell, Jackson, Lincoln, Morehouse, Ouachita, Richland, Union, West Carroll"
LA,First South Farm Credit,1007 Guy Drive,"St Martinville, LA 70582",Branch,"Iberia, Lafayette, Saint Martin, Saint Mary"
LA,Louisiana Land Bank ACA,5073 I-49 S Service Rd,"Opelousas, LA 70570",Branch,"Avoyelles, Evangeline, Iberia, Lafayette, Saint Landry, Saint Martin, Saint Mary"
LA,Louisiana Land Bank ACA,3517 Hwy 1 South,"Port Allen, LA 70767",Branch,"Ascension, Assumption, East Baton Rouge, East Feliciana, Iberville, Jefferson, Lafourche, Livingston, Orleans, Plaquemines, Pointe Coupee, Saint Bernard, Saint Charles, Saint James, St John the Baptist, Terrebonne, West Baton Rouge, West Feliciana"
LA,Southern AgCredit,600 North Vienna Street,"Ruston, LA 71270",Branch,"Bienville, Claiborne, Jackson, Lincoln, Ouachita, Union, Webster"
LA,First South Farm Credit,1725 St Mary Hwy,"Thibodaux, LA 70301",Branch,"Ascension, Assumption, Jefferson, Lafourche, Orleans, Plaquemines, Saint Bernard, Saint Charles, Saint James, Saint Mary, St John the Baptist, Terrebonne"
LA,First South Farm Credit,60050 Westway Drive,"Amite, LA 70422",Branch,"Livingston, Saint Helena, Saint Tammany, Tangipahoa, Washington"
LA,First South Farm Credit,1896 Hudson Cir Ste 7,"Monroe, LA 71201",Branch,"Caldwell, Morehouse, Ouachita"
LA,Louisiana Land Bank ACA,2411 Tower DR,"Monroe, LA 71201",Branch,"Caldwell, Jackson, Lincoln, Morehouse, Ouachita, Richland, Union, West Carroll"
LA,Louisiana Land Bank ACA,3517 Hwy 1 South,"Port Allen, LA 70767",Branch,"Ascension, Assumption, East Baton Rouge, East Feliciana, Iberville, Jefferson, Lafourche, Livingston, Orleans, Plaquemines, Pointe Coupee, Saint Bernard, Saint Charles, Saint James, St John the Baptist, Terrebonne, West Baton Rouge, West Feliciana"
LA,Southern AgCredit,600 North Vienna Street,"Ruston, LA 71270",Branch,"Bienville, Claiborne, Jackson, Lincoln, Ouachita, Union, Webster"
LA,First South Farm Credit,222 N Cedar St,"Tallulah, LA 71282",Branch,"Concordia, East Carroll, Madison, Morehouse, Richland, Tensas, West Carroll"
LA,Louisiana Land Bank ACA,472 Highway 65 South,"Tallulah, LA 71282",Branch,"East Carroll, Madison"
LA,First South Farm Credit,1725 St Mary Hwy,"Thibodaux, LA 70301",Branch,"Ascension, Assumption, Jefferson, Lafourche, Orleans, Plaquemines, Saint Bernard, Saint Charles, Saint James, Saint Mary, St John the Baptist, Terrebonne"
LA,First South Farm Credit,19550 Old Scenic Hwy.,"Zachary, LA 70791",Branch,"Ascension, East Baton Rouge, East Feliciana, Iberville, Livingston, Pointe Coupee, West Baton Rouge, West Feliciana"
LA,First South Farm Credit,1896 Hudson Cir Ste 7,"Monroe, LA 71201",Branch,"Caldwell, Morehouse, Ouachita"
LA,Louisiana Land Bank ACA,2411 Tower DR,"Monroe, LA 71201",Branch,"Caldwell, Jackson, Lincoln, Morehouse, Ouachita, Richland, Union, West Carroll"
LA,Louisiana Land Bank ACA,3517 Hwy 1 South,"Port Allen, LA 70767",Branch,"Ascension, Assumption, East Baton Rouge, East Feliciana, Iberville, Jefferson, Lafourche, Livingston, Orleans, Plaquemines, Pointe Coupee, Saint Bernard, Saint Charles, Saint James, St John the Baptist, Terrebonne, West Baton Rouge, West Feliciana"
LA,Southern AgCredit,600 North Vienna Street,"Ruston, LA 71270",Branch,"Bienville, Claiborne, Jackson, Lincoln, Ouachita, Union, Webster"
LA,Southern AgCredit,2042 E 70th St,"Shreveport, LA 71105",Branch,"Bossier, Caddo, De Soto, Red River, Webster"
LA,Louisiana Land Bank ACA,2137 E Bert Kouns Ind Loop,"Shreveport, LA 71105",Branch,"Bossier, Caddo, De Soto, Red River, Webster"
LA,First South Farm Credit,222 N Cedar St,"Tallulah, LA 71282",Branch,"Concordia, East Carroll, Madison, Morehouse, Richland, Tensas, West Carroll"
LA,First South Farm Credit,1725 St Mary Hwy,"Thibodaux, LA 70301",Branch,"Ascension, Assumption, Jefferson, Lafourche, Orleans, Plaquemines, Saint Bernard, Saint Charles, Saint James, Saint Mary, St John the Baptist, Terrebonne"
LA,First South Farm Credit,19550 Old Scenic Hwy.,"Zachary, LA 70791",Branch,"Ascension, East Baton Rouge, East Feliciana, Iberville, Livingston, Pointe Coupee, West Baton Rouge, West Feliciana"
LA,First South Farm Credit,60050 Westway Drive,"Amite, LA 70422",Branch,"Livingston, Saint Helena, Saint Tammany, Tangipahoa, Washington"
LA,Louisiana Land Bank ACA,"810 C.M. Fagan Dr, Suite B","Hammond, LA 70403",Branch,"Saint Helena, Saint Tammany, Tangipahoa, Washington"
LA,First South Farm Credit,222 N Cedar St,"Tallulah, LA 71282",Branch,"Concordia, East Carroll, Madison, Morehouse, Richland, Tensas, West Carroll"
LA,Louisiana Land Bank ACA,4255 Front Street,"Winnsboro, LA 71295",Branch,"Catahoula, Concordia, Franklin, Tensas"
LA,First South Farm Credit,60050 Westway Drive,"Amite, LA 70422",Branch,"Livingston, Saint Helena, Saint Tammany, Tangipahoa, Washington"
LA,First South Farm Credit,3206 S LA 13,"Crowley, LA 70526-1202",Branch,"Acadia, Vermilion"
LA,Louisiana Land Bank ACA,"810 C.M. Fagan Dr, Suite B","Hammond, LA 70403",Branch,"Saint Helena, Saint Tammany, Tangipahoa, Washington"
LA,Louisiana Land Bank ACA,2411 Tower DR,"Monroe, LA 71201",Branch,"Caldwell, Jackson, Lincoln, Morehouse, Ouachita, Richland, Union, West Carroll"
LA,Louisiana Land Bank ACA,3517 Hwy 1 South,"Port Allen, LA 70767",Branch,"Ascension, Assumption, East Baton Rouge, East Feliciana, Iberville, Jefferson, Lafourche, Livingston, Orleans, Plaquemines, Pointe Coupee, Saint Bernard, Saint Charles, Saint James, St John the Baptist, Terrebonne, West Baton Rouge, West Feliciana"
LA,Southern AgCredit,600 North Vienna Street,"Ruston, LA 71270",Branch,"Bienville, Claiborne, Jackson, Lincoln, Ouachita, Union, Webster"
LA,Southern AgCredit,2042 E 70th St,"Shreveport, LA 71105",Branch,"Bossier, Caddo, De Soto, Red River, Webster"
LA,Louisiana Land Bank ACA,2137 E Bert Kouns Ind Loop,"Shreveport, LA 71105",Branch,"Bossier, Caddo, De Soto, Red River, Webster"
LA,First South Farm Credit,1725 St Mary Hwy,"Thibodaux, LA 70301",Branch,"Ascension, Assumption, Jefferson, Lafourche, Orleans, Plaquemines, Saint Bernard, Saint Charles, Saint James, Saint Mary, St John the Baptist, Terrebonne"
LA,Louisiana Land Bank ACA,2411 Tower DR,"Monroe, LA 71201",Branch,"Caldwell, Jackson, Lincoln, Morehouse, Ouachita, Richland, Union, West Carroll"
LA,Louisiana Land Bank ACA,3517 Hwy 1 South,"Port Allen, LA 70767",Branch,"Ascension, Assumption, East Baton Rouge, East Feliciana, Iberville, Jefferson, Lafourche, Livingston, Orleans, Plaquemines, Pointe Coupee, Saint Bernard, Saint Charles, Saint James, St John the Baptist, Terrebonne, West Baton Rouge, West Feliciana"
LA,First South Farm Credit,222 N Cedar St,"Tallulah, LA 71282",Branch,"Concordia, East Carroll, Madison, Morehouse, Richland, Tensas, West Carroll"
LA,First South Farm Credit,19550 Old Scenic Hwy.,"Zachary, LA 70791",Branch,"Ascension, East Baton Rouge, East Feliciana, Iberville, Livingston, Pointe Coupee, West Baton Rouge, West Feliciana"
ME,Farm Credit East,615 Minot Ave,"Auburn, ME 04210",Branch,"Androscoggin, Cumberland, Franklin, Hancock, Kennebec, Knox, Lincoln, Oxford, Penobscot, Piscataquis, Sagadahoc, Somerset, Waldo, Washington, York"
ME,Farm Credit East,26 Rice St,"Presque Isle, ME 04769-2265",Branch,"Aroostook, Penobscot, Washington"
ME,Farm Credit East,615 Minot Ave,"Auburn, ME 04210",Branch,"Androscoggin, Cumberland, Franklin, Hancock, Kennebec, Knox, Lincoln, Oxford, Penobscot, Piscataquis, Sagadahoc, Somerset, Waldo, Washington, York"
ME,Farm Credit East,26 Rice St,"Presque Isle, ME 04769-2265",Branch,"Aroostook, Penobscot, Washington"
ME,Farm Credit East,615 Minot Ave,"Auburn, ME 04210",Branch,"Androscoggin, Cumberland, Franklin, Hancock, Kennebec, Knox, Lincoln, Oxford, Penobscot, Piscataquis, Sagadahoc, Somerset, Waldo, Washington, York"
ME,Farm Credit East,26 Rice St,"Presque Isle, ME 04769-2265",Branch,"Aroostook, Penobscot, Washington"
MD,Horizon Farm Credit,1614 Churchville Rd,"Bel Air, MD 21015",Branch,"Baltimore, Cecil, Harford"
MD,Horizon Farm Credit,379 Deep Shore Rd,"Denton, MD 21629",Branch,"Caroline, Dorchester, Queen Annes, Talbot"
MD,Colonial Farm Credit,7431 Leonardtown Rd,"Hughesville, MD 20637",Branch,"Anne Arundel, Calvert, Charles, Prince Georges, Saint Marys"
MD,Farm Credit of the Virginias,13195 Garrett Hwy,"Oakland, MD 21550",Branch,"Allegany, Garrett, Monongalia, Preston"
MD,Farm Credit of the Virginias,13195 Garrett Hwy,"Oakland, MD 21550-4003",Branch,"Allegany, Garrett, Monongalia, Preston"
MD,Horizon Farm Credit,45 Aileron Court,"Westminster, MD 21157",Branch,"Baltimore, Carroll, Howard"
MD,Horizon Farm Credit,1614 Churchville Rd,"Bel Air, MD 21015",Branch,"Baltimore, Cecil, Harford"
MD,Horizon Farm Credit,379 Deep Shore Rd,"Denton, MD 21629",Branch,"Caroline, Dorchester, Queen Annes, Talbot"
MD,Horizon Farm Credit,5303 Spectrum Drive,"Frederick, MD 21703",Branch,"District of Columbia, Frederick, Montgomery"
MD,Colonial Farm Credit,7431 Leonardtown Rd,"Hughesville, MD 20637",Branch,"Anne Arundel, Calvert, Charles, Prince Georges, Saint Marys"
MD,Farm Credit of the Virginias,13195 Garrett Hwy,"Oakland, MD 21550",Branch,"Allegany, Garrett, Monongalia, Preston"
MD,Farm Credit of the Virginias,13195 Garrett Hwy,"Oakland, MD 21550-4003",Branch,"Allegany, Garrett, Monongalia, Preston"
MD,Horizon Farm Credit,102 Morgnec Rd,"Chestertown, MD 21620-0900",Branch,"Kent, Queen Annes"
MD,Horizon Farm Credit,5303 Spectrum Drive,"Frederick, MD 21703",Branch,"District of Columbia, Frederick, Montgomery"
MD,Horizon Farm Credit,45 Aileron Court,"Westminster, MD 21157",Branch,"Baltimore, Carroll, Howard"
MD,Horizon Farm Credit,1614 Churchville Rd,"Bel Air, MD 21015",Branch,"Baltimore, Cecil, Harford"
MD,Horizon Farm Credit,379 Deep Shore Rd,"Denton, MD 21629",Branch,"Caroline, Dorchester, Queen Annes, Talbot"
MD,Horizon Farm Credit,1035 Ocean Hwy,"Pocomoke, MD 21851-0270",Branch,"Accomack, Northampton, Somerset, Worcester"
MD,Horizon Farm Credit,6546 Mid Atlantic Lane,"Salisbury, MD 21804",Branch,"Somerset, Wicomico, Worcester"
MD,Horizon Farm Credit,45 Aileron Court,"Westminster, MD 21157",Branch,"Baltimore, Carroll, Howard"
MD,Horizon Farm Credit,125 Prosperity Dr,"Winchester, VA 22604",Branch,"Berkeley, Clarke, Frederick, Jefferson, Morgan, Page, Shenandoah, Warren, Washington"
MA,Farm Credit East,785 Hartford Pike,"Dayville, CT 06241-1739",Branch,"Bristol, Bristol, Kent, New London, Newport, Providence, Tolland, Washington, Windham, Worcester"
MA,Farm Credit East,240 South Road,"Enfield, CT 06082-4451",Branch,"Franklin, Hampden, Hampshire, Hartford, Middlesex, Middlesex, New Haven, Tolland"
MA,Farm Credit East,67 Bedford Street,"Middleboro, MA 02346",Branch,"Barnstable, Bristol, Dukes, Nantucket, Norfolk, Plymouth"
MA,Farm Credit East,2 Constitution Drive,"Bedford, NH 03110-6010",Branch,"Belknap, Carroll, Essex, Hillsborough, Merrimack, Middlesex, Rockingham, Strafford, Suffolk, Worcester"
MA,Farm Credit East,190 NY Route 9H,"Hudson, NY 12534-3819",Branch,"Albany, Berkshire, Columbia, Dutchess, Greene, Litchfield, Putnam, Rensselaer"
MA,Farm Credit East,240 South Road,"Enfield, CT 06082-4451",Branch,"Franklin, Hampden, Hampshire, Hartford, Middlesex, Middlesex, New Haven, Tolland"
MA,Farm Credit East,67 Bedford Street,"Middleboro, MA 02346",Branch,"Barnstable, Bristol, Dukes, Nantucket, Norfolk, Plymouth"
MA,Farm Credit East,2 Constitution Drive,"Bedford, NH 03110-6010",Branch,"Belknap, Carroll, Essex, Hillsborough, Merrimack, Middlesex, Rockingham, Strafford, Suffolk, Worcester"
MA,Farm Credit East,785 Hartford Pike,"Dayville, CT 06241-1739",Branch,"Bristol, Bristol, Kent, New London, Newport, Providence, Tolland, Washington, Windham, Worcester"
MA,Farm Credit East,2 Constitution Drive,"Bedford, NH 03110-6010",Branch,"Belknap, Carroll, Essex, Hillsborough, Merrimack, Middlesex, Rockingham, Strafford, Suffolk, Worcester"
MI,GreenStone Farm Credit Services,1517 Lincoln Rd.,"Allegan, MI 49010",Branch,
MI,GreenStone Farm Credit Services,2200 M-32 W.,"Alpena, MI 49707",Branch,"Alcona, Alpena, Cheboygan, Montmorency, Oscoda, Presque Isle"
MI,GreenStone Farm Credit Services,3949 S. Three Mile Rd.,"Bay City, MI 48706",Branch,"Arenac, Bay, Gladwin, Iosco, Midland, Ogemaw"
MI,GreenStone Farm Credit Services,"1801 N. Lincoln Rd., Ste. A","Escanaba, MI 49829",Branch,"Alger, Baraga, Chippewa, Chippewa, Delta, Dickinson, Florence, Gogebic, Houghton, Iron, Iron, Keweenaw, Luce, Mackinac, Menominee, Menominee, Ontonagon, Schoolcraft"
MI,GreenStone Farm Credit Services,3491 Hartman Rd.,"Traverse City, MI 49685",Branch,"Antrim, Benzie, Charlevoix, Crawford, Emmet, Grand Traverse, Kalkaska, Leelanau, Manistee, Otsego"
MI,GreenStone Farm Credit Services,3949 S. Three Mile Rd.,"Bay City, MI 48706",Branch,"Arenac, Bay, Gladwin, Iosco, Midland, Ogemaw"
MI,GreenStone Farm Credit Services,8302 Edgewood Rd.,"Berrien Springs, MI 49103",Branch,"Berrien, Cass"
MI,GreenStone Farm Credit Services,"1801 N. Lincoln Rd., Ste. A","Escanaba, MI 49829",Branch,"Alger, Baraga, Chippewa, Chippewa, Delta, Dickinson, Florence, Gogebic, Houghton, Iron, Iron, Keweenaw, Luce, Mackinac, Menominee, Menominee, Ontonagon, Schoolcraft"
MI,GreenStone Farm Credit Services,500 Olds Street,"Jonesville, MI 49250",Branch,"Branch, Hillsdale"
MI,GreenStone Farm Credit Services,3491 Hartman Rd.,"Traverse City, MI 49685",Branch,"Antrim, Benzie, Charlevoix, Crawford, Emmet, Grand Traverse, Kalkaska, Leelanau, Manistee, Otsego"
MI,GreenStone Farm Credit Services,2200 M-32 W.,"Alpena, MI 49707",Branch,"Alcona, Alpena, Cheboygan, Montmorency, Oscoda, Presque Isle"
MI,GreenStone Farm Credit Services,8302 Edgewood Rd.,"Berrien Springs, MI 49103",Branch,"Berrien, Cass"
MI,GreenStone Farm Credit Services,100 Spring St.,"Concord, MI 49237",Branch,"Calhoun, Jackson"
MI,GreenStone Farm Credit Services,"1801 N. Lincoln Rd., Ste. A","Escanaba, MI 49829",Branch,"Alger, Baraga, Chippewa, Chippewa, Delta, Dickinson, Florence, Gogebic, Houghton, Iron, Iron, Keweenaw, Luce, Mackinac, Menominee, Menominee, Ontonagon, Schoolcraft"
MI,GreenStone Farm Credit Services,1075 N. Mission St.,"Mt Pleasant, MI 48858",Branch,"Clare, Isabella, Midland"
MI,GreenStone Farm Credit Services,3491 Hartman Rd.,"Traverse City, MI 49685",Branch,"Antrim, Benzie, Charlevoix, Crawford, Emmet, Grand Traverse, Kalkaska, Leelanau, Manistee, Otsego"
MI,GreenStone Farm Credit Services,722 W. Lawrence Ave.,"Charlotte, MI 48813",Branch,
MI,GreenStone Farm Credit Services,"1801 N. Lincoln Rd., Ste. A","Escanaba, MI 49829",Branch,"Alger, Baraga, Chippewa, Chippewa, Delta, Dickinson, Florence, Gogebic, Houghton, Iron, Iron, Keweenaw, Luce, Mackinac, Menominee, Menominee, Ontonagon, Schoolcraft"
MI,GreenStone Farm Credit Services,1104 S. US Highway 27,"St Johns, MI 48879",Branch,
MI,GreenStone Farm Credit Services,3491 Hartman Rd.,"Traverse City, MI 49685",Branch,"Antrim, Benzie, Charlevoix, Crawford, Emmet, Grand Traverse, Kalkaska, Leelanau, Manistee, Otsego"
MI,GreenStone Farm Credit Services,2942 W. Monroe Rd.,"Alma, MI 48801",Branch,
MI,GreenStone Farm Credit Services,3949 S. Three Mile Rd.,"Bay City, MI 48706",Branch,"Arenac, Bay, Gladwin, Iosco, Midland, Ogemaw"
MI,GreenStone Farm Credit Services,"1801 N. Lincoln Rd., Ste. A","Escanaba, MI 49829",Branch,"Alger, Baraga, Chippewa, Chippewa, Delta, Dickinson, Florence, Gogebic, Houghton, Iron, Iron, Keweenaw, Luce, Mackinac, Menominee, Menominee, Ontonagon, Schoolcraft"
MI,GreenStone Farm Credit Services,500 Olds Street,"Jonesville, MI 49250",Branch,"Branch, Hillsdale"
MI,GreenStone Farm Credit Services,455 Lake Nepessing Rd.,"Lapeer, MI 48446",Branch,"Genesee, Lapeer, Macomb, Oakland, Saint Clair"
MI,GreenStone Farm Credit Services,3491 Hartman Rd.,"Traverse City, MI 49685",Branch,"Antrim, Benzie, Charlevoix, Crawford, Emmet, Grand Traverse, Kalkaska, Leelanau, Manistee, Otsego"
MI,GreenStone Farm Credit Services,749 S. Van Dyke Rd.,"Bad Axe, MI 48413",Branch,
MI,GreenStone Farm Credit Services,3949 S. Three Mile Rd.,"Bay City, MI 48706",Branch,"Arenac, Bay, Gladwin, Iosco, Midland, Ogemaw"
MI,GreenStone Farm Credit Services,3515 West RD Ste 100,"East Lansing, MI 48823",Branch,
MI,GreenStone Farm Credit Services,"1801 N. Lincoln Rd., Ste. A","Escanaba, MI 49829",Branch,"Alger, Baraga, Chippewa, Chippewa, Delta, Dickinson, Florence, Gogebic, Houghton, Iron, Iron, Keweenaw, Luce, Mackinac, Menominee, Menominee, Ontonagon, Schoolcraft"
MI,GreenStone Farm Credit Services,1962 S. State Rd.,"Ionia, MI 48846",Branch,
MI,GreenStone Farm Credit Services,100 Spring St.,"Concord, MI 49237",Branch,"Calhoun, Jackson"
MI,GreenStone Farm Credit Services,"1801 N. Lincoln Rd., Ste. A","Escanaba, MI 49829",Branch,"Alger, Baraga, Chippewa, Chippewa, Delta, Dickinson, Florence, Gogebic, Houghton, Iron, Iron, Keweenaw, Luce, Mackinac, Menominee, Menominee, Ontonagon, Schoolcraft"
MI,GreenStone Farm Credit Services,3225 Walker Ave. N.W.,"Grand Rapids, MI 49544",Branch,"Kent, Muskegon, Newaygo, Ottawa"
MI,GreenStone Farm Credit Services,1075 N. Mission St.,"Mt Pleasant, MI 48858",Branch,"Clare, Isabella, Midland"
MI,GreenStone Farm Credit Services,225 W. Lyons St.,"Schoolcraft, MI 49087",Branch,"Kalamazoo, Saint Joseph, Van Buren"
MI,GreenStone Farm Credit Services,3491 Hartman Rd.,"Traverse City, MI 49685",Branch,"Antrim, Benzie, Charlevoix, Crawford, Emmet, Grand Traverse, Kalkaska, Leelanau, Manistee, Otsego"
MI,GreenStone Farm Credit Services,5285 W. US Highway 223,"Adrian, MI 49221",Branch,
MI,GreenStone Farm Credit Services,7597 S. Mackinaw Trl.,"Cadillac, MI 49601",Branch,"Lake, Missaukee, Osceola, Roscommon, Wexford"
MI,GreenStone Farm Credit Services,"1801 N. Lincoln Rd., Ste. A","Escanaba, MI 49829",Branch,"Alger, Baraga, Chippewa, Chippewa, Delta, Dickinson, Florence, Gogebic, Houghton, Iron, Iron, Keweenaw, Luce, Mackinac, Menominee, Menominee, Ontonagon, Schoolcraft"
MI,GreenStone Farm Credit Services,1040 W. Highland Rd.,"Howell, MI 48843",Branch,
MI,GreenStone Farm Credit Services,455 Lake Nepessing Rd.,"Lapeer, MI 48446",Branch,"Genesee, Lapeer, Macomb, Oakland, Saint Clair"
MI,GreenStone Farm Credit Services,3491 Hartman Rd.,"Traverse City, MI 49685",Branch,"Antrim, Benzie, Charlevoix, Crawford, Emmet, Grand Traverse, Kalkaska, Leelanau, Manistee, Otsego"
MI,GreenStone Farm Credit Services,"1801 N. Lincoln Rd., Ste. A","Escanaba, MI 49829",Branch,"Alger, Baraga, Chippewa, Chippewa, Delta, Dickinson, Florence, Gogebic, Houghton, Iron, Iron, Keweenaw, Luce, Mackinac, Menominee, Menominee, Ontonagon, Schoolcraft"
MI,GreenStone Farm Credit Services,3486 W. Polk Rd.,"Hart, MI 49420",Branch,"Mason, Oceana"
MI,GreenStone Farm Credit Services,8897 W. Tamarack Rd.,"Lakeview, MI 48850",Branch,"Mecosta, Montcalm"
MI,GreenStone Farm Credit Services,455 Lake Nepessing Rd.,"Lapeer, MI 48446",Branch,"Genesee, Lapeer, Macomb, Oakland, Saint Clair"
MI,GreenStone Farm Credit Services,3491 Hartman Rd.,"Traverse City, MI 49685",Branch,"Antrim, Benzie, Charlevoix, Crawford, Emmet, Grand Traverse, Kalkaska, Leelanau, Manistee, Otsego"
MI,GreenStone Farm Credit Services,2200 M-32 W.,"Alpena, MI 49707",Branch,"Alcona, Alpena, Cheboygan, Montmorency, Oscoda, Presque Isle"
MI,GreenStone Farm Credit Services,3949 S. Three Mile Rd.,"Bay City, MI 48706",Branch,"Arenac, Bay, Gladwin, Iosco, Midland, Ogemaw"
MI,GreenStone Farm Credit Services,7597 S. Mackinaw Trl.,"Cadillac, MI 49601",Branch,"Lake, Missaukee, Osceola, Roscommon, Wexford"
MI,GreenStone Farm Credit Services,"1801 N. Lincoln Rd., Ste. A","Escanaba, MI 49829",Branch,"Alger, Baraga, Chippewa, Chippewa, Delta, Dickinson, Florence, Gogebic, Houghton, Iron, Iron, Keweenaw, Luce, Mackinac, Menominee, Menominee, Ontonagon, Schoolcraft"
MI,GreenStone Farm Credit Services,8897 W. Tamarack Rd.,"Lakeview, MI 48850",Branch,"Mecosta, Montcalm"
MI,GreenStone Farm Credit Services,15615 S. Telegraph Rd.,"Monroe, MI 48161",Branch,
MI,GreenStone Farm Credit Services,1075 N. Mission St.,"Mt Pleasant, MI 48858",Branch,"Clare, Isabella, Midland"
MI,GreenStone Farm Credit Services,11020 Gratiot Rd.,"Saginaw, MI 48609",Branch,"Midland, Saginaw"
MI,GreenStone Farm Credit Services,3949 S. Three Mile Rd.,"Bay City, MI 48706",Branch,"Arenac, Bay, Gladwin, Iosco, Midland, Ogemaw"
MI,GreenStone Farm Credit Services,"1801 N. Lincoln Rd., Ste. A","Escanaba, MI 49829",Branch,"Alger, Baraga, Chippewa, Chippewa, Delta, Dickinson, Florence, Gogebic, Houghton, Iron, Iron, Keweenaw, Luce, Mackinac, Menominee, Menominee, Ontonagon, Schoolcraft"
MI,GreenStone Farm Credit Services,3225 Walker Ave. N.W.,"Grand Rapids, MI 49544",Branch,"Kent, Muskegon, Newaygo, Ottawa"
MI,GreenStone Farm Credit Services,3486 W. Polk Rd.,"Hart, MI 49420",Branch,"Mason, Oceana"
MI,GreenStone Farm Credit Services,455 Lake Nepessing Rd.,"Lapeer, MI 48446",Branch,"Genesee, Lapeer, Macomb, Oakland, Saint Clair"
MI,GreenStone Farm Credit Services,2200 M-32 W.,"Alpena, MI 49707",Branch,"Alcona, Alpena, Cheboygan, Montmorency, Oscoda, Presque Isle"
MI,GreenStone Farm Credit Services,7597 S. Mackinaw Trl.,"Cadillac, MI 49601",Branch,"Lake, Missaukee, Osceola, Roscommon, Wexford"
MI,GreenStone Farm Credit Services,3225 Walker Ave. N.W.,"Grand Rapids, MI 49544",Branch,"Kent, Muskegon, Newaygo, Ottawa"
MI,GreenStone Farm Credit Services,3491 Hartman Rd.,"Traverse City, MI 49685",Branch,"Antrim, Benzie, Charlevoix, Crawford, Emmet, Grand Traverse, Kalkaska, Leelanau, Manistee, Otsego"
MI,GreenStone Farm Credit Services,704 W. Corunna Ave.,"Corunna, MI 48817",Branch,
MI,GreenStone Farm Credit Services,"1801 N. Lincoln Rd., Ste. A","Escanaba, MI 49829",Branch,"Alger, Baraga, Chippewa, Chippewa, Delta, Dickinson, Florence, Gogebic, Houghton, Iron, Iron, Keweenaw, Luce, Mackinac, Menominee, Menominee, Ontonagon, Schoolcraft"
MI,GreenStone Farm Credit Services,11020 Gratiot Rd.,"Saginaw, MI 48609",Branch,"Midland, Saginaw"
MI,GreenStone Farm Credit Services,700 W Sanilac RD,"Sandusky, MI 48471-9547",Branch,
MI,GreenStone Farm Credit Services,7530 Jackson Rd.,"Ann Arbor, MI 48103",Branch,"Washtenaw, Wayne"
MI,GreenStone Farm Credit Services,7597 S. Mackinaw Trl.,"Cadillac, MI 49601",Branch,"Lake, Missaukee, Osceola, Roscommon, Wexford"
MI,GreenStone Farm Credit Services,1570 Cleaver Rd.,"Caro, MI 48723",Branch,
MI,GreenStone Farm Credit Services,225 W. Lyons St.,"Schoolcraft, MI 49087",Branch,"Kalamazoo, Saint Joseph, Van Buren"
MN,AgCountry Farm Credit Services,873 Hwy 10 East,"Detroit Lakes, MN 56501",Branch,"Becker, Hubbard, Mahnomen"
MN,AgCountry Farm Credit Services,907 Prairie Pines Dr.,"Fosston, MN 56542",Branch,"Beltrami, Clearwater, Koochiching"
MN,Compeer Financial,1710 E 10th St,"Glencoe, MN 55336",Branch,"Anoka, Brown, Carver, Dakota, Hennepin, Lake, McLeod, Sibley"
MN,AgCountry Farm Credit Services,316 East 1st Street,"Graceville, MN 56240",Branch,"Big Stone, Traverse"
MN,Compeer Financial,806 3rd St South,"Waite Park, MN 56387",Branch,"Aitkin, Benton, Cass, Crow Wing, Isanti, Itasca, Kanabec, Lake, Mille Lacs, Morrison, Sherburne, Stearns, Todd, Wright"
MN,Compeer Financial,540 Baldwin Plaza Drive,"Baldwin, WI 54002",Branch,"Anoka, Dunn, Eau Claire, Pepin, Pierce, Ramsey, Saint Croix, Washington, Washington"
MN,Compeer Financial,1700 Giant Dr,"Blue Earth, MN 56013",Branch,"Blue Earth, Faribault, Freeborn, Martin, Watonwan"
MN,Compeer Financial,1710 E 10th St,"Glencoe, MN 55336",Branch,"Anoka, Brown, Carver, Dakota, Hennepin, Lake, McLeod, Sibley"
MN,Compeer Financial,806 3rd St South,"Waite Park, MN 56387",Branch,"Aitkin, Benton, Cass, Crow Wing, Isanti, Itasca, Kanabec, Lake, Mille Lacs, Morrison, Sherburne, Stearns, Todd, Wright"
MN,AgCountry Farm Credit Services,4401 Highway 71 South,"Willmar, MN 56201",Branch,"Chippewa, Kandiyohi, Meeker"
MN,AgCountry Farm Credit Services,1900 44th St South,"Fargo, ND 58103",Branch,"Cass, Cass, Clay"
MN,Compeer Financial,2912 Pioneer Ave,"Rice Lake, WI 54868",Branch,"Ashland, Barron, Bayfield, Burnett, Carlton, Chippewa, Chippewa, Chisago, Cook, Douglas, Douglas, Iron, Lake, Pine, Polk, Polk, Rusk, Saint Louis, Sawyer, Washburn"
MN,AgCountry Farm Credit Services,907 Prairie Pines Dr.,"Fosston, MN 56542",Branch,"Beltrami, Clearwater, Koochiching"
MN,Compeer Financial,806 3rd St South,"Waite Park, MN 56387",Branch,"Aitkin, Benton, Cass, Crow Wing, Isanti, Itasca, Kanabec, Lake, Mille Lacs, Morrison, Sherburne, Stearns, Todd, Wright"
MN,Compeer Financial,1791 Diagonal Road,"Worthington, MN 56187",Branch,"Cottonwood, Jackson, Murray, Nobles, Pipestone, Rock"
MN,AgCountry Farm Credit Services,1900 44th St South,"Fargo, ND 58103",Branch,"Cass, Cass, Clay"
MN,Compeer Financial,2912 Pioneer Ave,"Rice Lake, WI 54868",Branch,"Ashland, Barron, Bayfield, Burnett, Carlton, Chippewa, Chippewa, Chisago, Cook, Douglas, Douglas, Iron, Lake, Pine, Polk, Polk, Rusk, Saint Louis, Sawyer, Washburn"
MN,AgCountry Farm Credit Services,1022 Broadway Street,"Alexandria, MN 56308",Branch,"Douglas, Pope"
MN,Compeer Financial,1700 Giant Dr,"Blue Earth, MN 56013",Branch,"Blue Earth, Faribault, Freeborn, Martin, Watonwan"
MN,Compeer Financial,1710 E 10th St,"Glencoe, MN 55336",Branch,"Anoka, Brown, Carver, Dakota, Hennepin, Lake, McLeod, Sibley"
MN,Compeer Financial,21088 Keswick Loop,"Lakeville, MN 55044-6717",Branch,
MN,Compeer Financial,7540 Airport View Drive SW,"Rochester, MN 55902",Branch,"Dodge, Fillmore, Houston, Mower, Olmsted, Wabasha, Winona"
MN,Compeer Financial,2912 Pioneer Ave,"Rice Lake, WI 54868",Branch,"Ashland, Barron, Bayfield, Burnett, Carlton, Chippewa, Chippewa, Chisago, Cook, Douglas, Douglas, Iron, Lake, Pine, Polk, Polk, Rusk, Saint Louis, Sawyer, Washburn"
MN,AgCountry Farm Credit Services,873 Hwy 10 East,"Detroit Lakes, MN 56501",Branch,"Becker, Hubbard, Mahnomen"
MN,AgCountry Farm Credit Services,17 First Street NE,"Elbow Lake, MN 56531",Branch,
MN,Compeer Financial,1710 E 10th St,"Glencoe, MN 55336",Branch,"Anoka, Brown, Carver, Dakota, Hennepin, Lake, McLeod, Sibley"
MN,Compeer Financial,7540 Airport View Drive SW,"Rochester, MN 55902",Branch,"Dodge, Fillmore, Houston, Mower, Olmsted, Wabasha, Winona"
MN,Compeer Financial,806 3rd St South,"Waite Park, MN 56387",Branch,"Aitkin, Benton, Cass, Crow Wing, Isanti, Itasca, Kanabec, Lake, Mille Lacs, Morrison, Sherburne, Stearns, Todd, Wright"
MN,AgCountry Farm Credit Services,907 Prairie Pines Dr.,"Fosston, MN 56542",Branch,"Beltrami, Clearwater, Koochiching"
MN,AgCountry Farm Credit Services,224 N Atlantic Ave,"Hallock, MN 56728",Branch,
MN,Compeer Financial,806 3rd St South,"Waite Park, MN 56387",Branch,"Aitkin, Benton, Cass, Crow Wing, Isanti, Itasca, Kanabec, Lake, Mille Lacs, Morrison, Sherburne, Stearns, Todd, Wright"
MN,AgCountry Farm Credit Services,4401 Highway 71 South,"Willmar, MN 56201",Branch,"Chippewa, Kandiyohi, Meeker"
MN,Compeer Financial,1791 Diagonal Road,"Worthington, MN 56187",Branch,"Cottonwood, Jackson, Murray, Nobles, Pipestone, Rock"
MN,Compeer Financial,1710 E 10th St,"Glencoe, MN 55336",Branch,"Anoka, Brown, Carver, Dakota, Hennepin, Lake, McLeod, Sibley"
MN,AgCountry Farm Credit Services,112 5th Ave,"Madison, MN 56256-1465",Branch,"Lac Qui Parle, Swift"
MN,AgCountry Farm Credit Services,302 S O'Connell St,"Marshall, MN 56258",Branch,"Lincoln, Lyon"
MN,AgCountry Farm Credit Services,208 Third Ave NW,"Roseau, MN 56751",Branch,"Lake of the Woods, Roseau"
MN,Compeer Financial,806 3rd St South,"Waite Park, MN 56387",Branch,"Aitkin, Benton, Cass, Crow Wing, Isanti, Itasca, Kanabec, Lake, Mille Lacs, Morrison, Sherburne, Stearns, Todd, Wright"
MN,Compeer Financial,2912 Pioneer Ave,"Rice Lake, WI 54868",Branch,"Ashland, Barron, Bayfield, Burnett, Carlton, Chippewa, Chippewa, Chisago, Cook, Douglas, Douglas, Iron, Lake, Pine, Polk, Polk, Rusk, Saint Louis, Sawyer, Washburn"
MN,Compeer Financial,1700 Giant Dr,"Blue Earth, MN 56013",Branch,"Blue Earth, Faribault, Freeborn, Martin, Watonwan"
MN,AgCountry Farm Credit Services,873 Hwy 10 East,"Detroit Lakes, MN 56501",Branch,"Becker, Hubbard, Mahnomen"
MN,Compeer Financial,1710 E 10th St,"Glencoe, MN 55336",Branch,"Anoka, Brown, Carver, Dakota, Hennepin, Lake, McLeod, Sibley"
MN,Compeer Financial,806 3rd St South,"Waite Park, MN 56387",Branch,"Aitkin, Benton, Cass, Crow Wing, Isanti, Itasca, Kanabec, Lake, Mille Lacs, Morrison, Sherburne, Stearns, Todd, Wright"
MN,AgCountry Farm Credit Services,406 N McKinley St,"Warren, MN 56762",Branch,
MN,AgCountry Farm Credit Services,4401 Highway 71 South,"Willmar, MN 56201",Branch,"Chippewa, Kandiyohi, Meeker"
MN,Compeer Financial,1921 Premier Dr,"Mankato, MN 56001",Branch,"Nicollet, Steele, Waseca"
MN,Compeer Financial,7540 Airport View Drive SW,"Rochester, MN 55902",Branch,"Dodge, Fillmore, Houston, Mower, Olmsted, Wabasha, Winona"
MN,Compeer Financial,806 3rd St South,"Waite Park, MN 56387",Branch,"Aitkin, Benton, Cass, Crow Wing, Isanti, Itasca, Kanabec, Lake, Mille Lacs, Morrison, Sherburne, Stearns, Todd, Wright"
MN,Compeer Financial,1791 Diagonal Road,"Worthington, MN 56187",Branch,"Cottonwood, Jackson, Murray, Nobles, Pipestone, Rock"
MN,AgCountry Farm Credit Services,530 Fisher Avenue,"Crookston, MN 56716",Branch,"Polk, Red Lake"
MN,AgCountry Farm Credit Services,311 North Tower Road,"Fergus Falls, MN 56537",Branch,"Otter Tail, Todd, Wadena"
MN,Compeer Financial,7540 Airport View Drive SW,"Rochester, MN 55902",Branch,"Dodge, Fillmore, Houston, Mower, Olmsted, Wabasha, Winona"
MN,AgCountry Farm Credit Services,2044 State Hwy 1 NE,"Thief River Falls, MN 56701-2566",Branch,
MN,Compeer Financial,1791 Diagonal Road,"Worthington, MN 56187",Branch,"Cottonwood, Jackson, Murray, Nobles, Pipestone, Rock"
MN,Compeer Financial,2912 Pioneer Ave,"Rice Lake, WI 54868",Branch,"Ashland, Barron, Bayfield, Burnett, Carlton, Chippewa, Chippewa, Chisago, Cook, Douglas, Douglas, Iron, Lake, Pine, Polk, Polk, Rusk, Saint Louis, Sawyer, Washburn"
MN,AgCountry Farm Credit Services,1022 Broadway Street,"Alexandria, MN 56308",Branch,"Douglas, Pope"
MN,AgCountry Farm Credit Services,530 Fisher Avenue,"Crookston, MN 56716",Branch,"Polk, Red Lake"
MN,AgCountry Farm Credit Services,103 Atlantic Avenue So,"Morris, MN 56267",Branch,"Pope, Stevens"
MN,AgCountry Farm Credit Services,1701 West Lincoln Ave,"Olivia, MN 56277",Branch,
MN,AgCountry Farm Credit Services,161 County Highway 101,"Redwood Falls, MN 56283",Branch,
MN,Compeer Financial,540 Baldwin Plaza Drive,"Baldwin, WI 54002",Branch,"Anoka, Dunn, Eau Claire, Pepin, Pierce, Ramsey, Saint Croix, Washington, Washington"
MN,Compeer Financial,1710 E 10th St,"Glencoe, MN 55336",Branch,"Anoka, Brown, Carver, Dakota, Hennepin, Lake, McLeod, Sibley"
MN,AgCountry Farm Credit Services,208 Third Ave NW,"Roseau, MN 56751",Branch,"Lake of the Woods, Roseau"
MN,Compeer Financial,806 3rd St South,"Waite Park, MN 56387",Branch,"Aitkin, Benton, Cass, Crow Wing, Isanti, Itasca, Kanabec, Lake, Mille Lacs, Morrison, Sherburne, Stearns, Todd, Wright"
MN,Compeer Financial,1791 Diagonal Road,"Worthington, MN 56187",Branch,"Cottonwood, Jackson, Murray, Nobles, Pipestone, Rock"
MN,AgCountry Farm Credit Services,311 North Tower Road,"Fergus Falls, MN 56537",Branch,"Otter Tail, Todd, Wadena"
MN,AgCountry Farm Credit Services,316 East 1st Street,"Graceville, MN 56240",Branch,"Big Stone, Traverse"
MN,AgCountry Farm Credit Services,112 5th Ave,"Madison, MN 56256-1465",Branch,"Lac Qui Parle, Swift"
MN,Compeer Financial,1921 Premier Dr,"Mankato, MN 56001",Branch,"Nicollet, Steele, Waseca"
MN,AgCountry Farm Credit Services,103 Atlantic Avenue So,"Morris, MN 56267",Branch,"Pope, Stevens"
MN,Compeer Financial,806 3rd St South,"Waite Park, MN 56387",Branch,"Aitkin, Benton, Cass, Crow Wing, Isanti, Itasca, Kanabec, Lake, Mille Lacs, Morrison, Sherburne, Stearns, Todd, Wright"
MN,Compeer Financial,1700 Giant Dr,"Blue Earth, MN 56013",Branch,"Blue Earth, Faribault, Freeborn, Martin, Watonwan"
MN,AgCountry Farm Credit Services,311 North Tower Road,"Fergus Falls, MN 56537",Branch,"Otter Tail, Todd, Wadena"
MN,Compeer Financial,1921 Premier Dr,"Mankato, MN 56001",Branch,"Nicollet, Steele, Waseca"
MN,Compeer Financial,7540 Airport View Drive SW,"Rochester, MN 55902",Branch,"Dodge, Fillmore, Houston, Mower, Olmsted, Wabasha, Winona"
MN,AgCountry Farm Credit Services,1982 Two Ten Drive,"Wahpeton, ND 58075",Branch,"Richland, Wilkin"
MN,Compeer Financial,540 Baldwin Plaza Drive,"Baldwin, WI 54002",Branch,"Anoka, Dunn, Eau Claire, Pepin, Pierce, Ramsey, Saint Croix, Washington, Washington"
MN,Compeer Financial,7540 Airport View Drive SW,"Rochester, MN 55902",Branch,"Dodge, Fillmore, Houston, Mower, Olmsted, Wabasha, Winona"
MN,Compeer Financial,806 3rd St South,"Waite Park, MN 56387",Branch,"Aitkin, Benton, Cass, Crow Wing, Isanti, Itasca, Kanabec, Lake, Mille Lacs, Morrison, Sherburne, Stearns, Todd, Wright"
MS,Southern AgCredit,130 S Whitworth Ave,"Brookhaven, MS 39601",Branch,"Adams, Amite, Copiah, Franklin, Jefferson, Lawrence, Lincoln, Pike, Walthall, Wilkinson"
MS,Mississippi Land Bank,3598-A Hwy 61 North,"Cleveland, MS 38732",Branch,"Bolivar, Sunflower"
MS,Mississippi Land Bank,2101 Hwy 72 East,"Corinth, MS 38834",Branch,"Alcorn, Prentiss, Tippah, Tishomingo"
MS,First South Farm Credit,1021 Hwy 82 East,"Leland, MS 38756",Branch,"Bolivar, Issaquena, Sharkey, Washington"
MS,First South Farm Credit,501 Apache Dr,"McComb, MS 39648",Branch,"Adams, Amite, Copiah, Franklin, Jefferson, Lawrence, Lincoln, Pike, Walthall, Wilkinson"
MS,First South Farm Credit,914 Van Buren Ave,"Oxford, MS 38655",Branch,"Benton, DeSoto, Lafayette, Marshall, Panola, Tate, Yalobusha"
MS,First South Farm Credit,260 Trace Colony Park Drive,"Ridgeland, MS 39157",Branch,"Attala, Claiborne, Hinds, Madison, Rankin, Simpson, Warren, Yazoo"
MS,Mississippi Land Bank,P O Box 971,"Senatobia, MS 38668",Branch,"Benton, DeSoto, Lafayette, Marshall, Panola, Tate, Yalobusha"
MS,First South Farm Credit,1626 N. Veterans Memorial Blvd. Suite C,"Tupelo, MS 38804",Branch,"Alcorn, Itawamba, Lee, Pontotoc, Prentiss, Tippah, Tishomingo, Union"
MS,First South Farm Credit,306 E Jefferson St,"Aberdeen, MS 39730",Branch,"Chickasaw, Clay, Lowndes, Monroe, Noxubee, Oktibbeha, Winston"
MS,First South Farm Credit,1009 North Main Street,"Calhoun City, MS 38916",Branch,"Calhoun, Choctaw, Montgomery, Webster"
MS,Southern AgCredit,2217 Highway 82 West,"Greenwood, MS 38930",Branch,"Carroll, Grenada, Holmes, Humphreys, Leflore, Montgomery"
MS,First South Farm Credit,1703 Hwy. 82 West,"Greenwood, MS 38930",Branch,"Carroll, Holmes, Leflore"
MS,Southern AgCredit,306 Commerce Center Drive,"Ridgeland, MS 39157",Branch,"Claiborne, Hinds, Madison, Rankin, Simpson, Warren, Yazoo"
MS,First South Farm Credit,260 Trace Colony Park Drive,"Ridgeland, MS 39157",Branch,"Attala, Claiborne, Hinds, Madison, Rankin, Simpson, Warren, Yazoo"
MS,First South Farm Credit,"1089D Stark Road, Suite 3","Starkville, MS 39759",Branch,"Choctaw, Lowndes, Noxubee, Oktibbeha, Winston"
MS,Mississippi Land Bank,3517 Tom Watson Dr,"Saltillo, MS 38866",Branch,"Calhoun, Chickasaw, Itawamba, Lee, Monroe, Pontotoc, Union"
MS,First South Farm Credit,306 E Jefferson St,"Aberdeen, MS 39730",Branch,"Chickasaw, Clay, Lowndes, Monroe, Noxubee, Oktibbeha, Winston"
MS,Southern AgCredit,130 S Whitworth Ave,"Brookhaven, MS 39601",Branch,"Adams, Amite, Copiah, Franklin, Jefferson, Lawrence, Lincoln, Pike, Walthall, Wilkinson"
MS,First South Farm Credit,505 E Second Street,"Clarksdale, MS 38614",Branch,"Coahoma, Quitman, Tunica"
MS,Mississippi Land Bank,2653 N State St,"Clarksdale, MS 38614",Branch,"Coahoma, Quitman, Tallahatchie, Tunica"
MS,First South Farm Credit,4 Thompson Park,"Hattiesburg, MS 39401-8263",Branch,"Forrest, George, Hancock, Harrison, Jackson, Jefferson Davis, Lamar, Marion, Pearl River, Perry, Stone"
MS,First South Farm Credit,23 Dunnbarr,"Laurel, MS 39440",Branch,"Covington, Greene, Jones, Wayne"
MS,First South Farm Credit,501 Apache Dr,"McComb, MS 39648",Branch,"Adams, Amite, Copiah, Franklin, Jefferson, Lawrence, Lincoln, Pike, Walthall, Wilkinson"
MS,First South Farm Credit,914 Van Buren Ave,"Oxford, MS 38655",Branch,"Benton, DeSoto, Lafayette, Marshall, Panola, Tate, Yalobusha"
MS,Mississippi Land Bank,P O Box 971,"Senatobia, MS 38668",Branch,"Benton, DeSoto, Lafayette, Marshall, Panola, Tate, Yalobusha"
MS,Southern AgCredit,130 S Whitworth Ave,"Brookhaven, MS 39601",Branch,"Adams, Amite, Copiah, Franklin, Jefferson, Lawrence, Lincoln, Pike, Walthall, Wilkinson"
MS,First South Farm Credit,197 George Payne Cossar Blvd.,"Charleston, MS 38921",Branch,"Grenada, Tallahatchie"
MS,Southern AgCredit,2217 Highway 82 West,"Greenwood, MS 38930",Branch,"Carroll, Grenada, Holmes, Humphreys, Leflore, Montgomery"
MS,Southern AgCredit,12196 Highway 49,"Gulfport, MS 39503",Branch,"George, Hancock, Harrison, Jackson, Pearl River, Stone"
MS,First South Farm Credit,4 Thompson Park,"Hattiesburg, MS 39401-8263",Branch,"Forrest, George, Hancock, Harrison, Jackson, Jefferson Davis, Lamar, Marion, Pearl River, Perry, Stone"
MS,First South Farm Credit,23 Dunnbarr,"Laurel, MS 39440",Branch,"Covington, Greene, Jones, Wayne"
MS,First South Farm Credit,501 Apache Dr,"McComb, MS 39648",Branch,"Adams, Amite, Copiah, Franklin, Jefferson, Lawrence, Lincoln, Pike, Walthall, Wilkinson"
MS,First South Farm Credit,1703 Hwy. 82 West,"Greenwood, MS 38930",Branch,"Carroll, Holmes, Leflore"
MS,Southern AgCredit,2217 Highway 82 West,"Greenwood, MS 38930",Branch,"Carroll, Grenada, Holmes, Humphreys, Leflore, Montgomery"
MS,Southern AgCredit,12196 Highway 49,"Gulfport, MS 39503",Branch,"George, Hancock, Harrison, Jackson, Pearl River, Stone"
MS,First South Farm Credit,4 Thompson Park,"Hattiesburg, MS 39401-8263",Branch,"Forrest, George, Hancock, Harrison, Jackson, Jefferson Davis, Lamar, Marion, Pearl River, Perry, Stone"
MS,First South Farm Credit,122 Main Street,"Indianola, MS 38751",Branch,"Humphreys, Sunflower"
MS,First South Farm Credit,1021 Hwy 82 East,"Leland, MS 38756",Branch,"Bolivar, Issaquena, Sharkey, Washington"
MS,Southern AgCredit,306 Commerce Center Drive,"Ridgeland, MS 39157",Branch,"Claiborne, Hinds, Madison, Rankin, Simpson, Warren, Yazoo"
MS,First South Farm Credit,260 Trace Colony Park Drive,"Ridgeland, MS 39157",Branch,"Attala, Claiborne, Hinds, Madison, Rankin, Simpson, Warren, Yazoo"
MS,Mississippi Land Bank,3517 Tom Watson Dr,"Saltillo, MS 38866",Branch,"Calhoun, Chickasaw, Itawamba, Lee, Monroe, Pontotoc, Union"
MS,First South Farm Credit,1626 N. Veterans Memorial Blvd. Suite C,"Tupelo, MS 38804",Branch,"Alcorn, Itawamba, Lee, Pontotoc, Prentiss, Tippah, Tishomingo, Union"
MS,Southern AgCredit,130 S Whitworth Ave,"Brookhaven, MS 39601",Branch,"Adams, Amite, Copiah, Franklin, Jefferson, Lawrence, Lincoln, Pike, Walthall, Wilkinson"
MS,First South Farm Credit,4 Thompson Park,"Hattiesburg, MS 39401-8263",Branch,"Forrest, George, Hancock, Harrison, Jackson, Jefferson Davis, Lamar, Marion, Pearl River, Perry, Stone"
MS,First South Farm Credit,23 Dunnbarr,"Laurel, MS 39440",Branch,"Covington, Greene, Jones, Wayne"
MS,First South Farm Credit,501 Apache Dr,"McComb, MS 39648",Branch,"Adams, Amite, Copiah, Franklin, Jefferson, Lawrence, Lincoln, Pike, Walthall, Wilkinson"
MS,First South Farm Credit,914 Van Buren Ave,"Oxford, MS 38655",Branch,"Benton, DeSoto, Lafayette, Marshall, Panola, Tate, Yalobusha"
MS,Mississippi Land Bank,P O Box 971,"Senatobia, MS 38668",Branch,"Benton, DeSoto, Lafayette, Marshall, Panola, Tate, Yalobusha"
MS,Southern AgCredit,130 S Whitworth Ave,"Brookhaven, MS 39601",Branch,"Adams, Amite, Copiah, Franklin, Jefferson, Lawrence, Lincoln, Pike, Walthall, Wilkinson"
MS,First South Farm Credit,1703 Hwy. 82 West,"Greenwood, MS 38930",Branch,"Carroll, Holmes, Leflore"
MS,Southern AgCredit,2217 Highway 82 West,"Greenwood, MS 38930",Branch,"Carroll, Grenada, Holmes, Humphreys, Leflore, Montgomery"
MS,First South Farm Credit,4 Thompson Park,"Hattiesburg, MS 39401-8263",Branch,"Forrest, George, Hancock, Harrison, Jackson, Jefferson Davis, Lamar, Marion, Pearl River, Perry, Stone"
MS,First South Farm Credit,501 Apache Dr,"McComb, MS 39648",Branch,"Adams, Amite, Copiah, Franklin, Jefferson, Lawrence, Lincoln, Pike, Walthall, Wilkinson"
MS,Mississippi Land Bank,3517 Tom Watson Dr,"Saltillo, MS 38866",Branch,"Calhoun, Chickasaw, Itawamba, Lee, Monroe, Pontotoc, Union"
MS,First South Farm Credit,1626 N. Veterans Memorial Blvd. Suite C,"Tupelo, MS 38804",Branch,"Alcorn, Itawamba, Lee, Pontotoc, Prentiss, Tippah, Tishomingo, Union"
MS,First South Farm Credit,306 E Jefferson St,"Aberdeen, MS 39730",Branch,"Chickasaw, Clay, Lowndes, Monroe, Noxubee, Oktibbeha, Winston"
MS,Southern AgCredit,130 S Whitworth Ave,"Brookhaven, MS 39601",Branch,"Adams, Amite, Copiah, Franklin, Jefferson, Lawrence, Lincoln, Pike, Walthall, Wilkinson"
MS,First South Farm Credit,4 Thompson Park,"Hattiesburg, MS 39401-8263",Branch,"Forrest, George, Hancock, Harrison, Jackson, Jefferson Davis, Lamar, Marion, Pearl River, Perry, Stone"
MS,First South Farm Credit,501 Apache Dr,"McComb, MS 39648",Branch,"Adams, Amite, Copiah, Franklin, Jefferson, Lawrence, Lincoln, Pike, Walthall, Wilkinson"
MS,First South Farm Credit,914 Van Buren Ave,"Oxford, MS 38655",Branch,"Benton, DeSoto, Lafayette, Marshall, Panola, Tate, Yalobusha"
MS,First South Farm Credit,260 Trace Colony Park Drive,"Ridgeland, MS 39157",Branch,"Attala, Claiborne, Hinds, Madison, Rankin, Simpson, Warren, Yazoo"
MS,Southern AgCredit,306 Commerce Center Drive,"Ridgeland, MS 39157",Branch,"Claiborne, Hinds, Madison, Rankin, Simpson, Warren, Yazoo"
MS,Mississippi Land Bank,P O Box 971,"Senatobia, MS 38668",Branch,"Benton, DeSoto, Lafayette, Marshall, Panola, Tate, Yalobusha"
MS,First South Farm Credit,"1089D Stark Road, Suite 3","Starkville, MS 39759",Branch,"Choctaw, Lowndes, Noxubee, Oktibbeha, Winston"
MS,Mississippi Land Bank,3517 Tom Watson Dr,"Saltillo, MS 38866",Branch,"Calhoun, Chickasaw, Itawamba, Lee, Monroe, Pontotoc, Union"
MS,First South Farm Credit,306 E Jefferson St,"Aberdeen, MS 39730",Branch,"Chickasaw, Clay, Lowndes, Monroe, Noxubee, Oktibbeha, Winston"
MS,First South Farm Credit,1009 North Main Street,"Calhoun City, MS 38916",Branch,"Calhoun, Choctaw, Montgomery, Webster"
MS,Southern AgCredit,2217 Highway 82 West,"Greenwood, MS 38930",Branch,"Carroll, Grenada, Holmes, Humphreys, Leflore, Montgomery"
MS,First South Farm Credit,914 Van Buren Ave,"Oxford, MS 38655",Branch,"Benton, DeSoto, Lafayette, Marshall, Panola, Tate, Yalobusha"
MS,Mississippi Land Bank,P O Box 971,"Senatobia, MS 38668",Branch,"Benton, DeSoto, Lafayette, Marshall, Panola, Tate, Yalobusha"
MS,First South Farm Credit,"1089D Stark Road, Suite 3","Starkville, MS 39759",Branch,"Choctaw, Lowndes, Noxubee, Oktibbeha, Winston"
MS,Southern AgCredit,130 S Whitworth Ave,"Brookhaven, MS 39601",Branch,"Adams, Amite, Copiah, Franklin, Jefferson, Lawrence, Lincoln, Pike, Walthall, Wilkinson"
MS,Mississippi Land Bank,2653 N State St,"Clarksdale, MS 38614",Branch,"Coahoma, Quitman, Tallahatchie, Tunica"
MS,First South Farm Credit,505 E Second Street,"Clarksdale, MS 38614",Branch,"Coahoma, Quitman, Tunica"
MS,Mississippi Land Bank,2101 Hwy 72 East,"Corinth, MS 38834",Branch,"Alcorn, Prentiss, Tippah, Tishomingo"
MS,Southern AgCredit,12196 Highway 49,"Gulfport, MS 39503",Branch,"George, Hancock, Harrison, Jackson, Pearl River, Stone"
MS,First South Farm Credit,4 Thompson Park,"Hattiesburg, MS 39401-8263",Branch,"Forrest, George, Hancock, Harrison, Jackson, Jefferson Davis, Lamar, Marion, Pearl River, Perry, Stone"
MS,First South Farm Credit,501 Apache Dr,"McComb, MS 39648",Branch,"Adams, Amite, Copiah, Franklin, Jefferson, Lawrence, Lincoln, Pike, Walthall, Wilkinson"
MS,Mississippi Land Bank,3517 Tom Watson Dr,"Saltillo, MS 38866",Branch,"Calhoun, Chickasaw, Itawamba, Lee, Monroe, Pontotoc, Union"
MS,First South Farm Credit,1626 N. Veterans Memorial Blvd. Suite C,"Tupelo, MS 38804",Branch,"Alcorn, Itawamba, Lee, Pontotoc, Prentiss, Tippah, Tishomingo, Union"
MS,Southern AgCredit,12196 Highway 49,"Gulfport, MS 39503",Branch,"George, Hancock, Harrison, Jackson, Pearl River, Stone"
MS,First South Farm Credit,4 Thompson Park,"Hattiesburg, MS 39401-8263",Branch,"Forrest, George, Hancock, Harrison, Jackson, Jefferson Davis, Lamar, Marion, Pearl River, Perry, Stone"
MS,First South Farm Credit,1021 Hwy 82 East,"Leland, MS 38756",Branch,"Bolivar, Issaquena, Sharkey, Washington"
MS,First South Farm Credit,260 Trace Colony Park Drive,"Ridgeland, MS 39157",Branch,"Attala, Claiborne, Hinds, Madison, Rankin, Simpson, Warren, Yazoo"
MS,Southern AgCredit,306 Commerce Center Drive,"Ridgeland, MS 39157",Branch,"Claiborne, Hinds, Madison, Rankin, Simpson, Warren, Yazoo"
MS,First South Farm Credit,197 George Payne Cossar Blvd.,"Charleston, MS 38921",Branch,"Grenada, Tallahatchie"
MS,First South Farm Credit,505 E Second Street,"Clarksdale, MS 38614",Branch,"Coahoma, Quitman, Tunica"
MS,Mississippi Land Bank,2653 N State St,"Clarksdale, MS 38614",Branch,"Coahoma, Quitman, Tallahatchie, Tunica"
MS,Mississippi Land Bank,3598-A Hwy 61 North,"Cleveland, MS 38732",Branch,"Bolivar, Sunflower"
MS,Mississippi Land Bank,2101 Hwy 72 East,"Corinth, MS 38834",Branch,"Alcorn, Prentiss, Tippah, Tishomingo"
MS,First South Farm Credit,122 Main Street,"Indianola, MS 38751",Branch,"Humphreys, Sunflower"
MS,First South Farm Credit,914 Van Buren Ave,"Oxford, MS 38655",Branch,"Benton, DeSoto, Lafayette, Marshall, Panola, Tate, Yalobusha"
MS,Mississippi Land Bank,P O Box 971,"Senatobia, MS 38668",Branch,"Benton, DeSoto, Lafayette, Marshall, Panola, Tate, Yalobusha"
MS,First South Farm Credit,1626 N. Veterans Memorial Blvd. Suite C,"Tupelo, MS 38804",Branch,"Alcorn, Itawamba, Lee, Pontotoc, Prentiss, Tippah, Tishomingo, Union"
MS,Southern AgCredit,130 S Whitworth Ave,"Brookhaven, MS 39601",Branch,"Adams, Amite, Copiah, Franklin, Jefferson, Lawrence, Lincoln, Pike, Walthall, Wilkinson"
MS,First South Farm Credit,1009 North Main Street,"Calhoun City, MS 38916",Branch,"Calhoun, Choctaw, Montgomery, Webster"
MS,First South Farm Credit,23 Dunnbarr,"Laurel, MS 39440",Branch,"Covington, Greene, Jones, Wayne"
MS,First South Farm Credit,1021 Hwy 82 East,"Leland, MS 38756",Branch,"Bolivar, Issaquena, Sharkey, Washington"
MS,First South Farm Credit,501 Apache Dr,"McComb, MS 39648",Branch,"Adams, Amite, Copiah, Franklin, Jefferson, Lawrence, Lincoln, Pike, Walthall, Wilkinson"
MS,Southern AgCredit,306 Commerce Center Drive,"Ridgeland, MS 39157",Branch,"Claiborne, Hinds, Madison, Rankin, Simpson, Warren, Yazoo"
MS,First South Farm Credit,260 Trace Colony Park Drive,"Ridgeland, MS 39157",Branch,"Attala, Claiborne, Hinds, Madison, Rankin, Simpson, Warren, Yazoo"
MS,Mississippi Land Bank,3517 Tom Watson Dr,"Saltillo, MS 38866",Branch,"Calhoun, Chickasaw, Itawamba, Lee, Monroe, Pontotoc, Union"
MS,First South Farm Credit,1626 N. Veterans Memorial Blvd. Suite C,"Tupelo, MS 38804",Branch,"Alcorn, Itawamba, Lee, Pontotoc, Prentiss, Tippah, Tishomingo, Union"
MS,First South Farm Credit,306 E Jefferson St,"Aberdeen, MS 39730",Branch,"Chickasaw, Clay, Lowndes, Monroe, Noxubee, Oktibbeha, Winston"
MS,Southern AgCredit,130 S Whitworth Ave,"Brookhaven, MS 39601",Branch,"Adams, Amite, Copiah, Franklin, Jefferson, Lawrence, Lincoln, Pike, Walthall, Wilkinson"
MS,First South Farm Credit,501 Apache Dr,"McComb, MS 39648",Branch,"Adams, Amite, Copiah, Franklin, Jefferson, Lawrence, Lincoln, Pike, Walthall, Wilkinson"
MS,First South Farm Credit,914 Van Buren Ave,"Oxford, MS 38655",Branch,"Benton, DeSoto, Lafayette, Marshall, Panola, Tate, Yalobusha"
MS,Southern AgCredit,306 Commerce Center Drive,"Ridgeland, MS 39157",Branch,"Claiborne, Hinds, Madison, Rankin, Simpson, Warren, Yazoo"
MS,First South Farm Credit,260 Trace Colony Park Drive,"Ridgeland, MS 39157",Branch,"Attala, Claiborne, Hinds, Madison, Rankin, Simpson, Warren, Yazoo"
MS,Mississippi Land Bank,P O Box 971,"Senatobia, MS 38668",Branch,"Benton, DeSoto, Lafayette, Marshall, Panola, Tate, Yalobusha"
MS,First South Farm Credit,"1089D Stark Road, Suite 3","Starkville, MS 39759",Branch,"Choctaw, Lowndes, Noxubee, Oktibbeha, Winston"
MO,FCS Financial,108 North Prosperity,"Joplin, MO 64801",Branch,"Barry, Dade, Jasper, Lawrence, McDonald, Newton"
MO,FCS Financial,509 HBC Road,"Macon, MO 63552-3700",Branch,"Adair, Clark, Knox, Lewis, Macon, Monroe, Putnam, Randolph, Schuyler, Scotland, Shelby, Sullivan"
MO,FCS Financial,27186 282nd Street,"Maryville, MO 64468",Branch,"Atchison, Gentry, Harrison, Nodaway, Worth"
MO,FCS Financial,2810 E Liberty St,"Mexico, MO 65265",Branch,"Audrain, Montgomery"
MO,FCS Financial,1925 N Osage Blvd,"Nevada, MO 64772",Branch,"Barton, Bates, Cedar, Saint Clair, Vernon"
MO,FCS Financial,2109 S Riverside Rd,"St Joseph, MO 64507",Branch,"Andrew, Buchanan, Holt, Platte"
MO,FCS Financial,2800 Woodard Drive,"Columbia, MO 65202-2614",Branch,"Boone, Callaway, Cooper, Howard"
MO,Farm Credit Southeast Missouri,1114 N Outer Rd,"Dexter, MO 63841",Branch,"Bollinger, Butler, Cape Girardeau, Carter, Dunklin, Mississippi, New Madrid, Pemiscot, Ripley, Scott, Stoddard, Wayne"
MO,FCS Financial,30405 SE Outer Road,"Harrisonville, MO 64701",Branch,"Bates, Cass, Henry, Jackson, Johnson"
MO,Farm Credit Southeast Missouri,420 W Washington,"Jackson, MO 63755",Branch,"Bollinger, Butler, Cape Girardeau, Carter, Dunklin, Mississippi, New Madrid, Pemiscot, Ripley, Scott, Stoddard, Wayne"
MO,Farm Credit Southeast Missouri,811 S Bypass,"Kennett, MO 63857",Branch,"Bollinger, Butler, Cape Girardeau, Carter, Dunklin, Mississippi, New Madrid, Pemiscot, Ripley, Scott, Stoddard, Wayne"
MO,Farm Credit Southeast Missouri,791 S Hwy 105,"Charleston, MO 63834",Branch,"Bollinger, Butler, Cape Girardeau, Carter, Dunklin, Mississippi, New Madrid, Pemiscot, Ripley, Scott, Stoddard, Wayne"
MO,FCS Financial,1925 N Osage Blvd,"Nevada, MO 64772",Branch,"Barton, Bates, Cedar, Saint Clair, Vernon"
MO,Farm Credit Southeast Missouri,107 E Outer RD,"Poplar Bluff, MO 63901",Branch,"Bollinger, Butler, Cape Girardeau, Carter, Dunklin, Mississippi, New Madrid, Pemiscot, Ripley, Scott, Stoddard, Wayne"
MO,Farm Credit Southeast Missouri,501 W State Hwy 162,"Portageville, MO 63873",Branch,"Bollinger, Butler, Cape Girardeau, Carter, Dunklin, Mississippi, New Madrid, Pemiscot, Ripley, Scott, Stoddard, Wayne"
MO,FCS Financial,2600 S Limit,"Sedalia, MO 65301",Branch,"Benton, Cooper, Morgan, Pettis"
MO,Farm Credit Southeast Missouri,1110 N Main,"Sikeston, MO 63801",Branch,"Bollinger, Butler, Cape Girardeau, Carter, Dunklin, Mississippi, New Madrid, Pemiscot, Ripley, Scott, Stoddard, Wayne"
MO,FCS Financial,2109 S Riverside Rd,"St Joseph, MO 64507",Branch,"Andrew, Buchanan, Holt, Platte"
MO,FCS Financial,1405 N Walnut St,"Cameron, MO 64429",Branch,"Caldwell, Clay, Clinton, Daviess, Dekalb"
MO,FCS Financial,2880 N Washington St,"Chillicothe, MO 64601",Branch,"Carroll, Chariton, Grundy, Linn, Livingston, Mercer"
MO,FCS Financial,2800 Woodard Drive,"Columbia, MO 65202-2614",Branch,"Boone, Callaway, Cooper, Howard"
MO,Farm Credit Southeast Missouri,1114 N Outer Rd,"Dexter, MO 63841",Branch,"Bollinger, Butler, Cape Girardeau, Carter, Dunklin, Mississippi, New Madrid, Pemiscot, Ripley, Scott, Stoddard, Wayne"
MO,Farm Credit Southeast Missouri,420 W Washington,"Jackson, MO 63755",Branch,"Bollinger, Butler, Cape Girardeau, Carter, Dunklin, Mississippi, New Madrid, Pemiscot, Ripley, Scott, Stoddard, Wayne"
MO,Farm Credit Southeast Missouri,811 S Bypass,"Kennett, MO 63857",Branch,"Bollinger, Butler, Cape Girardeau, Carter, Dunklin, Mississippi, New Madrid, Pemiscot, Ripley, Scott, Stoddard, Wayne"
MO,FCS Financial,936 Alexis Avenue,"Lebanon, MO 65536",Branch,"Camden, Dallas, Laclede, Pulaski, Webster"
MO,FCS Financial,1360 N Lexington Ave,"Marshall, MO 65340-9159",Branch,"Carroll, Chariton, Saline"
MO,Farm Credit Southeast Missouri,791 S Hwy 105,"Charleston, MO 63834",Branch,"Bollinger, Butler, Cape Girardeau, Carter, Dunklin, Mississippi, New Madrid, Pemiscot, Ripley, Scott, Stoddard, Wayne"
MO,Farm Credit Southeast Missouri,107 E Outer RD,"Poplar Bluff, MO 63901",Branch,"Bollinger, Butler, Cape Girardeau, Carter, Dunklin, Mississippi, New Madrid, Pemiscot, Ripley, Scott, Stoddard, Wayne"
MO,Farm Credit Southeast Missouri,501 W State Hwy 162,"Portageville, MO 63873",Branch,"Bollinger, Butler, Cape Girardeau, Carter, Dunklin, Mississippi, New Madrid, Pemiscot, Ripley, Scott, Stoddard, Wayne"
MO,Farm Credit Southeast Missouri,1110 N Main,"Sikeston, MO 63801",Branch,"Bollinger, Butler, Cape Girardeau, Carter, Dunklin, Mississippi, New Madrid, Pemiscot, Ripley, Scott, Stoddard, Wayne"
MO,FCS Financial,1405 N Walnut St,"Cameron, MO 64429",Branch,"Caldwell, Clay, Clinton, Daviess, Dekalb"
MO,FCS Financial,2880 N Washington St,"Chillicothe, MO 64601",Branch,"Carroll, Chariton, Grundy, Linn, Livingston, Mercer"
MO,FCS Financial,30405 SE Outer Road,"Harrisonville, MO 64701",Branch,"Bates, Cass, Henry, Jackson, Johnson"
MO,FCS Financial,509 HBC Road,"Macon, MO 63552-3700",Branch,"Adair, Clark, Knox, Lewis, Macon, Monroe, Putnam, Randolph, Schuyler, Scotland, Shelby, Sullivan"
MO,FCS Financial,1360 N Lexington Ave,"Marshall, MO 65340-9159",Branch,"Carroll, Chariton, Saline"
MO,FCS Financial,1925 N Osage Blvd,"Nevada, MO 64772",Branch,"Barton, Bates, Cedar, Saint Clair, Vernon"
MO,FCS Financial,500 South State Hwy B,"Springfield, MO 65802-9109",Branch,"Christian, Dade, Greene, Hickory, Lawrence, Polk, Stone, Taney"
MO,FCS Financial,1405 N Walnut St,"Cameron, MO 64429",Branch,"Caldwell, Clay, Clinton, Daviess, Dekalb"
MO,FCS Financial,2800 Woodard Drive,"Columbia, MO 65202-2614",Branch,"Boone, Callaway, Cooper, Howard"
MO,FCS Financial,1930 E Miller St,"Jefferson City, MO 65101",Branch,"Cole, Dent, Maries, Miller, Moniteau, Osage, Phelps"
MO,FCS Financial,108 North Prosperity,"Joplin, MO 64801",Branch,"Barry, Dade, Jasper, Lawrence, McDonald, Newton"
MO,FCS Financial,936 Alexis Avenue,"Lebanon, MO 65536",Branch,"Camden, Dallas, Laclede, Pulaski, Webster"
MO,FCS Financial,2600 S Limit,"Sedalia, MO 65301",Branch,"Benton, Cooper, Morgan, Pettis"
MO,FCS Financial,500 South State Hwy B,"Springfield, MO 65802-9109",Branch,"Christian, Dade, Greene, Hickory, Lawrence, Polk, Stone, Taney"
MO,FCS Financial,300 Hwy 50 West,"Union, MO 63084",Branch,"Crawford, Franklin, Gasconade"
MO,FCS Financial,1405 N Walnut St,"Cameron, MO 64429",Branch,"Caldwell, Clay, Clinton, Daviess, Dekalb"
MO,Farm Credit Southeast Missouri,1114 N Outer Rd,"Dexter, MO 63841",Branch,"Bollinger, Butler, Cape Girardeau, Carter, Dunklin, Mississippi, New Madrid, Pemiscot, Ripley, Scott, Stoddard, Wayne"
MO,Farm Credit Southeast Missouri,420 W Washington,"Jackson, MO 63755",Branch,"Bollinger, Butler, Cape Girardeau, Carter, Dunklin, Mississippi, New Madrid, Pemiscot, Ripley, Scott, Stoddard, Wayne"
MO,FCS Financial,1930 E Miller St,"Jefferson City, MO 65101",Branch,"Cole, Dent, Maries, Miller, Moniteau, Osage, Phelps"
MO,Farm Credit Southeast Missouri,811 S Bypass,"Kennett, MO 63857",Branch,"Bollinger, Butler, Cape Girardeau, Carter, Dunklin, Mississippi, New Madrid, Pemiscot, Ripley, Scott, Stoddard, Wayne"
MO,Farm Credit Southeast Missouri,791 S Hwy 105,"Charleston, MO 63834",Branch,"Bollinger, Butler, Cape Girardeau, Carter, Dunklin, Mississippi, New Madrid, Pemiscot, Ripley, Scott, Stoddard, Wayne"
MO,Farm Credit Southeast Missouri,107 E Outer RD,"Poplar Bluff, MO 63901",Branch,"Bollinger, Butler, Cape Girardeau, Carter, Dunklin, Mississippi, New Madrid, Pemiscot, Ripley, Scott, Stoddard, Wayne"
MO,Farm Credit Southeast Missouri,501 W State Hwy 162,"Portageville, MO 63873",Branch,"Bollinger, Butler, Cape Girardeau, Carter, Dunklin, Mississippi, New Madrid, Pemiscot, Ripley, Scott, Stoddard, Wayne"
MO,Farm Credit Southeast Missouri,1110 N Main,"Sikeston, MO 63801",Branch,"Bollinger, Butler, Cape Girardeau, Carter, Dunklin, Mississippi, New Madrid, Pemiscot, Ripley, Scott, Stoddard, Wayne"
MO,FCS Financial,300 Hwy 50 West,"Union, MO 63084",Branch,"Crawford, Franklin, Gasconade"
MO,FCS Financial,1005 Porter Wagoner Blvd,"West Plains, MO 65775",Branch,"Douglas, Howell, Oregon, Ozark, Shannon, Texas, Wright"
MO,FCS Financial,2880 N Washington St,"Chillicothe, MO 64601",Branch,"Carroll, Chariton, Grundy, Linn, Livingston, Mercer"
MO,FCS Financial,30405 SE Outer Road,"Harrisonville, MO 64701",Branch,"Bates, Cass, Henry, Jackson, Johnson"
MO,FCS Financial,27186 282nd Street,"Maryville, MO 64468",Branch,"Atchison, Gentry, Harrison, Nodaway, Worth"
MO,FCS Financial,500 South State Hwy B,"Springfield, MO 65802-9109",Branch,"Christian, Dade, Greene, Hickory, Lawrence, Polk, Stone, Taney"
MO,FCS Financial,300 Hwy 50 West,"Union, MO 63084",Branch,"Crawford, Franklin, Gasconade"
MO,FCS Financial,2800 Woodard Drive,"Columbia, MO 65202-2614",Branch,"Boone, Callaway, Cooper, Howard"
MO,FCS Financial,150 Walker Drive,"Farmington, MO 63640",Branch,"Iron, Jefferson, Madison, Perry, Reynolds, Saint Francois, Sainte Genevieve, Washington"
MO,FCS Financial,30405 SE Outer Road,"Harrisonville, MO 64701",Branch,"Bates, Cass, Henry, Jackson, Johnson"
MO,FCS Financial,4100 Highway 13 Blvd,"Higginsville, MO 64037",Branch,"Jackson, Lafayette, Ray"
MO,FCS Financial,500 South State Hwy B,"Springfield, MO 65802-9109",Branch,"Christian, Dade, Greene, Hickory, Lawrence, Polk, Stone, Taney"
MO,FCS Financial,2109 S Riverside Rd,"St Joseph, MO 64507",Branch,"Andrew, Buchanan, Holt, Platte"
MO,FCS Financial,1005 Porter Wagoner Blvd,"West Plains, MO 65775",Branch,"Douglas, Howell, Oregon, Ozark, Shannon, Texas, Wright"
MO,FCS Financial,150 Walker Drive,"Farmington, MO 63640",Branch,"Iron, Jefferson, Madison, Perry, Reynolds, Saint Francois, Sainte Genevieve, Washington"
MO,FCS Financial,30405 SE Outer Road,"Harrisonville, MO 64701",Branch,"Bates, Cass, Henry, Jackson, Johnson"
MO,FCS Financial,4100 Highway 13 Blvd,"Higginsville, MO 64037",Branch,"Jackson, Lafayette, Ray"
MO,FCS Financial,108 North Prosperity,"Joplin, MO 64801",Branch,"Barry, Dade, Jasper, Lawrence, McDonald, Newton"
MO,FCS Financial,936 Alexis Avenue,"Lebanon, MO 65536",Branch,"Camden, Dallas, Laclede, Pulaski, Webster"
MO,FCS Financial,509 HBC Road,"Macon, MO 63552-3700",Branch,"Adair, Clark, Knox, Lewis, Macon, Monroe, Putnam, Randolph, Schuyler, Scotland, Shelby, Sullivan"
MO,FCS Financial,2880 N Washington St,"Chillicothe, MO 64601",Branch,"Carroll, Chariton, Grundy, Linn, Livingston, Mercer"
MO,FCS Financial,108 North Prosperity,"Joplin, MO 64801",Branch,"Barry, Dade, Jasper, Lawrence, McDonald, Newton"
MO,FCS Financial,509 HBC Road,"Macon, MO 63552-3700",Branch,"Adair, Clark, Knox, Lewis, Macon, Monroe, Putnam, Randolph, Schuyler, Scotland, Shelby, Sullivan"
MO,FCS Financial,1051 Peruque Crossing Ct,"O'Fallon, MO 63366",Branch,"Lincoln, Saint Charles, Saint Louis, Warren"
MO,FCS Financial,500 South State Hwy B,"Springfield, MO 65802-9109",Branch,"Christian, Dade, Greene, Hickory, Lawrence, Polk, Stone, Taney"
MO,FCS Financial,2880 N Washington St,"Chillicothe, MO 64601",Branch,"Carroll, Chariton, Grundy, Linn, Livingston, Mercer"
MO,FCS Financial,150 Walker Drive,"Farmington, MO 63640",Branch,"Iron, Jefferson, Madison, Perry, Reynolds, Saint Francois, Sainte Genevieve, Washington"
MO,FCS Financial,3200 Hwy 61,"Hannibal, MO 63401",Branch,"Marion, Pike, Ralls"
MO,FCS Financial,1930 E Miller St,"Jefferson City, MO 65101",Branch,"Cole, Dent, Maries, Miller, Moniteau, Osage, Phelps"
MO,FCS Financial,509 HBC Road,"Macon, MO 63552-3700",Branch,"Adair, Clark, Knox, Lewis, Macon, Monroe, Putnam, Randolph, Schuyler, Scotland, Shelby, Sullivan"
MO,Farm Credit Southeast Missouri,1114 N Outer Rd,"Dexter, MO 63841",Branch,"Bollinger, Butler, Cape Girardeau, Carter, Dunklin, Mississippi, New Madrid, Pemiscot, Ripley, Scott, Stoddard, Wayne"
MO,Farm Credit Southeast Missouri,420 W Washington,"Jackson, MO 63755",Branch,"Bollinger, Butler, Cape Girardeau, Carter, Dunklin, Mississippi, New Madrid, Pemiscot, Ripley, Scott, Stoddard, Wayne"
MO,FCS Financial,1930 E Miller St,"Jefferson City, MO 65101",Branch,"Cole, Dent, Maries, Miller, Moniteau, Osage, Phelps"
MO,Farm Credit Southeast Missouri,811 S Bypass,"Kennett, MO 63857",Branch,"Bollinger, Butler, Cape Girardeau, Carter, Dunklin, Mississippi, New Madrid, Pemiscot, Ripley, Scott, Stoddard, Wayne"
MO,FCS Financial,509 HBC Road,"Macon, MO 63552-3700",Branch,"Adair, Clark, Knox, Lewis, Macon, Monroe, Putnam, Randolph, Schuyler, Scotland, Shelby, Sullivan"
MO,FCS Financial,2810 E Liberty St,"Mexico, MO 65265",Branch,"Audrain, Montgomery"
MO,Farm Credit Southeast Missouri,791 S Hwy 105,"Charleston, MO 63834",Branch,"Bollinger, Butler, Cape Girardeau, Carter, Dunklin, Mississippi, New Madrid, Pemiscot, Ripley, Scott, Stoddard, Wayne"
MO,Farm Credit Southeast Missouri,107 E Outer RD,"Poplar Bluff, MO 63901",Branch,"Bollinger, Butler, Cape Girardeau, Carter, Dunklin, Mississippi, New Madrid, Pemiscot, Ripley, Scott, Stoddard, Wayne"
MO,Farm Credit Southeast Missouri,501 W State Hwy 162,"Portageville, MO 63873",Branch,"Bollinger, Butler, Cape Girardeau, Carter, Dunklin, Mississippi, New Madrid, Pemiscot, Ripley, Scott, Stoddard, Wayne"
MO,FCS Financial,2600 S Limit,"Sedalia, MO 65301",Branch,"Benton, Cooper, Morgan, Pettis"
MO,Farm Credit Southeast Missouri,1110 N Main,"Sikeston, MO 63801",Branch,"Bollinger, Butler, Cape Girardeau, Carter, Dunklin, Mississippi, New Madrid, Pemiscot, Ripley, Scott, Stoddard, Wayne"
MO,Farm Credit Southeast Missouri,1114 N Outer Rd,"Dexter, MO 63841",Branch,"Bollinger, Butler, Cape Girardeau, Carter, Dunklin, Mississippi, New Madrid, Pemiscot, Ripley, Scott, Stoddard, Wayne"
MO,Farm Credit Southeast Missouri,420 W Washington,"Jackson, MO 63755",Branch,"Bollinger, Butler, Cape Girardeau, Carter, Dunklin, Mississippi, New Madrid, Pemiscot, Ripley, Scott, Stoddard, Wayne"
MO,FCS Financial,1930 E Miller St,"Jefferson City, MO 65101",Branch,"Cole, Dent, Maries, Miller, Moniteau, Osage, Phelps"
MO,FCS Financial,108 North Prosperity,"Joplin, MO 64801",Branch,"Barry, Dade, Jasper, Lawrence, McDonald, Newton"
MO,Farm Credit Southeast Missouri,811 S Bypass,"Kennett, MO 63857",Branch,"Bollinger, Butler, Cape Girardeau, Carter, Dunklin, Mississippi, New Madrid, Pemiscot, Ripley, Scott, Stoddard, Wayne"
MO,FCS Financial,27186 282nd Street,"Maryville, MO 64468",Branch,"Atchison, Gentry, Harrison, Nodaway, Worth"
MO,Farm Credit Southeast Missouri,791 S Hwy 105,"Charleston, MO 63834",Branch,"Bollinger, Butler, Cape Girardeau, Carter, Dunklin, Mississippi, New Madrid, Pemiscot, Ripley, Scott, Stoddard, Wayne"
MO,Farm Credit Southeast Missouri,107 E Outer RD,"Poplar Bluff, MO 63901",Branch,"Bollinger, Butler, Cape Girardeau, Carter, Dunklin, Mississippi, New Madrid, Pemiscot, Ripley, Scott, Stoddard, Wayne"
MO,Farm Credit Southeast Missouri,501 W State Hwy 162,"Portageville, MO 63873",Branch,"Bollinger, Butler, Cape Girardeau, Carter, Dunklin, Mississippi, New Madrid, Pemiscot, Ripley, Scott, Stoddard, Wayne"
MO,Farm Credit Southeast Missouri,1110 N Main,"Sikeston, MO 63801",Branch,"Bollinger, Butler, Cape Girardeau, Carter, Dunklin, Mississippi, New Madrid, Pemiscot, Ripley, Scott, Stoddard, Wayne"
MO,FCS Financial,1005 Porter Wagoner Blvd,"West Plains, MO 65775",Branch,"Douglas, Howell, Oregon, Ozark, Shannon, Texas, Wright"
MO,FCS Financial,150 Walker Drive,"Farmington, MO 63640",Branch,"Iron, Jefferson, Madison, Perry, Reynolds, Saint Francois, Sainte Genevieve, Washington"
MO,FCS Financial,3200 Hwy 61,"Hannibal, MO 63401",Branch,"Marion, Pike, Ralls"
MO,FCS Financial,1930 E Miller St,"Jefferson City, MO 65101",Branch,"Cole, Dent, Maries, Miller, Moniteau, Osage, Phelps"
MO,FCS Financial,2600 S Limit,"Sedalia, MO 65301",Branch,"Benton, Cooper, Morgan, Pettis"
MO,FCS Financial,500 South State Hwy B,"Springfield, MO 65802-9109",Branch,"Christian, Dade, Greene, Hickory, Lawrence, Polk, Stone, Taney"
MO,FCS Financial,2109 S Riverside Rd,"St Joseph, MO 64507",Branch,"Andrew, Buchanan, Holt, Platte"
MO,FCS Financial,150 Walker Drive,"Farmington, MO 63640",Branch,"Iron, Jefferson, Madison, Perry, Reynolds, Saint Francois, Sainte Genevieve, Washington"
MO,FCS Financial,3200 Hwy 61,"Hannibal, MO 63401",Branch,"Marion, Pike, Ralls"
MO,FCS Financial,4100 Highway 13 Blvd,"Higginsville, MO 64037",Branch,"Jackson, Lafayette, Ray"
MO,FCS Financial,936 Alexis Avenue,"Lebanon, MO 65536",Branch,"Camden, Dallas, Laclede, Pulaski, Webster"
MO,FCS Financial,509 HBC Road,"Macon, MO 63552-3700",Branch,"Adair, Clark, Knox, Lewis, Macon, Monroe, Putnam, Randolph, Schuyler, Scotland, Shelby, Sullivan"
MO,Farm Credit Southeast Missouri,1114 N Outer Rd,"Dexter, MO 63841",Branch,"Bollinger, Butler, Cape Girardeau, Carter, Dunklin, Mississippi, New Madrid, Pemiscot, Ripley, Scott, Stoddard, Wayne"
MO,Farm Credit Southeast Missouri,420 W Washington,"Jackson, MO 63755",Branch,"Bollinger, Butler, Cape Girardeau, Carter, Dunklin, Mississippi, New Madrid, Pemiscot, Ripley, Scott, Stoddard, Wayne"
MO,Farm Credit Southeast Missouri,811 S Bypass,"Kennett, MO 63857",Branch,"Bollinger, Butler, Cape Girardeau, Carter, Dunklin, Mississippi, New Madrid, Pemiscot, Ripley, Scott, Stoddard, Wayne"
MO,Farm Credit Southeast Missouri,791 S Hwy 105,"Charleston, MO 63834",Branch,"Bollinger, Butler, Cape Girardeau, Carter, Dunklin, Mississippi, New Madrid, Pemiscot, Ripley, Scott, Stoddard, Wayne"
MO,Farm Credit Southeast Missouri,107 E Outer RD,"Poplar Bluff, MO 63901",Branch,"Bollinger, Butler, Cape Girardeau, Carter, Dunklin, Mississippi, New Madrid, Pemiscot, Ripley, Scott, Stoddard, Wayne"
MO,Farm Credit Southeast Missouri,501 W State Hwy 162,"Portageville, MO 63873",Branch,"Bollinger, Butler, Cape Girardeau, Carter, Dunklin, Mississippi, New Madrid, Pemiscot, Ripley, Scott, Stoddard, Wayne"
MO,Farm Credit Southeast Missouri,1110 N Main,"Sikeston, MO 63801",Branch,"Bollinger, Butler, Cape Girardeau, Carter, Dunklin, Mississippi, New Madrid, Pemiscot, Ripley, Scott, Stoddard, Wayne"
MO,Farm Credit Southeast Missouri,1114 N Outer Rd,"Dexter, MO 63841",Branch,"Bollinger, Butler, Cape Girardeau, Carter, Dunklin, Mississippi, New Madrid, Pemiscot, Ripley, Scott, Stoddard, Wayne"
MO,Farm Credit Southeast Missouri,420 W Washington,"Jackson, MO 63755",Branch,"Bollinger, Butler, Cape Girardeau, Carter, Dunklin, Mississippi, New Madrid, Pemiscot, Ripley, Scott, Stoddard, Wayne"
MO,Farm Credit Southeast Missouri,811 S Bypass,"Kennett, MO 63857",Branch,"Bollinger, Butler, Cape Girardeau, Carter, Dunklin, Mississippi, New Madrid, Pemiscot, Ripley, Scott, Stoddard, Wayne"
MO,FCS Financial,509 HBC Road,"Macon, MO 63552-3700",Branch,"Adair, Clark, Knox, Lewis, Macon, Monroe, Putnam, Randolph, Schuyler, Scotland, Shelby, Sullivan"
MO,FCS Financial,1360 N Lexington Ave,"Marshall, MO 65340-9159",Branch,"Carroll, Chariton, Saline"
MO,Farm Credit Southeast Missouri,791 S Hwy 105,"Charleston, MO 63834",Branch,"Bollinger, Butler, Cape Girardeau, Carter, Dunklin, Mississippi, New Madrid, Pemiscot, Ripley, Scott, Stoddard, Wayne"
MO,Farm Credit Southeast Missouri,107 E Outer RD,"Poplar Bluff, MO 63901",Branch,"Bollinger, Butler, Cape Girardeau, Carter, Dunklin, Mississippi, New Madrid, Pemiscot, Ripley, Scott, Stoddard, Wayne"
MO,Farm Credit Southeast Missouri,501 W State Hwy 162,"Portageville, MO 63873",Branch,"Bollinger, Butler, Cape Girardeau, Carter, Dunklin, Mississippi, New Madrid, Pemiscot, Ripley, Scott, Stoddard, Wayne"
MO,Farm Credit Southeast Missouri,1110 N Main,"Sikeston, MO 63801",Branch,"Bollinger, Butler, Cape Girardeau, Carter, Dunklin, Mississippi, New Madrid, Pemiscot, Ripley, Scott, Stoddard, Wayne"
MO,FCS Financial,1005 Porter Wagoner Blvd,"West Plains, MO 65775",Branch,"Douglas, Howell, Oregon, Ozark, Shannon, Texas, Wright"
MO,Farm Credit Southeast Missouri,1114 N Outer Rd,"Dexter, MO 63841",Branch,"Bollinger, Butler, Cape Girardeau, Carter, Dunklin, Mississippi, New Madrid, Pemiscot, Ripley, Scott, Stoddard, Wayne"
MO,Farm Credit Southeast Missouri,420 W Washington,"Jackson, MO 63755",Branch,"Bollinger, Butler, Cape Girardeau, Carter, Dunklin, Mississippi, New Madrid, Pemiscot, Ripley, Scott, Stoddard, Wayne"
MO,Farm Credit Southeast Missouri,811 S Bypass,"Kennett, MO 63857",Branch,"Bollinger, Butler, Cape Girardeau, Carter, Dunklin, Mississippi, New Madrid, Pemiscot, Ripley, Scott, Stoddard, Wayne"
MO,FCS Financial,509 HBC Road,"Macon, MO 63552-3700",Branch,"Adair, Clark, Knox, Lewis, Macon, Monroe, Putnam, Randolph, Schuyler, Scotland, Shelby, Sullivan"
MO,Farm Credit Southeast Missouri,791 S Hwy 105,"Charleston, MO 63834",Branch,"Bollinger, Butler, Cape Girardeau, Carter, Dunklin, Mississippi, New Madrid, Pemiscot, Ripley, Scott, Stoddard, Wayne"
MO,FCS Financial,1925 N Osage Blvd,"Nevada, MO 64772",Branch,"Barton, Bates, Cedar, Saint Clair, Vernon"
MO,Farm Credit Southeast Missouri,107 E Outer RD,"Poplar Bluff, MO 63901",Branch,"Bollinger, Butler, Cape Girardeau, Carter, Dunklin, Mississippi, New Madrid, Pemiscot, Ripley, Scott, Stoddard, Wayne"
MO,Farm Credit Southeast Missouri,501 W State Hwy 162,"Portageville, MO 63873",Branch,"Bollinger, Butler, Cape Girardeau, Carter, Dunklin, Mississippi, New Madrid, Pemiscot, Ripley, Scott, Stoddard, Wayne"
MO,Farm Credit Southeast Missouri,1110 N Main,"Sikeston, MO 63801",Branch,"Bollinger, Butler, Cape Girardeau, Carter, Dunklin, Mississippi, New Madrid, Pemiscot, Ripley, Scott, Stoddard, Wayne"
MO,FCS Financial,500 South State Hwy B,"Springfield, MO 65802-9109",Branch,"Christian, Dade, Greene, Hickory, Lawrence, Polk, Stone, Taney"
MO,FCS Financial,1005 Porter Wagoner Blvd,"West Plains, MO 65775",Branch,"Douglas, Howell, Oregon, Ozark, Shannon, Texas, Wright"
MO,Farm Credit Southeast Missouri,1114 N Outer Rd,"Dexter, MO 63841",Branch,"Bollinger, Butler, Cape Girardeau, Carter, Dunklin, Mississippi, New Madrid, Pemiscot, Ripley, Scott, Stoddard, Wayne"
MO,FCS Financial,150 Walker Drive,"Farmington, MO 63640",Branch,"Iron, Jefferson, Madison, Perry, Reynolds, Saint Francois, Sainte Genevieve, Washington"
MO,Farm Credit Southeast Missouri,420 W Washington,"Jackson, MO 63755",Branch,"Bollinger, Butler, Cape Girardeau, Carter, Dunklin, Mississippi, New Madrid, Pemiscot, Ripley, Scott, Stoddard, Wayne"
MO,Farm Credit Southeast Missouri,811 S Bypass,"Kennett, MO 63857",Branch,"Bollinger, Butler, Cape Girardeau, Carter, Dunklin, Mississippi, New Madrid, Pemiscot, Ripley, Scott, Stoddard, Wayne"
MO,FCS Financial,936 Alexis Avenue,"Lebanon, MO 65536",Branch,"Camden, Dallas, Laclede, Pulaski, Webster"
MO,FCS Financial,27186 282nd Street,"Maryville, MO 64468",Branch,"Atchison, Gentry, Harrison, Nodaway, Worth"
MO,Farm Credit Southeast Missouri,791 S Hwy 105,"Charleston, MO 63834",Branch,"Bollinger, Butler, Cape Girardeau, Carter, Dunklin, Mississippi, New Madrid, Pemiscot, Ripley, Scott, Stoddard, Wayne"
MO,FCS Financial,1051 Peruque Crossing Ct,"O'Fallon, MO 63366",Branch,"Lincoln, Saint Charles, Saint Louis, Warren"
MO,Farm Credit Southeast Missouri,107 E Outer RD,"Poplar Bluff, MO 63901",Branch,"Bollinger, Butler, Cape Girardeau, Carter, Dunklin, Mississippi, New Madrid, Pemiscot, Ripley, Scott, Stoddard, Wayne"
MO,Farm Credit Southeast Missouri,501 W State Hwy 162,"Portageville, MO 63873",Branch,"Bollinger, Butler, Cape Girardeau, Carter, Dunklin, Mississippi, New Madrid, Pemiscot, Ripley, Scott, Stoddard, Wayne"
MO,Farm Credit Southeast Missouri,1110 N Main,"Sikeston, MO 63801",Branch,"Bollinger, Butler, Cape Girardeau, Carter, Dunklin, Mississippi, New Madrid, Pemiscot, Ripley, Scott, Stoddard, Wayne"
MO,FCS Financial,1005 Porter Wagoner Blvd,"West Plains, MO 65775",Branch,"Douglas, Howell, Oregon, Ozark, Shannon, Texas, Wright"
MT,AgWest Farm Credit,3490 Gabel Road,"Billings, MT 59102-7302",Branch,"Big Horn, Carbon, Stillwater, Sweet Grass, Treasure, Yellowstone"
MT,AgWest Farm Credit,2530 Honor Lane,"Bozeman, MT 59718",Branch,"Broadwater, Gallatin, Jefferson, Meagher, Park, Silver Bow"
MT,AgWest Farm Credit,134 E Reeder St,"Dillon, MT 59725-3803",Branch,"Beaverhead, Madison, Silver Bow"
MT,AgWest Farm Credit,1705 US Hwy 2 NW,"Havre, MT 59501-3427",Branch,"Blaine, Hill, Liberty"
MT,AgWest Farm Credit,502 S Haynes Ave.,"Miles City, MT 59301-4749",Branch,"Carter, Custer, Fallon, Garfield, Powder River, Prairie, Rosebud, Wibaux"
MT,AgWest Farm Credit,54147 US Hwy 2,"Glasgow, MT 59230-1568",Branch,"Daniels, McCone, Phillips, Roosevelt, Valley"
MT,AgWest Farm Credit,700 River Dr S,"Great Falls, MT 59405-1810",Branch,"Cascade, Chouteau, Lewis and Clark, Meagher, Teton"
MT,AgWest Farm Credit,502 S Haynes Ave.,"Miles City, MT 59301-4749",Branch,"Carter, Custer, Fallon, Garfield, Powder River, Prairie, Rosebud, Wibaux"
MT,AgWest Farm Credit,3021 Palmer St,"Missoula, MT 59808-1672",Branch,"Deer Lodge, Flathead, Granite, Lake, Missoula, Powell, Ravalli, Sanders, Silver Bow"
MT,AgWest Farm Credit,123 N Central Ave,"Sidney, MT 59270-4119",Branch,"Daniels, Dawson, McCone, McKenzie, Prairie, Richland, Richland, Roosevelt, Sheridan, Sheridan, Wibaux, Williams"
MT,AgWest Farm Credit,2530 Honor Lane,"Bozeman, MT 59718",Branch,"Broadwater, Gallatin, Jefferson, Meagher, Park, Silver Bow"
MT,AgWest Farm Credit,519 S Main,"Conrad, MT 59425-2528",Branch,"Glacier, Pondera, Toole"
MT,AgWest Farm Credit,120 Wunderlin St,"Lewistown, MT 59457-2358",Branch,"Fergus, Golden Valley, Judith Basin, Musselshell, Petroleum, Wheatland"
MT,AgWest Farm Credit,502 S Haynes Ave.,"Miles City, MT 59301-4749",Branch,"Carter, Custer, Fallon, Garfield, Powder River, Prairie, Rosebud, Wibaux"
MT,AgWest Farm Credit,3021 Palmer St,"Missoula, MT 59808-1672",Branch,"Deer Lodge, Flathead, Granite, Lake, Missoula, Powell, Ravalli, Sanders, Silver Bow"
MT,AgWest Farm Credit,2530 Honor Lane,"Bozeman, MT 59718",Branch,"Broadwater, Gallatin, Jefferson, Meagher, Park, Silver Bow"
MT,AgWest Farm Credit,1705 US Hwy 2 NW,"Havre, MT 59501-3427",Branch,"Blaine, Hill, Liberty"
MT,AgWest Farm Credit,120 Wunderlin St,"Lewistown, MT 59457-2358",Branch,"Fergus, Golden Valley, Judith Basin, Musselshell, Petroleum, Wheatland"
MT,AgWest Farm Credit,3021 Palmer St,"Missoula, MT 59808-1672",Branch,"Deer Lodge, Flathead, Granite, Lake, Missoula, Powell, Ravalli, Sanders, Silver Bow"
MT,AgWest Farm Credit,2530 Honor Lane,"Bozeman, MT 59718",Branch,"Broadwater, Gallatin, Jefferson, Meagher, Park, Silver Bow"
MT,AgWest Farm Credit,134 E Reeder St,"Dillon, MT 59725-3803",Branch,"Beaverhead, Madison, Silver Bow"
MT,AgWest Farm Credit,54147 US Hwy 2,"Glasgow, MT 59230-1568",Branch,"Daniels, McCone, Phillips, Roosevelt, Valley"
MT,AgWest Farm Credit,700 River Dr S,"Great Falls, MT 59405-1810",Branch,"Cascade, Chouteau, Lewis and Clark, Meagher, Teton"
MT,AgWest Farm Credit,1705 US Hwy 2 NW,"Havre, MT 59501-3427",Branch,"Blaine, Hill, Liberty"
MT,AgWest Farm Credit,123 N Central Ave,"Sidney, MT 59270-4119",Branch,"Daniels, Dawson, McCone, McKenzie, Prairie, Richland, Richland, Roosevelt, Sheridan, Sheridan, Wibaux, Williams"
MT,AgWest Farm Credit,2530 Honor Lane,"Bozeman, MT 59718",Branch,"Broadwater, Gallatin, Jefferson, Meagher, Park, Silver Bow"
MT,AgWest Farm Credit,54147 US Hwy 2,"Glasgow, MT 59230-1568",Branch,"Daniels, McCone, Phillips, Roosevelt, Valley"
MT,AgWest Farm Credit,120 Wunderlin St,"Lewistown, MT 59457-2358",Branch,"Fergus, Golden Valley, Judith Basin, Musselshell, Petroleum, Wheatland"
MT,AgWest Farm Credit,3021 Palmer St,"Missoula, MT 59808-1672",Branch,"Deer Lodge, Flathead, Granite, Lake, Missoula, Powell, Ravalli, Sanders, Silver Bow"
MT,AgWest Farm Credit,519 S Main,"Conrad, MT 59425-2528",Branch,"Glacier, Pondera, Toole"
MT,AgWest Farm Credit,502 S Haynes Ave.,"Miles City, MT 59301-4749",Branch,"Carter, Custer, Fallon, Garfield, Powder River, Prairie, Rosebud, Wibaux"
MT,AgWest Farm Credit,3021 Palmer St,"Missoula, MT 59808-1672",Branch,"Deer Lodge, Flathead, Granite, Lake, Missoula, Powell, Ravalli, Sanders, Silver Bow"
MT,AgWest Farm Credit,123 N Central Ave,"Sidney, MT 59270-4119",Branch,"Daniels, Dawson, McCone, McKenzie, Prairie, Richland, Richland, Roosevelt, Sheridan, Sheridan, Wibaux, Williams"
MT,AgWest Farm Credit,3490 Gabel Road,"Billings, MT 59102-7302",Branch,"Big Horn, Carbon, Stillwater, Sweet Grass, Treasure, Yellowstone"
MT,AgWest Farm Credit,2530 Honor Lane,"Bozeman, MT 59718",Branch,"Broadwater, Gallatin, Jefferson, Meagher, Park, Silver Bow"
MT,AgWest Farm Credit,134 E Reeder St,"Dillon, MT 59725-3803",Branch,"Beaverhead, Madison, Silver Bow"
MT,AgWest Farm Credit,54147 US Hwy 2,"Glasgow, MT 59230-1568",Branch,"Daniels, McCone, Phillips, Roosevelt, Valley"
MT,AgWest Farm Credit,502 S Haynes Ave.,"Miles City, MT 59301-4749",Branch,"Carter, Custer, Fallon, Garfield, Powder River, Prairie, Rosebud, Wibaux"
MT,AgWest Farm Credit,3021 Palmer St,"Missoula, MT 59808-1672",Branch,"Deer Lodge, Flathead, Granite, Lake, Missoula, Powell, Ravalli, Sanders, Silver Bow"
MT,AgWest Farm Credit,123 N Central Ave,"Sidney, MT 59270-4119",Branch,"Daniels, Dawson, McCone, McKenzie, Prairie, Richland, Richland, Roosevelt, Sheridan, Sheridan, Wibaux, Williams"
MT,AgWest Farm Credit,3490 Gabel Road,"Billings, MT 59102-7302",Branch,"Big Horn, Carbon, Stillwater, Sweet Grass, Treasure, Yellowstone"
MT,AgWest Farm Credit,519 S Main,"Conrad, MT 59425-2528",Branch,"Glacier, Pondera, Toole"
MT,AgWest Farm Credit,54147 US Hwy 2,"Glasgow, MT 59230-1568",Branch,"Daniels, McCone, Phillips, Roosevelt, Valley"
MT,AgWest Farm Credit,700 River Dr S,"Great Falls, MT 59405-1810",Branch,"Cascade, Chouteau, Lewis and Clark, Meagher, Teton"
MT,AgWest Farm Credit,120 Wunderlin St,"Lewistown, MT 59457-2358",Branch,"Fergus, Golden Valley, Judith Basin, Musselshell, Petroleum, Wheatland"
MT,AgWest Farm Credit,3490 Gabel Road,"Billings, MT 59102-7302",Branch,"Big Horn, Carbon, Stillwater, Sweet Grass, Treasure, Yellowstone"
MT,AgWest Farm Credit,502 S Haynes Ave.,"Miles City, MT 59301-4749",Branch,"Carter, Custer, Fallon, Garfield, Powder River, Prairie, Rosebud, Wibaux"
MT,AgWest Farm Credit,123 N Central Ave,"Sidney, MT 59270-4119",Branch,"Daniels, Dawson, McCone, McKenzie, Prairie, Richland, Richland, Roosevelt, Sheridan, Sheridan, Wibaux, Williams"
NE,Farm Credit Services of America,2555 South E Street,"Broken Bow, NE 68822",Branch,"Blaine, Custer, Loup, Valley"
NE,Farm Credit Services of America,3333 W Faidley Ave,"Grand Island, NE 68803",Branch,"Adams, Clay, Fillmore, Greeley, Hall, Hamilton, Howard, Merrick, Nuckolls, Webster, York"
NE,Farm Credit Services of America,4070 East 56th Street,"Kearney, NE 68847",Branch,"Blaine, Buffalo, Custer, Dawson, Franklin, Gosper, Harlan, Kearney, Loup, Phelps, Sherman, Valley"
NE,Farm Credit Services of America,207 N 34th St,"Norfolk, NE 68701",Branch,"Antelope, Boone, Boyd, Brown, Burt, Cuming, Garfield, Holt, Keya Paha, Madison, Pierce, Rock, Stanton, Thurston, Wayne, Wheeler"
NE,Farm Credit Services of America,197 W. State Farm Road,"North Platte, NE 69101",Branch,"Arthur, Chase, Cherry, Dundy, Frontier, Furnas, Grant, Hayes, Hitchcock, Hooker, Keith, Lincoln, Logan, McPherson, Perkins, Red Willow, Thomas"
NE,Farm Credit Services of America,411 Valley View DR,"Scottsbluff, NE 69361-1482",Branch,"Banner, Box Butte, Cheyenne, Dawes, Deuel, Garden, Goshen, Kimball, Laramie, Morrill, Scotts Bluff, Sheridan, Sheridan, Sioux"
NE,Farm Credit Services of America,2390 Highway 2,"Alliance, NE 69301-6098",Branch,"Box Butte, Dawes, Sheridan, Sioux"
NE,Farm Credit Services of America,4865 Old Monastery Road,"Columbus, NE 68601",Branch,"Butler, Colfax, Dodge, Douglas, Nance, Platte, Polk, Saunders, Washington"
NE,Farm Credit Services of America,4070 East 56th Street,"Kearney, NE 68847",Branch,"Blaine, Buffalo, Custer, Dawson, Franklin, Gosper, Harlan, Kearney, Loup, Phelps, Sherman, Valley"
NE,Farm Credit Services of America,207 N 34th St,"Norfolk, NE 68701",Branch,"Antelope, Boone, Boyd, Brown, Burt, Cuming, Garfield, Holt, Keya Paha, Madison, Pierce, Rock, Stanton, Thurston, Wayne, Wheeler"
NE,Farm Credit Services of America,507 E Highway 20,"O'Neill, NE 68763",Branch,"Boyd, Garfield, Holt, Wheeler"
NE,Farm Credit Services of America,411 Valley View DR,"Scottsbluff, NE 69361-1482",Branch,"Banner, Box Butte, Cheyenne, Dawes, Deuel, Garden, Goshen, Kimball, Laramie, Morrill, Scotts Bluff, Sheridan, Sheridan, Sioux"
NE,Farm Credit Services of America,4101 N 6th St,"Beatrice, NE 68310",Branch,"Cass, Gage, Jefferson, Johnson, Lancaster, Nemaha, Otoe, Pawnee, Richardson, Saline, Sarpy, Seward, Thayer"
NE,Farm Credit Services of America,3333 W Faidley Ave,"Grand Island, NE 68803",Branch,"Adams, Clay, Fillmore, Greeley, Hall, Hamilton, Howard, Merrick, Nuckolls, Webster, York"
NE,Farm Credit Services of America,686 E 3rd ST,"Imperial, NE 69033-3303",Branch,"Chase, Dundy"
NE,Farm Credit Services of America,855 Fallbrook Rd,"Lincoln, NE 68524",Branch,"Cass, Lancaster, Otoe, Seward"
NE,Farm Credit Services of America,197 W. State Farm Road,"North Platte, NE 69101",Branch,"Arthur, Chase, Cherry, Dundy, Frontier, Furnas, Grant, Hayes, Hitchcock, Hooker, Keith, Lincoln, Logan, McPherson, Perkins, Red Willow, Thomas"
NE,Farm Credit Services of America,411 Valley View DR,"Scottsbluff, NE 69361-1482",Branch,"Banner, Box Butte, Cheyenne, Dawes, Deuel, Garden, Goshen, Kimball, Laramie, Morrill, Scotts Bluff, Sheridan, Sheridan, Sioux"
NE,Farm Credit Services of America,3808 Broadway Ave,"Yankton, SD 57078",Branch,"Bon Homme, Cedar, Cedar, Charles Mix, Clay, Clay, Clay, Dakota, Dixon, Hutchinson, Knox, Monona, Plymouth, Thurston, Union, Union, Woodbury, Yankton"
NE,Farm Credit Services of America,2390 Highway 2,"Alliance, NE 69301-6098",Branch,"Box Butte, Dawes, Sheridan, Sioux"
NE,Farm Credit Services of America,2555 South E Street,"Broken Bow, NE 68822",Branch,"Blaine, Custer, Loup, Valley"
NE,Farm Credit Services of America,4865 Old Monastery Road,"Columbus, NE 68601",Branch,"Butler, Colfax, Dodge, Douglas, Nance, Platte, Polk, Saunders, Washington"
NE,Farm Credit Services of America,4070 East 56th Street,"Kearney, NE 68847",Branch,"Blaine, Buffalo, Custer, Dawson, Franklin, Gosper, Harlan, Kearney, Loup, Phelps, Sherman, Valley"
NE,Farm Credit Services of America,207 N 34th St,"Norfolk, NE 68701",Branch,"Antelope, Boone, Boyd, Brown, Burt, Cuming, Garfield, Holt, Keya Paha, Madison, Pierce, Rock, Stanton, Thurston, Wayne, Wheeler"
NE,Farm Credit Services of America,411 Valley View DR,"Scottsbluff, NE 69361-1482",Branch,"Banner, Box Butte, Cheyenne, Dawes, Deuel, Garden, Goshen, Kimball, Laramie, Morrill, Scotts Bluff, Sheridan, Sheridan, Sioux"
NE,Farm Credit Services of America,3808 Broadway Ave,"Yankton, SD 57078",Branch,"Bon Homme, Cedar, Cedar, Charles Mix, Clay, Clay, Clay, Dakota, Dixon, Hutchinson, Knox, Monona, Plymouth, Thurston, Union, Union, Woodbury, Yankton"
NE,Farm Credit Services of America,4865 Old Monastery Road,"Columbus, NE 68601",Branch,"Butler, Colfax, Dodge, Douglas, Nance, Platte, Polk, Saunders, Washington"
NE,Farm Credit Services of America,3333 W Faidley Ave,"Grand Island, NE 68803",Branch,"Adams, Clay, Fillmore, Greeley, Hall, Hamilton, Howard, Merrick, Nuckolls, Webster, York"
NE,Farm Credit Services of America,686 E 3rd ST,"Imperial, NE 69033-3303",Branch,"Chase, Dundy"
NE,Farm Credit Services of America,197 W. State Farm Road,"North Platte, NE 69101",Branch,"Arthur, Chase, Cherry, Dundy, Frontier, Furnas, Grant, Hayes, Hitchcock, Hooker, Keith, Lincoln, Logan, McPherson, Perkins, Red Willow, Thomas"
NE,Farm Credit Services of America,411 Valley View DR,"Scottsbluff, NE 69361-1482",Branch,"Banner, Box Butte, Cheyenne, Dawes, Deuel, Garden, Goshen, Kimball, Laramie, Morrill, Scotts Bluff, Sheridan, Sheridan, Sioux"
NE,Farm Credit Services of America,3808 Broadway Ave,"Yankton, SD 57078",Branch,"Bon Homme, Cedar, Cedar, Charles Mix, Clay, Clay, Clay, Dakota, Dixon, Hutchinson, Knox, Monona, Plymouth, Thurston, Union, Union, Woodbury, Yankton"
NE,Farm Credit Services of America,4101 N 6th St,"Beatrice, NE 68310",Branch,"Cass, Gage, Jefferson, Johnson, Lancaster, Nemaha, Otoe, Pawnee, Richardson, Saline, Sarpy, Seward, Thayer"
NE,Farm Credit Services of America,4070 East 56th Street,"Kearney, NE 68847",Branch,"Blaine, Buffalo, Custer, Dawson, Franklin, Gosper, Harlan, Kearney, Loup, Phelps, Sherman, Valley"
NE,Farm Credit Services of America,1806 N Highway 83,"Mccook, NE 69001",Branch,"Frontier, Furnas, Hayes, Hitchcock, Red Willow"
NE,Farm Credit Services of America,207 N 34th St,"Norfolk, NE 68701",Branch,"Antelope, Boone, Boyd, Brown, Burt, Cuming, Garfield, Holt, Keya Paha, Madison, Pierce, Rock, Stanton, Thurston, Wayne, Wheeler"
NE,Farm Credit Services of America,197 W. State Farm Road,"North Platte, NE 69101",Branch,"Arthur, Chase, Cherry, Dundy, Frontier, Furnas, Grant, Hayes, Hitchcock, Hooker, Keith, Lincoln, Logan, McPherson, Perkins, Red Willow, Thomas"
NE,Farm Credit Services of America,507 E Highway 20,"O'Neill, NE 68763",Branch,"Boyd, Garfield, Holt, Wheeler"
NE,Farm Credit Services of America,411 Valley View DR,"Scottsbluff, NE 69361-1482",Branch,"Banner, Box Butte, Cheyenne, Dawes, Deuel, Garden, Goshen, Kimball, Laramie, Morrill, Scotts Bluff, Sheridan, Sheridan, Sioux"
NE,Farm Credit Services of America,3333 W Faidley Ave,"Grand Island, NE 68803",Branch,"Adams, Clay, Fillmore, Greeley, Hall, Hamilton, Howard, Merrick, Nuckolls, Webster, York"
NE,Farm Credit Services of America,4070 East 56th Street,"Kearney, NE 68847",Branch,"Blaine, Buffalo, Custer, Dawson, Franklin, Gosper, Harlan, Kearney, Loup, Phelps, Sherman, Valley"
NE,Farm Credit Services of America,197 W. State Farm Road,"North Platte, NE 69101",Branch,"Arthur, Chase, Cherry, Dundy, Frontier, Furnas, Grant, Hayes, Hitchcock, Hooker, Keith, Lincoln, Logan, McPherson, Perkins, Red Willow, Thomas"
NE,Farm Credit Services of America,4101 N 6th St,"Beatrice, NE 68310",Branch,"Cass, Gage, Jefferson, Johnson, Lancaster, Nemaha, Otoe, Pawnee, Richardson, Saline, Sarpy, Seward, Thayer"
NE,Farm Credit Services of America,3333 W Faidley Ave,"Grand Island, NE 68803",Branch,"Adams, Clay, Fillmore, Greeley, Hall, Hamilton, Howard, Merrick, Nuckolls, Webster, York"
NE,Farm Credit Services of America,1806 N Highway 83,"Mccook, NE 69001",Branch,"Frontier, Furnas, Hayes, Hitchcock, Red Willow"
NE,Farm Credit Services of America,207 N 34th St,"Norfolk, NE 68701",Branch,"Antelope, Boone, Boyd, Brown, Burt, Cuming, Garfield, Holt, Keya Paha, Madison, Pierce, Rock, Stanton, Thurston, Wayne, Wheeler"
NE,Farm Credit Services of America,197 W. State Farm Road,"North Platte, NE 69101",Branch,"Arthur, Chase, Cherry, Dundy, Frontier, Furnas, Grant, Hayes, Hitchcock, Hooker, Keith, Lincoln, Logan, McPherson, Perkins, Red Willow, Thomas"
NE,Farm Credit Services of America,507 E Highway 20,"O'Neill, NE 68763",Branch,"Boyd, Garfield, Holt, Wheeler"
NE,Farm Credit Services of America,4101 N 6th St,"Beatrice, NE 68310",Branch,"Cass, Gage, Jefferson, Johnson, Lancaster, Nemaha, Otoe, Pawnee, Richardson, Saline, Sarpy, Seward, Thayer"
NE,Farm Credit Services of America,4070 East 56th Street,"Kearney, NE 68847",Branch,"Blaine, Buffalo, Custer, Dawson, Franklin, Gosper, Harlan, Kearney, Loup, Phelps, Sherman, Valley"
NE,Farm Credit Services of America,207 N 34th St,"Norfolk, NE 68701",Branch,"Antelope, Boone, Boyd, Brown, Burt, Cuming, Garfield, Holt, Keya Paha, Madison, Pierce, Rock, Stanton, Thurston, Wayne, Wheeler"
NE,Farm Credit Services of America,197 W. State Farm Road,"North Platte, NE 69101",Branch,"Arthur, Chase, Cherry, Dundy, Frontier, Furnas, Grant, Hayes, Hitchcock, Hooker, Keith, Lincoln, Logan, McPherson, Perkins, Red Willow, Thomas"
NE,Farm Credit Services of America,411 Valley View DR,"Scottsbluff, NE 69361-1482",Branch,"Banner, Box Butte, Cheyenne, Dawes, Deuel, Garden, Goshen, Kimball, Laramie, Morrill, Scotts Bluff, Sheridan, Sheridan, Sioux"
NE,Farm Credit Services of America,3808 Broadway Ave,"Yankton, SD 57078",Branch,"Bon Homme, Cedar, Cedar, Charles Mix, Clay, Clay, Clay, Dakota, Dixon, Hutchinson, Knox, Monona, Plymouth, Thurston, Union, Union, Woodbury, Yankton"
NE,Farm Credit Services of America,4101 N 6th St,"Beatrice, NE 68310",Branch,"Cass, Gage, Jefferson, Johnson, Lancaster, Nemaha, Otoe, Pawnee, Richardson, Saline, Sarpy, Seward, Thayer"
NE,Farm Credit Services of America,2555 South E Street,"Broken Bow, NE 68822",Branch,"Blaine, Custer, Loup, Valley"
NE,Farm Credit Services of America,4070 East 56th Street,"Kearney, NE 68847",Branch,"Blaine, Buffalo, Custer, Dawson, Franklin, Gosper, Harlan, Kearney, Loup, Phelps, Sherman, Valley"
NE,Farm Credit Services of America,855 Fallbrook Rd,"Lincoln, NE 68524",Branch,"Cass, Lancaster, Otoe, Seward"
NE,Farm Credit Services of America,207 N 34th St,"Norfolk, NE 68701",Branch,"Antelope, Boone, Boyd, Brown, Burt, Cuming, Garfield, Holt, Keya Paha, Madison, Pierce, Rock, Stanton, Thurston, Wayne, Wheeler"
NE,Farm Credit Services of America,197 W. State Farm Road,"North Platte, NE 69101",Branch,"Arthur, Chase, Cherry, Dundy, Frontier, Furnas, Grant, Hayes, Hitchcock, Hooker, Keith, Lincoln, Logan, McPherson, Perkins, Red Willow, Thomas"
NE,Farm Credit Services of America,4101 N 6th St,"Beatrice, NE 68310",Branch,"Cass, Gage, Jefferson, Johnson, Lancaster, Nemaha, Otoe, Pawnee, Richardson, Saline, Sarpy, Seward, Thayer"
NE,Farm Credit Services of America,4865 Old Monastery Road,"Columbus, NE 68601",Branch,"Butler, Colfax, Dodge, Douglas, Nance, Platte, Polk, Saunders, Washington"
NE,Farm Credit Services of America,3333 W Faidley Ave,"Grand Island, NE 68803",Branch,"Adams, Clay, Fillmore, Greeley, Hall, Hamilton, Howard, Merrick, Nuckolls, Webster, York"
NE,Farm Credit Services of America,855 Fallbrook Rd,"Lincoln, NE 68524",Branch,"Cass, Lancaster, Otoe, Seward"
NE,Farm Credit Services of America,411 Valley View DR,"Scottsbluff, NE 69361-1482",Branch,"Banner, Box Butte, Cheyenne, Dawes, Deuel, Garden, Goshen, Kimball, Laramie, Morrill, Scotts Bluff, Sheridan, Sheridan, Sioux"
NE,Farm Credit Services of America,4101 N 6th St,"Beatrice, NE 68310",Branch,"Cass, Gage, Jefferson, Johnson, Lancaster, Nemaha, Otoe, Pawnee, Richardson, Saline, Sarpy, Seward, Thayer"
NE,Farm Credit Services of America,4865 Old Monastery Road,"Columbus, NE 68601",Branch,"Butler, Colfax, Dodge, Douglas, Nance, Platte, Polk, Saunders, Washington"
NE,Farm Credit Services of America,4070 East 56th Street,"Kearney, NE 68847",Branch,"Blaine, Buffalo, Custer, Dawson, Franklin, Gosper, Harlan, Kearney, Loup, Phelps, Sherman, Valley"
NE,Farm Credit Services of America,207 N 34th St,"Norfolk, NE 68701",Branch,"Antelope, Boone, Boyd, Brown, Burt, Cuming, Garfield, Holt, Keya Paha, Madison, Pierce, Rock, Stanton, Thurston, Wayne, Wheeler"
NE,Farm Credit Services of America,197 W. State Farm Road,"North Platte, NE 69101",Branch,"Arthur, Chase, Cherry, Dundy, Frontier, Furnas, Grant, Hayes, Hitchcock, Hooker, Keith, Lincoln, Logan, McPherson, Perkins, Red Willow, Thomas"
NE,Farm Credit Services of America,4101 N 6th St,"Beatrice, NE 68310",Branch,"Cass, Gage, Jefferson, Johnson, Lancaster, Nemaha, Otoe, Pawnee, Richardson, Saline, Sarpy, Seward, Thayer"
NE,Farm Credit Services of America,4865 Old Monastery Road,"Columbus, NE 68601",Branch,"Butler, Colfax, Dodge, Douglas, Nance, Platte, Polk, Saunders, Washington"
NE,Farm Credit Services of America,1806 N Highway 83,"Mccook, NE 69001",Branch,"Frontier, Furnas, Hayes, Hitchcock, Red Willow"
NE,Farm Credit Services of America,207 N 34th St,"Norfolk, NE 68701",Branch,"Antelope, Boone, Boyd, Brown, Burt, Cuming, Garfield, Holt, Keya Paha, Madison, Pierce, Rock, Stanton, Thurston, Wayne, Wheeler"
NE,Farm Credit Services of America,197 W. State Farm Road,"North Platte, NE 69101",Branch,"Arthur, Chase, Cherry, Dundy, Frontier, Furnas, Grant, Hayes, Hitchcock, Hooker, Keith, Lincoln, Logan, McPherson, Perkins, Red Willow, Thomas"
NE,Farm Credit Services of America,2390 Highway 2,"Alliance, NE 69301-6098",Branch,"Box Butte, Dawes, Sheridan, Sioux"
NE,Farm Credit Services of America,4101 N 6th St,"Beatrice, NE 68310",Branch,"Cass, Gage, Jefferson, Johnson, Lancaster, Nemaha, Otoe, Pawnee, Richardson, Saline, Sarpy, Seward, Thayer"
NE,Farm Credit Services of America,4070 East 56th Street,"Kearney, NE 68847",Branch,"Blaine, Buffalo, Custer, Dawson, Franklin, Gosper, Harlan, Kearney, Loup, Phelps, Sherman, Valley"
NE,Farm Credit Services of America,855 Fallbrook Rd,"Lincoln, NE 68524",Branch,"Cass, Lancaster, Otoe, Seward"
NE,Farm Credit Services of America,207 N 34th St,"Norfolk, NE 68701",Branch,"Antelope, Boone, Boyd, Brown, Burt, Cuming, Garfield, Holt, Keya Paha, Madison, Pierce, Rock, Stanton, Thurston, Wayne, Wheeler"
NE,Farm Credit Services of America,411 Valley View DR,"Scottsbluff, NE 69361-1482",Branch,"Banner, Box Butte, Cheyenne, Dawes, Deuel, Garden, Goshen, Kimball, Laramie, Morrill, Scotts Bluff, Sheridan, Sheridan, Sioux"
NE,Farm Credit Services of America,4101 N 6th St,"Beatrice, NE 68310",Branch,"Cass, Gage, Jefferson, Johnson, Lancaster, Nemaha, Otoe, Pawnee, Richardson, Saline, Sarpy, Seward, Thayer"
NE,Farm Credit Services of America,2555 South E Street,"Broken Bow, NE 68822",Branch,"Blaine, Custer, Loup, Valley"
NE,Farm Credit Services of America,4865 Old Monastery Road,"Columbus, NE 68601",Branch,"Butler, Colfax, Dodge, Douglas, Nance, Platte, Polk, Saunders, Washington"
NE,Farm Credit Services of America,4070 East 56th Street,"Kearney, NE 68847",Branch,"Blaine, Buffalo, Custer, Dawson, Franklin, Gosper, Harlan, Kearney, Loup, Phelps, Sherman, Valley"
NE,Farm Credit Services of America,207 N 34th St,"Norfolk, NE 68701",Branch,"Antelope, Boone, Boyd, Brown, Burt, Cuming, Garfield, Holt, Keya Paha, Madison, Pierce, Rock, Stanton, Thurston, Wayne, Wheeler"
NE,Farm Credit Services of America,197 W. State Farm Road,"North Platte, NE 69101",Branch,"Arthur, Chase, Cherry, Dundy, Frontier, Furnas, Grant, Hayes, Hitchcock, Hooker, Keith, Lincoln, Logan, McPherson, Perkins, Red Willow, Thomas"
NE,Farm Credit Services of America,3808 Broadway Ave,"Yankton, SD 57078",Branch,"Bon Homme, Cedar, Cedar, Charles Mix, Clay, Clay, Clay, Dakota, Dixon, Hutchinson, Knox, Monona, Plymouth, Thurston, Union, Union, Woodbury, Yankton"
NE,Farm Credit Services of America,3333 W Faidley Ave,"Grand Island, NE 68803",Branch,"Adams, Clay, Fillmore, Greeley, Hall, Hamilton, Howard, Merrick, Nuckolls, Webster, York"
NE,Farm Credit Services of America,207 N 34th St,"Norfolk, NE 68701",Branch,"Antelope, Boone, Boyd, Brown, Burt, Cuming, Garfield, Holt, Keya Paha, Madison, Pierce, Rock, Stanton, Thurston, Wayne, Wheeler"
NE,Farm Credit Services of America,507 E Highway 20,"O'Neill, NE 68763",Branch,"Boyd, Garfield, Holt, Wheeler"
NV,AgWest Farm Credit,19628 Industry Pkwy Dr,"Bakersfield, CA 93308",Branch,"Esmeralda, Inyo, Kern, Los Angeles, Mineral, Mono, Nye, Tulare, Ventura"
NV,AgWest Farm Credit,2031 Knoll Dr,"Ventura, CA 93003",Branch,"Clark, Santa Barbara, Ventura"
NV,American AgCredit,285 Tenth Street,"Elko, NV 89801",Branch,"Elko, Eureka, Humboldt, Lander, Lincoln, Nye, Pershing, White Pine"
NV,American AgCredit,1440 W Williams Ave,"Fallon, NV 89406",Branch,"Alpine, Carson City, Churchill, Clark, Douglas, Elko, Esmeralda, Eureka, Humboldt, Humboldt, Lander, Lincoln, Lyon, Mineral, Mono, Nye, Pershing, Plumas, Sierra, Storey, Washoe, White Pine"
NV,American AgCredit,255 W Peckham Lane,"Reno, NV 89509",Branch,"Carson City, Churchill, Clark, Douglas, Elko, Esmeralda, Eureka, Humboldt, Humboldt, Lander, Lassen, Lincoln, Lyon, Mineral, Modoc, Mono, Nye, Pershing, Plumas, Sierra, Siskiyou, Storey, Washoe, White Pine"
NV,Western AgCredit,2495 N. Main Street,"Cedar City, UT 84721",Branch,"Clark, Coconino, Iron, Kane, Lincoln, Mohave, Utah, Washington"
NV,AgWest Farm Credit,19628 Industry Pkwy Dr,"Bakersfield, CA 93308",Branch,"Esmeralda, Inyo, Kern, Los Angeles, Mineral, Mono, Nye, Tulare, Ventura"
NV,American AgCredit,285 Tenth Street,"Elko, NV 89801",Branch,"Elko, Eureka, Humboldt, Lander, Lincoln, Nye, Pershing, White Pine"
NV,American AgCredit,1440 W Williams Ave,"Fallon, NV 89406",Branch,"Alpine, Carson City, Churchill, Clark, Douglas, Elko, Esmeralda, Eureka, Humboldt, Humboldt, Lander, Lincoln, Lyon, Mineral, Mono, Nye, Pershing, Plumas, Sierra, Storey, Washoe, White Pine"
NV,American AgCredit,255 W Peckham Lane,"Reno, NV 89509",Branch,"Carson City, Churchill, Clark, Douglas, Elko, Esmeralda, Eureka, Humboldt, Humboldt, Lander, Lassen, Lincoln, Lyon, Mineral, Modoc, Mono, Nye, Pershing, Plumas, Sierra, Siskiyou, Storey, Washoe, White Pine"
NV,Western AgCredit,2495 N. Main Street,"Cedar City, UT 84721",Branch,"Clark, Coconino, Iron, Kane, Lincoln, Mohave, Utah, Washington"
NV,American AgCredit,285 Tenth Street,"Elko, NV 89801",Branch,"Elko, Eureka, Humboldt, Lander, Lincoln, Nye, Pershing, White Pine"
NV,American AgCredit,1440 W Williams Ave,"Fallon, NV 89406",Branch,"Alpine, Carson City, Churchill, Clark, Douglas, Elko, Esmeralda, Eureka, Humboldt, Humboldt, Lander, Lincoln, Lyon, Mineral, Mono, Nye, Pershing, Plumas, Sierra, Storey, Washoe, White Pine"
NV,American AgCredit,255 W Peckham Lane,"Reno, NV 89509",Branch,"Carson City, Churchill, Clark, Douglas, Elko, Esmeralda, Eureka, Humboldt, Humboldt, Lander, Lassen, Lincoln, Lyon, Mineral, Modoc, Mono, Nye, Pershing, Plumas, Sierra, Siskiyou, Storey, Washoe, White Pine"
NH,Farm Credit East,2 Constitution Drive,"Bedford, NH 03110-6010",Branch,"Belknap, Carroll, Essex, Hillsborough, Merrimack, Middlesex, Rockingham, Strafford, Suffolk, Worcester"
NH,Farm Credit East,250 Commerce Way,"Derby, VT 05829",Branch,"Caledonia, Coos, Essex, Grafton, Lamoille, Orleans, Washington"
NH,Farm Credit East,52 FarmVu Dr,"White River Junction, VT 05001",,"Bennington, Caledonia, Cheshire, Grafton, Orange, Rutland, Sullivan, Washington, Windham, Windsor"
NH,Farm Credit East,2 Constitution Drive,"Bedford, NH 03110-6010",Branch,"Belknap, Carroll, Essex, Hillsborough, Merrimack, Middlesex, Rockingham, Strafford, Suffolk, Worcester"
NH,Farm Credit East,52 FarmVu Dr,"White River Junction, VT 05001",,"Bennington, Caledonia, Cheshire, Grafton, Orange, Rutland, Sullivan, Washington, Windham, Windsor"
NJ,Farm Credit East,29 Landis Avenue,"Bridgeton, NJ 08302-4396",Branch,"Atlantic, Burlington, Camden, Cape May, Cumberland, Gloucester, Ocean, Salem"
NJ,Farm Credit East,9 County Road 618,"Lebanon, NJ 08833-3028",Branch,"Bergen, Essex, Hudson, Hunterdon, Mercer, Middlesex, Monmouth, Morris, Passaic, Somerset, Sussex, Union, Warren"
NJ,Farm Credit East,29 Landis Avenue,"Bridgeton, NJ 08302-4396",Branch,"Atlantic, Burlington, Camden, Cape May, Cumberland, Gloucester, Ocean, Salem"
NJ,Farm Credit East,9 County Road 618,"Lebanon, NJ 08833-3028",Branch,"Bergen, Essex, Hudson, Hunterdon, Mercer, Middlesex, Monmouth, Morris, Passaic, Somerset, Sussex, Union, Warren"
NJ,Farm Credit East,29 Landis Avenue,"Bridgeton, NJ 08302-4396",Branch,"Atlantic, Burlington, Camden, Cape May, Cumberland, Gloucester, Ocean, Salem"
NJ,Farm Credit East,9 County Road 618,"Lebanon, NJ 08833-3028",Branch,"Bergen, Essex, Hudson, Hunterdon, Mercer, Middlesex, Monmouth, Morris, Passaic, Somerset, Sussex, Union, Warren"
NJ,Farm Credit East,9 County Road 618,"Lebanon, NJ 08833-3028",Branch,"Bergen, Essex, Hudson, Hunterdon, Mercer, Middlesex, Monmouth, Morris, Passaic, Somerset, Sussex, Union, Warren"
NM,American AgCredit,5651 Balloon Fiesta Parkway NE,"Albuquerque, NM 87113",Branch,"Bernalillo, Catron, Cibola, Dona Ana, Los Alamos, McKinley, Rio Arriba, Sandoval, Santa Fe, Socorro, Taos, Torrance, Valencia"
NM,AgTrust Farm Credit,19554 Hwy. 314,"Belen, NM 87002",Branch,"Catron, Chaves, Cibola, Colfax, Curry, De Baca, Dona Ana, Eddy, Grant, Guadalupe, Harding, Hidalgo, Lea, Lincoln, Los Alamos, Luna, McKinley, Mora, Otero, Quay, Rio Arriba, San Miguel, Sandoval, Santa Fe, Sierra, Socorro, Taos, Torrance, Union, Valencia"
NM,AgTrust Farm Credit,4501 N Prince St,"Clovis, NM 88101",Branch,"Bernalillo, Catron, Chaves, Cibola, Cochran, Colfax, Curry, De Baca, Dona Ana, Eddy, Grant, Guadalupe, Guadalupe, Harding, Hidalgo, Hidalgo, Lea, Lincoln, Los Alamos, Luna, McKinley, Mora, Otero, Quay, Rio Arriba, Roosevelt, San Juan, San Miguel, Sandoval, Santa Fe, Sierra, Socorro, Taos, Torrance, Union, Valencia"
NM,American AgCredit,301 West Llano Estacado,"Clovis, NM 88101",Branch,"Curry, De Baca, Roosevelt"
NM,AgTrust Farm Credit,"1338 Picacho Hills Dr., Suite #1","Las Cruces, NM 88007",Branch,"Bernalillo, Catron, Chaves, Cibola, Colfax, Curry, De Baca, Dona Ana, Eddy, Grant, Guadalupe, Harding, Hidalgo, Lea, Lincoln, Los Alamos, Luna, McKinley, Mora, Otero, Quay, Rio Arriba, Roosevelt, San Miguel, Sandoval, Santa Fe, Sierra, Socorro, Taos, Torrance, Union, Valencia"
NM,American AgCredit,2800 Las Vegas CT,"Las Cruces, NM 88007-4164",Branch,"Bernalillo, Dona Ana, Grant, Hidalgo, Luna, Otero, Sierra"
NM,American AgCredit,1300 W Country Club Rd,"Roswell, NM 88201-5169",Branch,"Chaves, Eddy, Lea, Lincoln"
NM,American AgCredit,323 S Second St,"Tucumcari, NM 88401",Branch,"Colfax, Guadalupe, Harding, Mora, Quay, San Miguel, Union"
NM,AgTrust Farm Credit,19554 Hwy. 314,"Belen, NM 87002",Branch,"Catron, Chaves, Cibola, Colfax, Curry, De Baca, Dona Ana, Eddy, Grant, Guadalupe, Harding, Hidalgo, Lea, Lincoln, Los Alamos, Luna, McKinley, Mora, Otero, Quay, Rio Arriba, San Miguel, Sandoval, Santa Fe, Sierra, Socorro, Taos, Torrance, Union, Valencia"
NM,AgTrust Farm Credit,4501 N Prince St,"Clovis, NM 88101",Branch,"Bernalillo, Catron, Chaves, Cibola, Cochran, Colfax, Curry, De Baca, Dona Ana, Eddy, Grant, Guadalupe, Guadalupe, Harding, Hidalgo, Hidalgo, Lea, Lincoln, Los Alamos, Luna, McKinley, Mora, Otero, Quay, Rio Arriba, Roosevelt, San Juan, San Miguel, Sandoval, Santa Fe, Sierra, Socorro, Taos, Torrance, Union, Valencia"
NM,American AgCredit,301 West Llano Estacado,"Clovis, NM 88101",Branch,"Curry, De Baca, Roosevelt"
NM,AgTrust Farm Credit,"1338 Picacho Hills Dr., Suite #1","Las Cruces, NM 88007",Branch,"Bernalillo, Catron, Chaves, Cibola, Colfax, Curry, De Baca, Dona Ana, Eddy, Grant, Guadalupe, Harding, Hidalgo, Lea, Lincoln, Los Alamos, Luna, McKinley, Mora, Otero, Quay, Rio Arriba, Roosevelt, San Miguel, Sandoval, Santa Fe, Sierra, Socorro, Taos, Torrance, Union, Valencia"
NM,American AgCredit,2800 Las Vegas CT,"Las Cruces, NM 88007-4164",Branch,"Bernalillo, Dona Ana, Grant, Hidalgo, Luna, Otero, Sierra"
NM,American AgCredit,1300 W Country Club Rd,"Roswell, NM 88201-5169",Branch,"Chaves, Eddy, Lea, Lincoln"
NM,American AgCredit,323 S Second St,"Tucumcari, NM 88401",Branch,"Colfax, Guadalupe, Harding, Mora, Quay, San Miguel, Union"
NM,American AgCredit,5651 Balloon Fiesta Parkway NE,"Albuquerque, NM 87113",Branch,"Bernalillo, Catron, Cibola, Dona Ana, Los Alamos, McKinley, Rio Arriba, Sandoval, Santa Fe, Socorro, Taos, Torrance, Valencia"
NM,AgTrust Farm Credit,19554 Hwy. 314,"Belen, NM 87002",Branch,"Catron, Chaves, Cibola, Colfax, Curry, De Baca, Dona Ana, Eddy, Grant, Guadalupe, Harding, Hidalgo, Lea, Lincoln, Los Alamos, Luna, McKinley, Mora, Otero, Quay, Rio Arriba, San Miguel, Sandoval, Santa Fe, Sierra, Socorro, Taos, Torrance, Union, Valencia"
NM,AgTrust Farm Credit,4501 N Prince St,"Clovis, NM 88101",Branch,"Bernalillo, Catron, Chaves, Cibola, Cochran, Colfax, Curry, De Baca, Dona Ana, Eddy, Grant, Guadalupe, Guadalupe, Harding, Hidalgo, Hidalgo, Lea, Lincoln, Los Alamos, Luna, McKinley, Mora, Otero, Quay, Rio Arriba, Roosevelt, San Juan, San Miguel, Sandoval, Santa Fe, Sierra, Socorro, Taos, Torrance, Union, Valencia"
NM,AgTrust Farm Credit,"1338 Picacho Hills Dr., Suite #1","Las Cruces, NM 88007",Branch,"Bernalillo, Catron, Chaves, Cibola, Colfax, Curry, De Baca, Dona Ana, Eddy, Grant, Guadalupe, Harding, Hidalgo, Lea, Lincoln, Los Alamos, Luna, McKinley, Mora, Otero, Quay, Rio Arriba, Roosevelt, San Miguel, Sandoval, Santa Fe, Sierra, Socorro, Taos, Torrance, Union, Valencia"
NM,American AgCredit,2800 Las Vegas CT,"Las Cruces, NM 88007-4164",Branch,"Bernalillo, Dona Ana, Grant, Hidalgo, Luna, Otero, Sierra"
NM,American AgCredit,1300 W Country Club Rd,"Roswell, NM 88201-5169",Branch,"Chaves, Eddy, Lea, Lincoln"
NM,American AgCredit,850 East Second Ave,"Durango, CO 81301",Branch,"Archuleta, Dolores, La Plata, Montezuma, Rio Arriba, San Juan, San Juan"
NM,American AgCredit,5651 Balloon Fiesta Parkway NE,"Albuquerque, NM 87113",Branch,"Bernalillo, Catron, Cibola, Dona Ana, Los Alamos, McKinley, Rio Arriba, Sandoval, Santa Fe, Socorro, Taos, Torrance, Valencia"
NM,AgTrust Farm Credit,19554 Hwy. 314,"Belen, NM 87002",Branch,"Catron, Chaves, Cibola, Colfax, Curry, De Baca, Dona Ana, Eddy, Grant, Guadalupe, Harding, Hidalgo, Lea, Lincoln, Los Alamos, Luna, McKinley, Mora, Otero, Quay, Rio Arriba, San Miguel, Sandoval, Santa Fe, Sierra, Socorro, Taos, Torrance, Union, Valencia"
NM,AgTrust Farm Credit,4501 N Prince St,"Clovis, NM 88101",Branch,"Bernalillo, Catron, Chaves, Cibola, Cochran, Colfax, Curry, De Baca, Dona Ana, Eddy, Grant, Guadalupe, Guadalupe, Harding, Hidalgo, Hidalgo, Lea, Lincoln, Los Alamos, Luna, McKinley, Mora, Otero, Quay, Rio Arriba, Roosevelt, San Juan, San Miguel, Sandoval, Santa Fe, Sierra, Socorro, Taos, Torrance, Union, Valencia"
NM,American AgCredit,301 West Llano Estacado,"Clovis, NM 88101",Branch,"Curry, De Baca, Roosevelt"
NM,AgTrust Farm Credit,"1338 Picacho Hills Dr., Suite #1","Las Cruces, NM 88007",Branch,"Bernalillo, Catron, Chaves, Cibola, Colfax, Curry, De Baca, Dona Ana, Eddy, Grant, Guadalupe, Harding, Hidalgo, Lea, Lincoln, Los Alamos, Luna, McKinley, Mora, Otero, Quay, Rio Arriba, Roosevelt, San Miguel, Sandoval, Santa Fe, Sierra, Socorro, Taos, Torrance, Union, Valencia"
NM,American AgCredit,2800 Las Vegas CT,"Las Cruces, NM 88007-4164",Branch,"Bernalillo, Dona Ana, Grant, Hidalgo, Luna, Otero, Sierra"
NM,American AgCredit,323 S Second St,"Tucumcari, NM 88401",Branch,"Colfax, Guadalupe, Harding, Mora, Quay, San Miguel, Union"
NM,American AgCredit,850 East Second Ave,"Durango, CO 81301",Branch,"Archuleta, Dolores, La Plata, Montezuma, Rio Arriba, San Juan, San Juan"
NM,American AgCredit,5651 Balloon Fiesta Parkway NE,"Albuquerque, NM 87113",Branch,"Bernalillo, Catron, Cibola, Dona Ana, Los Alamos, McKinley, Rio Arriba, Sandoval, Santa Fe, Socorro, Taos, Torrance, Valencia"
NM,AgTrust Farm Credit,19554 Hwy. 314,"Belen, NM 87002",Branch,"Catron, Chaves, Cibola, Colfax, Curry, De Baca, Dona Ana, Eddy, Grant, Guadalupe, Harding, Hidalgo, Lea, Lincoln, Los Alamos, Luna, McKinley, Mora, Otero, Quay, Rio Arriba, San Miguel, Sandoval, Santa Fe, Sierra, Socorro, Taos, Torrance, Union, Valencia"
NM,AgTrust Farm Credit,4501 N Prince St,"Clovis, NM 88101",Branch,"Bernalillo, Catron, Chaves, Cibola, Cochran, Colfax, Curry, De Baca, Dona Ana, Eddy, Grant, Guadalupe, Guadalupe, Harding, Hidalgo, Hidalgo, Lea, Lincoln, Los Alamos, Luna, McKinley, Mora, Otero, Quay, Rio Arriba, Roosevelt, San Juan, San Miguel, Sandoval, Santa Fe, Sierra, Socorro, Taos, Torrance, Union, Valencia"
NM,AgTrust Farm Credit,"1338 Picacho Hills Dr., Suite #1","Las Cruces, NM 88007",Branch,"Bernalillo, Catron, Chaves, Cibola, Colfax, Curry, De Baca, Dona Ana, Eddy, Grant, Guadalupe, Harding, Hidalgo, Lea, Lincoln, Los Alamos, Luna, McKinley, Mora, Otero, Quay, Rio Arriba, Roosevelt, San Miguel, Sandoval, Santa Fe, Sierra, Socorro, Taos, Torrance, Union, Valencia"
NM,American AgCredit,2800 Las Vegas CT,"Las Cruces, NM 88007-4164",Branch,"Bernalillo, Dona Ana, Grant, Hidalgo, Luna, Otero, Sierra"
NM,American AgCredit,323 S Second St,"Tucumcari, NM 88401",Branch,"Colfax, Guadalupe, Harding, Mora, Quay, San Miguel, Union"
NM,American AgCredit,5651 Balloon Fiesta Parkway NE,"Albuquerque, NM 87113",Branch,"Bernalillo, Catron, Cibola, Dona Ana, Los Alamos, McKinley, Rio Arriba, Sandoval, Santa Fe, Socorro, Taos, Torrance, Valencia"
NM,AgTrust Farm Credit,19554 Hwy. 314,"Belen, NM 87002",Branch,"Catron, Chaves, Cibola, Colfax, Curry, De Baca, Dona Ana, Eddy, Grant, Guadalupe, Harding, Hidalgo, Lea, Lincoln, Los Alamos, Luna, McKinley, Mora, Otero, Quay, Rio Arriba, San Miguel, Sandoval, Santa Fe, Sierra, Socorro, Taos, Torrance, Union, Valencia"
NM,AgTrust Farm Credit,4501 N Prince St,"Clovis, NM 88101",Branch,"Bernalillo, Catron, Chaves, Cibola, Cochran, Colfax, Curry, De Baca, Dona Ana, Eddy, Grant, Guadalupe, Guadalupe, Harding, Hidalgo, Hidalgo, Lea, Lincoln, Los Alamos, Luna, McKinley, Mora, Otero, Quay, Rio Arriba, Roosevelt, San Juan, San Miguel, Sandoval, Santa Fe, Sierra, Socorro, Taos, Torrance, Union, Valencia"
NM,AgTrust Farm Credit,"1338 Picacho Hills Dr., Suite #1","Las Cruces, NM 88007",Branch,"Bernalillo, Catron, Chaves, Cibola, Colfax, Curry, De Baca, Dona Ana, Eddy, Grant, Guadalupe, Harding, Hidalgo, Lea, Lincoln, Los Alamos, Luna, McKinley, Mora, Otero, Quay, Rio Arriba, Roosevelt, San Miguel, Sandoval, Santa Fe, Sierra, Socorro, Taos, Torrance, Union, Valencia"
NM,American AgCredit,323 S Second St,"Tucumcari, NM 88401",Branch,"Colfax, Guadalupe, Harding, Mora, Quay, San Miguel, Union"
NY,Farm Credit East,190 NY Route 9H,"Hudson, NY 12534-3819",Branch,"Albany, Berkshire, Columbia, Dutchess, Greene, Litchfield, Putnam, Rensselaer"
NY,Farm Credit East,7397 NY Route 80,"Cooperstown, NY 13326-3307",Branch,"Albany, Chenango, Delaware, Fulton, Greene, Herkimer, Madison, Montgomery, Oneida, Otsego, Schenectady, Schoharie, Ulster"
NY,Farm Credit East,1 Technology Place,"Homer, NY 13077-1526",Branch,"Broome, Chemung, Chenango, Cortland, Onondaga, Schuyler, Tioga, Tompkins"
NY,Farm Credit East,1450 NY Route 14,"Phelps, NY 14532-9542",Branch,"Cayuga, Monroe, Ontario, Seneca, Wayne, Yates"
NY,Farm Credit East,1155 Airport Road,"Hornell, NY 14843-9144",Branch,"Allegany, Cattaraugus, Steuben"
NY,Farm Credit East,28 E Chautauqua St,"Mayville, NY 14757-0163",Branch,"Cattaraugus, Chautauqua, Erie"
NY,Farm Credit East,1281 NY Route 58,"Riverhead, NY 11901-2097",Branch,"Bronx, Kings, Nassau, New York, Queens, Richmond, Suffolk"
NY,Farm Credit East,190 NY Route 9H,"Hudson, NY 12534-3819",Branch,"Albany, Berkshire, Columbia, Dutchess, Greene, Litchfield, Putnam, Rensselaer"
NY,Farm Credit East,7397 NY Route 80,"Cooperstown, NY 13326-3307",Branch,"Albany, Chenango, Delaware, Fulton, Greene, Herkimer, Madison, Montgomery, Oneida, Otsego, Schenectady, Schoharie, Ulster"
NY,Farm Credit East,1 Technology Place,"Homer, NY 13077-1526",Branch,"Broome, Chemung, Chenango, Cortland, Onondaga, Schuyler, Tioga, Tompkins"
NY,Farm Credit East,28 E Chautauqua St,"Mayville, NY 14757-0163",Branch,"Cattaraugus, Chautauqua, Erie"
NY,Farm Credit East,130 Upper Weldon St,"St Albans, VT 05478",,"Chittenden, Clinton, Franklin, Grand Isle, Lamoille"
NY,Farm Credit East,4363 Federal Drive,"Batavia, NY 14020-4105",Branch,"Erie, Genesee, Livingston, Monroe, Niagara, Orleans, Wyoming"
NY,Farm Credit East,190 NY Route 9H,"Hudson, NY 12534-3819",Branch,"Albany, Berkshire, Columbia, Dutchess, Greene, Litchfield, Putnam, Rensselaer"
NY,Farm Credit East,7397 NY Route 80,"Cooperstown, NY 13326-3307",Branch,"Albany, Chenango, Delaware, Fulton, Greene, Herkimer, Madison, Montgomery, Oneida, Otsego, Schenectady, Schoharie, Ulster"
NY,Farm Credit East,28 E Chautauqua St,"Mayville, NY 14757-0163",Branch,"Cattaraugus, Chautauqua, Erie"
NY,Farm Credit East,1 Pioneer Drive,"Potsdam, NY 13676-3273",Branch,"Franklin, Hamilton, Herkimer, Saint Lawrence"
NY,Farm Credit East,320 Exchange St,"Middlebury, VT 05753",,"Addison, Bennington, Chittenden, Essex, Rutland, Washington"
NY,Farm Credit East,4363 Federal Drive,"Batavia, NY 14020-4105",Branch,"Erie, Genesee, Livingston, Monroe, Niagara, Orleans, Wyoming"
NY,Farm Credit East,25417 NY Route 12,"Watertown, NY 13601-5730",Branch,"Jefferson, Lewis, Oneida, Oswego"
NY,Farm Credit East,190 NY Route 9H,"Hudson, NY 12534-3819",Branch,"Albany, Berkshire, Columbia, Dutchess, Greene, Litchfield, Putnam, Rensselaer"
NY,Farm Credit East,7397 NY Route 80,"Cooperstown, NY 13326-3307",Branch,"Albany, Chenango, Delaware, Fulton, Greene, Herkimer, Madison, Montgomery, Oneida, Otsego, Schenectady, Schoharie, Ulster"
NY,Farm Credit East,1 Pioneer Drive,"Potsdam, NY 13676-3273",Branch,"Franklin, Hamilton, Herkimer, Saint Lawrence"
NY,Farm Credit East,1281 NY Route 58,"Riverhead, NY 11901-2097",Branch,"Bronx, Kings, Nassau, New York, Queens, Richmond, Suffolk"
NY,Farm Credit East,4363 Federal Drive,"Batavia, NY 14020-4105",Branch,"Erie, Genesee, Livingston, Monroe, Niagara, Orleans, Wyoming"
NY,Farm Credit East,25417 NY Route 12,"Watertown, NY 13601-5730",Branch,"Jefferson, Lewis, Oneida, Oswego"
NY,Farm Credit East,7397 NY Route 80,"Cooperstown, NY 13326-3307",Branch,"Albany, Chenango, Delaware, Fulton, Greene, Herkimer, Madison, Montgomery, Oneida, Otsego, Schenectady, Schoharie, Ulster"
NY,Farm Credit East,1450 NY Route 14,"Phelps, NY 14532-9542",Branch,"Cayuga, Monroe, Ontario, Seneca, Wayne, Yates"
NY,Farm Credit East,1281 NY Route 58,"Riverhead, NY 11901-2097",Branch,"Bronx, Kings, Nassau, New York, Queens, Richmond, Suffolk"
NY,Farm Credit East,4363 Federal Drive,"Batavia, NY 14020-4105",Branch,"Erie, Genesee, Livingston, Monroe, Niagara, Orleans, Wyoming"
NY,Farm Credit East,25417 NY Route 12,"Watertown, NY 13601-5730",Branch,"Jefferson, Lewis, Oneida, Oswego"
NY,Farm Credit East,7397 NY Route 80,"Cooperstown, NY 13326-3307",Branch,"Albany, Chenango, Delaware, Fulton, Greene, Herkimer, Madison, Montgomery, Oneida, Otsego, Schenectady, Schoharie, Ulster"
NY,Farm Credit East,1 Technology Place,"Homer, NY 13077-1526",Branch,"Broome, Chemung, Chenango, Cortland, Onondaga, Schuyler, Tioga, Tompkins"
NY,Farm Credit East,1450 NY Route 14,"Phelps, NY 14532-9542",Branch,"Cayuga, Monroe, Ontario, Seneca, Wayne, Yates"
NY,Farm Credit East,1281 NY Route 58,"Riverhead, NY 11901-2097",Branch,"Bronx, Kings, Nassau, New York, Queens, Richmond, Suffolk"
NY,Farm Credit East,4363 Federal Drive,"Batavia, NY 14020-4105",Branch,"Erie, Genesee, Livingston, Monroe, Niagara, Orleans, Wyoming"
NY,Farm Credit East,25417 NY Route 12,"Watertown, NY 13601-5730",Branch,"Jefferson, Lewis, Oneida, Oswego"
NY,Farm Credit East,190 NY Route 9H,"Hudson, NY 12534-3819",Branch,"Albany, Berkshire, Columbia, Dutchess, Greene, Litchfield, Putnam, Rensselaer"
NY,Farm Credit East,7397 NY Route 80,"Cooperstown, NY 13326-3307",Branch,"Albany, Chenango, Delaware, Fulton, Greene, Herkimer, Madison, Montgomery, Oneida, Otsego, Schenectady, Schoharie, Ulster"
NY,Farm Credit East,394 NY Route 29,"Greenwich, NY 12834-2650",Branch,"Rensselaer, Saratoga, Warren, Washington"
NY,Farm Credit East,1281 NY Route 58,"Riverhead, NY 11901-2097",Branch,"Bronx, Kings, Nassau, New York, Queens, Richmond, Suffolk"
NY,Farm Credit East,7397 NY Route 80,"Cooperstown, NY 13326-3307",Branch,"Albany, Chenango, Delaware, Fulton, Greene, Herkimer, Madison, Montgomery, Oneida, Otsego, Schenectady, Schoharie, Ulster"
NY,Farm Credit East,394 NY Route 29,"Greenwich, NY 12834-2650",Branch,"Rensselaer, Saratoga, Warren, Washington"
NY,Farm Credit East,1281 NY Route 58,"Riverhead, NY 11901-2097",Branch,"Bronx, Kings, Nassau, New York, Queens, Richmond, Suffolk"
NY,Farm Credit East,1 Technology Place,"Homer, NY 13077-1526",Branch,"Broome, Chemung, Chenango, Cortland, Onondaga, Schuyler, Tioga, Tompkins"
NY,Farm Credit East,1450 NY Route 14,"Phelps, NY 14532-9542",Branch,"Cayuga, Monroe, Ontario, Seneca, Wayne, Yates"
NY,Farm Credit East,1155 Airport Road,"Hornell, NY 14843-9144",Branch,"Allegany, Cattaraugus, Steuben"
NY,Farm Credit East,1281 NY Route 58,"Riverhead, NY 11901-2097",Branch,"Bronx, Kings, Nassau, New York, Queens, Richmond, Suffolk"
NY,Farm Credit East,7397 NY Route 80,"Cooperstown, NY 13326-3307",Branch,"Albany, Chenango, Delaware, Fulton, Greene, Herkimer, Madison, Montgomery, Oneida, Otsego, Schenectady, Schoharie, Ulster"
NY,Farm Credit East,1 Technology Place,"Homer, NY 13077-1526",Branch,"Broome, Chemung, Chenango, Cortland, Onondaga, Schuyler, Tioga, Tompkins"
NY,Farm Credit East,1450 NY Route 14,"Phelps, NY 14532-9542",Branch,"Cayuga, Monroe, Ontario, Seneca, Wayne, Yates"
NY,Farm Credit East,394 NY Route 29,"Greenwich, NY 12834-2650",Branch,"Rensselaer, Saratoga, Warren, Washington"
NY,Farm Credit East,4363 Federal Drive,"Batavia, NY 14020-4105",Branch,"Erie, Genesee, Livingston, Monroe, Niagara, Orleans, Wyoming"
NY,Farm Credit East,1450 NY Route 14,"Phelps, NY 14532-9542",Branch,"Cayuga, Monroe, Ontario, Seneca, Wayne, Yates"
NC,AgSouth Farm Credit,620 N First St,"Albemarle, NC 28001",Branch,"Anson, Stanly"
NC,AgSouth Farm Credit,2186 US Highway 220 North,"Ellerbe, NC 28338",Branch,"Anson, Montgomery, Richmond"
NC,AgSouth Farm Credit,225 N Main St,"Graham, NC 27253",Branch,"Alamance, Durham, Orange"
NC,AgSouth Farm Credit,545 E Main St,"Jefferson, NC 28640",Branch,"Ashe, Avery, Watauga"
NC,AgSouth Farm Credit,282 N Main St,"Sparta, NC 28675",Branch,
NC,AgSouth Farm Credit,1218 NC Hwy 90 West,"Taylorsville, NC 28681",Branch,
NC,AgCarolina Farm Credit,408 North Carolina 561 West,"Ahoskie, NC 27910",Branch,"Bertie, Hertford, Northampton"
NC,AgSouth Farm Credit,701 Brevard Rd,"Asheville, NC 28806",Branch,"Buncombe, Haywood, Henderson, Jackson, Transylvania"
NC,AgSouth Farm Credit,1109 Conover Blvd E,"Conover, NC 28613",Branch,"Burke, Caldwell, Catawba"
NC,AgCarolina Farm Credit,108 N Poplar St,"Elizabethtown, NC 28337",Branch,
NC,AgCarolina Farm Credit,300 Liberty St,"Whiteville, NC 28472",Branch,"Brunswick, Columbus"
NC,AgCarolina Farm Credit,1105 Garrett Rd.,"Williamston, NC 27892",Branch,"Beaufort, Martin"
NC,AgSouth Farm Credit,1109 Conover Blvd E,"Conover, NC 28613",Branch,"Burke, Caldwell, Catawba"
NC,AgCarolina Farm Credit,101 Impact Blvd.,"Elizabeth City, NC 27909",Branch,"Camden, Chowan, Currituck, Dare, Gates, Pasquotank, Perquimans"
NC,AgCarolina Farm Credit,1309 S. Glenburnie Rd.,"New Bern, NC 28561",Branch,"Carteret, Craven, Jones, Onslow, Pamlico"
NC,AgSouth Farm Credit,607 Leasburg Rd,"Roxboro, NC 27573",Branch,"Caswell, Person"
NC,AgCarolina Farm Credit,101 Impact Blvd.,"Elizabeth City, NC 27909",Branch,"Camden, Chowan, Currituck, Dare, Gates, Pasquotank, Perquimans"
NC,AgSouth Farm Credit,105 Hiwassee St,"Murphy, NC 28906",Branch,"Cherokee, Clay, Graham, Macon, Swain"
NC,AgSouth Farm Credit,1216 Fallston Rd,"Shelby, NC 28150",Branch,
NC,AgSouth Farm Credit,110 E Beaver St,"Siler City, NC 27344",Branch,
NC,AgCarolina Farm Credit,300 Liberty St,"Whiteville, NC 28472",Branch,"Brunswick, Columbus"
NC,AgCarolina Farm Credit,101 Impact Blvd.,"Elizabeth City, NC 27909",Branch,"Camden, Chowan, Currituck, Dare, Gates, Pasquotank, Perquimans"
NC,AgCarolina Farm Credit,1309 S. Glenburnie Rd.,"New Bern, NC 28561",Branch,"Carteret, Craven, Jones, Onslow, Pamlico"
NC,AgSouth Farm Credit,1001 S State St,"Yadkinville, NC 27055",Branch,"Davie, Yadkin"
NC,AgSouth Farm Credit,225 N Main St,"Graham, NC 27253",Branch,"Alamance, Durham, Orange"
NC,AgCarolina Farm Credit,127 Beasley Street,"Kenansville, NC 28349",Branch,
NC,AgSouth Farm Credit,813 W Hwy 150,"Lincolnton, NC 28092",Branch,"Gaston, Lincoln, Mecklenburg"
NC,AgCarolina Farm Credit,222 N. Bickett Blvd.,"Louisburg, NC 27549",Branch,"Franklin, Granville, Vance, Warren"
NC,AgCarolina Farm Credit,2472 Woodruff Rd.,"Rocky Mount, NC 27804",Branch,"Edgecombe, Nash"
NC,AgSouth Farm Credit,340 Bethania Rural Hall Rd,"Rural Hall, NC 27045",Branch,"Forsyth, Stokes"
NC,AgSouth Farm Credit,4960 Oldway Rd,"Browns Summit, NC 27214",Branch,"Guilford, Rockingham"
NC,AgCarolina Farm Credit,101 Impact Blvd.,"Elizabeth City, NC 27909",Branch,"Camden, Chowan, Currituck, Dare, Gates, Pasquotank, Perquimans"
NC,AgCarolina Farm Credit,636 Rock Spring RD,"Greenville, NC 27834",Branch,"Greene, Pitt"
NC,AgCarolina Farm Credit,419 S. King St.,"Halifax, NC 27839",Branch,
NC,AgCarolina Farm Credit,222 N. Bickett Blvd.,"Louisburg, NC 27549",Branch,"Franklin, Granville, Vance, Warren"
NC,AgSouth Farm Credit,105 Hiwassee St,"Murphy, NC 28906",Branch,"Cherokee, Clay, Graham, Macon, Swain"
NC,AgCarolina Farm Credit,408 North Carolina 561 West,"Ahoskie, NC 27910",Branch,"Bertie, Hertford, Northampton"
NC,AgSouth Farm Credit,701 Brevard Rd,"Asheville, NC 28806",Branch,"Buncombe, Haywood, Henderson, Jackson, Transylvania"
NC,AgCarolina Farm Credit,400 W Broad Street,"Dunn, NC 28334",Branch,
NC,AgCarolina Farm Credit,331 S Main St,"Raeford, NC 28376",Branch,"Hoke, Scotland"
NC,AgCarolina Farm Credit,13191 US Hwy 264,"Swan Quarter, NC 27885",Branch,"Hyde, Tyrrell, Washington"
NC,AgSouth Farm Credit,701 Brevard Rd,"Asheville, NC 28806",Branch,"Buncombe, Haywood, Henderson, Jackson, Transylvania"
NC,AgSouth Farm Credit,4444 US HWY 15-501,"Carthage, NC 28327",Branch,"Lee, Moore"
NC,AgCarolina Farm Credit,7900 Hwy. 70 West,"LaGrange, NC 28551",Branch,
NC,AgCarolina Farm Credit,1309 S. Glenburnie Rd.,"New Bern, NC 28561",Branch,"Carteret, Craven, Jones, Onslow, Pamlico"
NC,AgCarolina Farm Credit,2850 US Hwy. 70 Bus. East,"Smithfield, NC 27577",Branch,"Johnston, Wayne, Wilson"
NC,AgSouth Farm Credit,1704 Wilkesboro Rd,"Statesville, NC 28625",Branch,
NC,AgSouth Farm Credit,502 W Main St,"Burnsville, NC 28714",Branch,"Madison, Mitchell, Yancey"
NC,AgSouth Farm Credit,813 W Hwy 150,"Lincolnton, NC 28092",Branch,"Gaston, Lincoln, Mecklenburg"
NC,AgSouth Farm Credit,2351 Concord Avenue,"Monroe, NC 28112",Branch,"Mecklenburg, Union"
NC,AgSouth Farm Credit,105 Hiwassee St,"Murphy, NC 28906",Branch,"Cherokee, Clay, Graham, Macon, Swain"
NC,AgSouth Farm Credit,405 Oak St,"Spindale, NC 28160",Branch,"McDowell, Polk, Rutherford"
NC,AgCarolina Farm Credit,1105 Garrett Rd.,"Williamston, NC 27892",Branch,"Beaufort, Martin"
NC,AgCarolina Farm Credit,408 North Carolina 561 West,"Ahoskie, NC 27910",Branch,"Bertie, Hertford, Northampton"
NC,AgCarolina Farm Credit,811 S Walker Street,"Burgaw, NC 28425",Branch,"New Hanover, Pender"
NC,AgSouth Farm Credit,502 W Main St,"Burnsville, NC 28714",Branch,"Madison, Mitchell, Yancey"
NC,AgSouth Farm Credit,4444 US HWY 15-501,"Carthage, NC 28327",Branch,"Lee, Moore"
NC,AgSouth Farm Credit,2186 US Highway 220 North,"Ellerbe, NC 28338",Branch,"Anson, Montgomery, Richmond"
NC,AgCarolina Farm Credit,2472 Woodruff Rd.,"Rocky Mount, NC 27804",Branch,"Edgecombe, Nash"
NC,AgCarolina Farm Credit,811 S Walker Street,"Burgaw, NC 28425",Branch,"New Hanover, Pender"
NC,AgCarolina Farm Credit,101 Impact Blvd.,"Elizabeth City, NC 27909",Branch,"Camden, Chowan, Currituck, Dare, Gates, Pasquotank, Perquimans"
NC,AgSouth Farm Credit,225 N Main St,"Graham, NC 27253",Branch,"Alamance, Durham, Orange"
NC,AgCarolina Farm Credit,1309 S. Glenburnie Rd.,"New Bern, NC 28561",Branch,"Carteret, Craven, Jones, Onslow, Pamlico"
NC,AgSouth Farm Credit,251 Rock Crusher Rd,"Asheboro, NC 27203",Branch,
NC,AgSouth Farm Credit,2186 US Highway 220 North,"Ellerbe, NC 28338",Branch,"Anson, Montgomery, Richmond"
NC,AgCarolina Farm Credit,636 Rock Spring RD,"Greenville, NC 27834",Branch,"Greene, Pitt"
NC,AgCarolina Farm Credit,1902 N Cedar St,"Lumberton, NC 28358",Branch,
NC,AgSouth Farm Credit,607 Leasburg Rd,"Roxboro, NC 27573",Branch,"Caswell, Person"
NC,AgSouth Farm Credit,405 Oak St,"Spindale, NC 28160",Branch,"McDowell, Polk, Rutherford"
NC,AgSouth Farm Credit,620 N First St,"Albemarle, NC 28001",Branch,"Anson, Stanly"
NC,AgSouth Farm Credit,4960 Oldway Rd,"Browns Summit, NC 27214",Branch,"Guilford, Rockingham"
NC,AgCarolina Farm Credit,1780 Southeast Blvd,"Clinton, NC 28328",Branch,
NC,AgCarolina Farm Credit,331 S Main St,"Raeford, NC 28376",Branch,"Hoke, Scotland"
NC,AgSouth Farm Credit,405 Oak St,"Spindale, NC 28160",Branch,"McDowell, Polk, Rutherford"
NC,AgSouth Farm Credit,701 Brevard Rd,"Asheville, NC 28806",Branch,"Buncombe, Haywood, Henderson, Jackson, Transylvania"
NC,AgSouth Farm Credit,2351 Concord Avenue,"Monroe, NC 28112",Branch,"Mecklenburg, Union"
NC,AgSouth Farm Credit,105 Hiwassee St,"Murphy, NC 28906",Branch,"Cherokee, Clay, Graham, Macon, Swain"
NC,AgSouth Farm Credit,698 S Key St,"Pilot Mountain, NC 27041",Branch,"Stokes, Surry"
NC,AgSouth Farm Credit,340 Bethania Rural Hall Rd,"Rural Hall, NC 27045",Branch,"Forsyth, Stokes"
NC,AgCarolina Farm Credit,13191 US Hwy 264,"Swan Quarter, NC 27885",Branch,"Hyde, Tyrrell, Washington"
NC,AgSouth Farm Credit,545 E Main St,"Jefferson, NC 28640",Branch,"Ashe, Avery, Watauga"
NC,AgCarolina Farm Credit,222 N. Bickett Blvd.,"Louisburg, NC 27549",Branch,"Franklin, Granville, Vance, Warren"
NC,AgCarolina Farm Credit,4000 Poole Rd.,"Raleigh, NC 27610",Branch,
NC,AgCarolina Farm Credit,2850 US Hwy. 70 Bus. East,"Smithfield, NC 27577",Branch,"Johnston, Wayne, Wilson"
NC,AgCarolina Farm Credit,13191 US Hwy 264,"Swan Quarter, NC 27885",Branch,"Hyde, Tyrrell, Washington"
NC,AgSouth Farm Credit,502 W Main St,"Burnsville, NC 28714",Branch,"Madison, Mitchell, Yancey"
NC,AgCarolina Farm Credit,2850 US Hwy. 70 Bus. East,"Smithfield, NC 27577",Branch,"Johnston, Wayne, Wilson"
NC,AgSouth Farm Credit,902 Curtis Bridge Rd,"Wilkesboro, NC 28697",Branch,
NC,AgSouth Farm Credit,1001 S State St,"Yadkinville, NC 27055",Branch,"Davie, Yadkin"
ND,AgCountry Farm Credit Services,1308 Highway 5 NE,"Bottineau, ND 58318",Branch,"Bottineau, Rolette"
ND,Farm Credit Services of Mandan,107 Hwy 12 West,"Bowman, ND 58623",Branch,"Bowman, Slope"
ND,Farm Credit Services of Mandan,1300 Roughrider Blvd,"Dickinson, ND 58601-6806",Branch,"Billings, Dunn, Golden Valley, Stark"
ND,AgCountry Farm Credit Services,1650 9th Ave SE,"Rugby, ND 58368",Branch,"Benson, Pierce"
ND,AgCountry Farm Credit Services,220 Winter Show Road SW,"Valley City, ND 58072",Branch,
ND,AgCountry Farm Credit Services,1900 44th St South,"Fargo, ND 58103",Branch,"Cass, Cass, Clay"
ND,AgCountry Farm Credit Services,200 1st Street SW,"LaMoure, ND 58458",Branch,"Dickey, Lamoure"
ND,Farm Credit Services of Mandan,1600 Old Red Trail,"Mandan, ND 58554",Branch,"Burleigh, Emmons, Kidder, Morton, Oliver, Sheridan, Sioux"
ND,AgCountry Farm Credit Services,1400 31st Ave SW,"Minot, ND 58702",Branch,"Burke, McHenry, McLean, Mountrail, Renville, Sheridan, Ward"
ND,AgCountry Farm Credit Services,1802 13th Ave W,"Williston, ND 58801",Branch,"Divide, McKenzie, Williams"
ND,AgCountry Farm Credit Services,385 Highway 281 NE,"Carrington, ND 58421",Branch,"Eddy, Foster, Sheridan, Wells"
ND,Farm Credit Services of Mandan,1300 Roughrider Blvd,"Dickinson, ND 58601-6806",Branch,"Billings, Dunn, Golden Valley, Stark"
ND,AgCountry Farm Credit Services,4350 32nd Avenue South,"Grand Forks, ND 58208-3570",Branch,"Grand Forks, Steele"
ND,Farm Credit Services of Mandan,1600 Old Red Trail,"Mandan, ND 58554",Branch,"Burleigh, Emmons, Kidder, Morton, Oliver, Sheridan, Sioux"
ND,Farm Credit Services of Mandan,1207 Beaver Avenue,"Wishek, ND 58495",Branch,"Emmons, Logan, McIntosh"
ND,Farm Credit Services of Mandan,108 First Ave East,"Carson, ND 58529",Branch,
ND,AgCountry Farm Credit Services,200 1st Street SW,"LaMoure, ND 58458",Branch,"Dickey, Lamoure"
ND,Farm Credit Services of Mandan,1600 Old Red Trail,"Mandan, ND 58554",Branch,"Burleigh, Emmons, Kidder, Morton, Oliver, Sheridan, Sioux"
ND,Farm Credit Services of Mandan,1207 Beaver Avenue,"Wishek, ND 58495",Branch,"Emmons, Logan, McIntosh"
ND,AgWest Farm Credit,123 N Central Ave,"Sidney, MT 59270-4119",Branch,"Daniels, Dawson, McCone, McKenzie, Prairie, Richland, Richland, Roosevelt, Sheridan, Sheridan, Wibaux, Williams"
ND,Farm Credit Services of Mandan,213 Hwy 49 North,"Beulah, ND 58523",Branch,
ND,Farm Credit Services of Mandan,1600 Old Red Trail,"Mandan, ND 58554",Branch,"Burleigh, Emmons, Kidder, Morton, Oliver, Sheridan, Sioux"
ND,AgCountry Farm Credit Services,1400 31st Ave SW,"Minot, ND 58702",Branch,"Burke, McHenry, McLean, Mountrail, Renville, Sheridan, Ward"
ND,Farm Credit Services of Mandan,1157 Border Lane,"Washburn, ND 58577",Branch,
ND,AgCountry Farm Credit Services,1802 13th Ave W,"Williston, ND 58801",Branch,"Divide, McKenzie, Williams"
ND,Farm Credit Services of Mandan,1207 Beaver Avenue,"Wishek, ND 58495",Branch,"Emmons, Logan, McIntosh"
ND,AgCountry Farm Credit Services,300 Main Street West,"Cavalier, ND 58220",Branch,
ND,AgCountry Farm Credit Services,707 Hwy 2 East,"Devils Lake, ND 58301",Branch,"Nelson, Ramsey, Towner"
ND,Farm Credit Services of Mandan,1600 Old Red Trail,"Mandan, ND 58554",Branch,"Burleigh, Emmons, Kidder, Morton, Oliver, Sheridan, Sioux"
ND,AgCountry Farm Credit Services,1400 31st Ave SW,"Minot, ND 58702",Branch,"Burke, McHenry, McLean, Mountrail, Renville, Sheridan, Ward"
ND,AgCountry Farm Credit Services,1650 9th Ave SE,"Rugby, ND 58368",Branch,"Benson, Pierce"
ND,AgWest Farm Credit,123 N Central Ave,"Sidney, MT 59270-4119",Branch,"Daniels, Dawson, McCone, McKenzie, Prairie, Richland, Richland, Roosevelt, Sheridan, Sheridan, Wibaux, Williams"
ND,AgCountry Farm Credit Services,1308 Highway 5 NE,"Bottineau, ND 58318",Branch,"Bottineau, Rolette"
ND,AgCountry Farm Credit Services,385 Highway 281 NE,"Carrington, ND 58421",Branch,"Eddy, Foster, Sheridan, Wells"
ND,AgCountry Farm Credit Services,604 Main Street,"Lisbon, ND 58054",Branch,"Ransom, Sargent"
ND,Farm Credit Services of Mandan,1600 Old Red Trail,"Mandan, ND 58554",Branch,"Burleigh, Emmons, Kidder, Morton, Oliver, Sheridan, Sioux"
ND,AgCountry Farm Credit Services,1400 31st Ave SW,"Minot, ND 58702",Branch,"Burke, McHenry, McLean, Mountrail, Renville, Sheridan, Ward"
ND,AgCountry Farm Credit Services,1982 Two Ten Drive,"Wahpeton, ND 58075",Branch,"Richland, Wilkin"
ND,Farm Credit Services of Mandan,107 Hwy 12 West,"Bowman, ND 58623",Branch,"Bowman, Slope"
ND,AgCountry Farm Credit Services,707 Hwy 2 East,"Devils Lake, ND 58301",Branch,"Nelson, Ramsey, Towner"
ND,Farm Credit Services of Mandan,1300 Roughrider Blvd,"Dickinson, ND 58601-6806",Branch,"Billings, Dunn, Golden Valley, Stark"
ND,AgCountry Farm Credit Services,4350 32nd Avenue South,"Grand Forks, ND 58208-3570",Branch,"Grand Forks, Steele"
ND,AgCountry Farm Credit Services,2506 3rd Ave SW,"Jamestown, ND 58401",Branch,
ND,Farm Credit Services of Mandan,1600 Old Red Trail,"Mandan, ND 58554",Branch,"Burleigh, Emmons, Kidder, Morton, Oliver, Sheridan, Sioux"
ND,AgWest Farm Credit,123 N Central Ave,"Sidney, MT 59270-4119",Branch,"Daniels, Dawson, McCone, McKenzie, Prairie, Richland, Richland, Roosevelt, Sheridan, Sheridan, Wibaux, Williams"
ND,AgCountry Farm Credit Services,385 Highway 281 NE,"Carrington, ND 58421",Branch,"Eddy, Foster, Sheridan, Wells"
ND,AgCountry Farm Credit Services,1005 Hill Ave,"Grafton, ND 58237-2225",Branch,
ND,AgCountry Farm Credit Services,802 W Caledonia Ave,"Hillsboro, ND 58045",Branch,
ND,AgCountry Farm Credit Services,1400 31st Ave SW,"Minot, ND 58702",Branch,"Burke, McHenry, McLean, Mountrail, Renville, Sheridan, Ward"
ND,AgCountry Farm Credit Services,1802 13th Ave W,"Williston, ND 58801",Branch,"Divide, McKenzie, Williams"
OH,Farm Credit Mid-America,2368 Blizzard Lane,"Albany, OH 45710",Branch,"Athens, Gallia, Meigs, Monroe, Morgan, Vinton, Washington"
OH,Farm Credit Mid-America,1625 E 5th St,"Delphos, OH 45833",Branch,"Allen, Auglaize, Paulding, Putnam, Van Wert"
OH,Farm Credit Mid-America,875 N Lexington-Springmill Rd,"Mansfield, OH 44906",Branch,"Ashland, Morrow, Richland"
OH,Farm Credit Mid-America,100 Grieshop Street,"Mt. Orab, OH 45154",Branch,"Adams, Brown, Clermont, Highland"
OH,Farm Credit Mid-America,300 N Maple St,"Orwell, OH 44076",Branch,"Ashtabula, Geauga, Lake, Trumbull"
OH,Farm Credit Mid-America,1980 W Main Street,"Alliance, OH 44601",Branch,"Carroll, Columbiana, Jefferson, Mahoning, Portage, Stark"
OH,Farm Credit Mid-America,8971 Whitaker Rd,"Cambridge, OH 43725",Branch,"Belmont, Guernsey, Monroe, Morgan, Muskingum, Noble, Perry, Washington"
OH,Farm Credit Mid-America,312 Eaton Lewisburg Rd,"Eaton, OH 45320",Branch,"Butler, Hamilton, Montgomery, Preble, Warren"
OH,Farm Credit Mid-America,100 Grieshop Street,"Mt. Orab, OH 45154",Branch,"Adams, Brown, Clermont, Highland"
OH,Farm Credit Mid-America,2241 Troy Rd,"Springfield, OH 45504",Branch,"Champaign, Clark, Greene"
OH,Farm Credit Mid-America,1980 W Main Street,"Alliance, OH 44601",Branch,"Carroll, Columbiana, Jefferson, Mahoning, Portage, Stark"
OH,Ag Credit,3113 SR 98,"Bucyrus, OH 44820-0488",Branch,
OH,Farm Credit Mid-America,100 Grieshop Street,"Mt. Orab, OH 45154",Branch,"Adams, Brown, Clermont, Highland"
OH,Farm Credit Mid-America,1540 US Hwy 62 SW,"Washington Court House, OH 43160",Branch,"Clinton, Fayette"
OH,Farm Credit Mid-America,23052 St Rt 34,"Stryker, OH 43557",Branch,"Defiance, Fulton, Henry, Paulding"
OH,Ag Credit,735 A US Highway 20 East,"Norwalk, OH 44857",Branch,"Erie, Huron"
OH,Farm Credit Mid-America,3910 Johnsontown-Utica Rd NE,"Utica, OH 43080",Branch,"Delaware, Fairfield, Licking"
OH,Farm Credit Mid-America,10539 Kley Rd,"Versailles, OH 45380",Branch,"Darke, Miami, Shelby"
OH,Farm Credit Mid-America,1540 US Hwy 62 SW,"Washington Court House, OH 43160",Branch,"Clinton, Fayette"
OH,Farm Credit Mid-America,2368 Blizzard Lane,"Albany, OH 45710",Branch,"Athens, Gallia, Meigs, Monroe, Morgan, Vinton, Washington"
OH,Farm Credit Mid-America,23052 St Rt 34,"Stryker, OH 43557",Branch,"Defiance, Fulton, Henry, Paulding"
OH,Farm Credit Mid-America,8971 Whitaker Rd,"Cambridge, OH 43725",Branch,"Belmont, Guernsey, Monroe, Morgan, Muskingum, Noble, Perry, Washington"
OH,Farm Credit Mid-America,300 N Maple St,"Orwell, OH 44076",Branch,"Ashtabula, Geauga, Lake, Trumbull"
OH,Farm Credit Mid-America,2241 Troy Rd,"Springfield, OH 45504",Branch,"Champaign, Clark, Greene"
OH,Farm Credit Mid-America,23052 St Rt 34,"Stryker, OH 43557",Branch,"Defiance, Fulton, Henry, Paulding"
OH,Farm Credit Mid-America,1640 North Main St,"Bellefontaine, OH 43311",Branch,"Hardin, Logan, Union"
OH,Farm Credit Mid-America,312 Eaton Lewisburg Rd,"Eaton, OH 45320",Branch,"Butler, Hamilton, Montgomery, Preble, Warren"
OH,Ag Credit,7868 County Road 140,"Findlay, OH 45840-1819",Branch,
OH,Ag Credit,PO Box 203,"Kenton, OH 43326-2601",Branch,
OH,Farm Credit Mid-America,100 Grieshop Street,"Mt. Orab, OH 45154",Branch,"Adams, Brown, Clermont, Highland"
OH,Ag Credit,1485 N Scott St,"Napoleon, OH 43545",Branch,"Henry, Paulding"
OH,Farm Credit Mid-America,1980 W Main Street,"Alliance, OH 44601",Branch,"Carroll, Columbiana, Jefferson, Mahoning, Portage, Stark"
OH,Farm Credit Mid-America,28184 Scippo Creek Road,"Circleville, OH 43113",Branch,"Hocking, Pickaway, Ross"
OH,Ag Credit,735 A US Highway 20 East,"Norwalk, OH 44857",Branch,"Erie, Huron"
OH,Farm Credit Mid-America,382 W Liberty St,"Wooster, OH 44691",Branch,"Holmes, Wayne"
OH,Farm Credit Mid-America,1640 North Main St,"Bellefontaine, OH 43311",Branch,"Hardin, Logan, Union"
OH,Ag Credit,111 E Gypsy Lane Rd,"Bowling Green, OH 43402",Branch,"Lucas, Wood"
OH,Ag Credit,104 Pinnacle Drive,"Fremont, OH 43420-7400",Branch,"Lucas, Ottawa, Sandusky"
OH,Farm Credit Mid-America,300 N Maple St,"Orwell, OH 44076",Branch,"Ashtabula, Geauga, Lake, Trumbull"
OH,Farm Credit Mid-America,3910 Johnsontown-Utica Rd NE,"Utica, OH 43080",Branch,"Delaware, Fairfield, Licking"
OH,Ag Credit,311 Maple St.,"Wellington, OH 44090",Branch,
OH,Farm Credit Mid-America,2368 Blizzard Lane,"Albany, OH 45710",Branch,"Athens, Gallia, Meigs, Monroe, Morgan, Vinton, Washington"
OH,Farm Credit Mid-America,1980 W Main Street,"Alliance, OH 44601",Branch,"Carroll, Columbiana, Jefferson, Mahoning, Portage, Stark"
OH,Farm Credit Mid-America,1225 Irmscher Blvd,"Celina, OH 45822-8310",Branch,
OH,Ag Credit,1100 E Center St,"Marion, OH 43302-4498",Branch,
OH,Farm Credit Mid-America,2368 Blizzard Lane,"Albany, OH 45710",Branch,"Athens, Gallia, Meigs, Monroe, Morgan, Vinton, Washington"
OH,Farm Credit Mid-America,8971 Whitaker Rd,"Cambridge, OH 43725",Branch,"Belmont, Guernsey, Monroe, Morgan, Muskingum, Noble, Perry, Washington"
OH,Farm Credit Mid-America,312 Eaton Lewisburg Rd,"Eaton, OH 45320",Branch,"Butler, Hamilton, Montgomery, Preble, Warren"
OH,Farm Credit Mid-America,875 N Lexington-Springmill Rd,"Mansfield, OH 44906",Branch,"Ashland, Morrow, Richland"
OH,Ag Credit,5362 US Highway 42,"Mount Gilead, OH 43338-1145",Branch,
OH,Farm Credit Mid-America,10539 Kley Rd,"Versailles, OH 45380",Branch,"Darke, Miami, Shelby"
OH,Farm Credit Mid-America,23052 St Rt 34,"Stryker, OH 43557",Branch,"Defiance, Fulton, Henry, Paulding"
OH,Farm Credit Mid-America,8971 Whitaker Rd,"Cambridge, OH 43725",Branch,"Belmont, Guernsey, Monroe, Morgan, Muskingum, Noble, Perry, Washington"
OH,Farm Credit Mid-America,28184 Scippo Creek Road,"Circleville, OH 43113",Branch,"Hocking, Pickaway, Ross"
OH,Farm Credit Mid-America,1625 E 5th St,"Delphos, OH 45833",Branch,"Allen, Auglaize, Paulding, Putnam, Van Wert"
OH,Ag Credit,104 Pinnacle Drive,"Fremont, OH 43420-7400",Branch,"Lucas, Ottawa, Sandusky"
OH,Ag Credit,1485 N Scott St,"Napoleon, OH 43545",Branch,"Henry, Paulding"
OH,Ag Credit,839 N Williams ST,"Paulding, OH 45879",Branch,"Paulding, Van Wert"
OH,Ag Credit,1195 Professional Dr,"Van Wert, OH 45891-2462",Branch,"Paulding, Van Wert"
OH,Farm Credit Mid-America,1980 W Main Street,"Alliance, OH 44601",Branch,"Carroll, Columbiana, Jefferson, Mahoning, Portage, Stark"
OH,Farm Credit Mid-America,28184 Scippo Creek Road,"Circleville, OH 43113",Branch,"Hocking, Pickaway, Ross"
OH,Farm Credit Mid-America,1625 E 5th St,"Delphos, OH 45833",Branch,"Allen, Auglaize, Paulding, Putnam, Van Wert"
OH,Farm Credit Mid-America,312 Eaton Lewisburg Rd,"Eaton, OH 45320",Branch,"Butler, Hamilton, Montgomery, Preble, Warren"
OH,Ag Credit,104 Pinnacle Drive,"Fremont, OH 43420-7400",Branch,"Lucas, Ottawa, Sandusky"
OH,Farm Credit Mid-America,875 N Lexington-Springmill Rd,"Mansfield, OH 44906",Branch,"Ashland, Morrow, Richland"
OH,Ag Credit,315 W Williamstown RD,"Ottawa, OH 45875",Branch,
OH,Farm Credit Mid-America,1980 W Main Street,"Alliance, OH 44601",Branch,"Carroll, Columbiana, Jefferson, Mahoning, Portage, Stark"
OH,Farm Credit Mid-America,300 N Maple St,"Orwell, OH 44076",Branch,"Ashtabula, Geauga, Lake, Trumbull"
OH,Ag Credit,2500 W Market ST,"Tiffin, OH 44883-9799",Branch,
OH,Farm Credit Mid-America,10539 Kley Rd,"Versailles, OH 45380",Branch,"Darke, Miami, Shelby"
OH,Farm Credit Mid-America,2368 Blizzard Lane,"Albany, OH 45710",Branch,"Athens, Gallia, Meigs, Monroe, Morgan, Vinton, Washington"
OH,Farm Credit Mid-America,1640 North Main St,"Bellefontaine, OH 43311",Branch,"Hardin, Logan, Union"
OH,Farm Credit Mid-America,8971 Whitaker Rd,"Cambridge, OH 43725",Branch,"Belmont, Guernsey, Monroe, Morgan, Muskingum, Noble, Perry, Washington"
OH,Farm Credit Mid-America,1625 E 5th St,"Delphos, OH 45833",Branch,"Allen, Auglaize, Paulding, Putnam, Van Wert"
OH,Farm Credit Mid-America,312 Eaton Lewisburg Rd,"Eaton, OH 45320",Branch,"Butler, Hamilton, Montgomery, Preble, Warren"
OH,Ag Credit,839 N Williams ST,"Paulding, OH 45879",Branch,"Paulding, Van Wert"
OH,Ag Credit,1195 Professional Dr,"Van Wert, OH 45891-2462",Branch,"Paulding, Van Wert"
OH,Ag Credit,111 E Gypsy Lane Rd,"Bowling Green, OH 43402",Branch,"Lucas, Wood"
OH,Ag Credit,97 Houpt Dr,"Upper Sandusky, OH 43351",Branch,
OH,Farm Credit Mid-America,382 W Liberty St,"Wooster, OH 44691",Branch,"Holmes, Wayne"
OK,Oklahoma AgCredit,2801 W University Blvd,"Durant, OK 74701",Branch,"Atoka, Bryan, Choctaw, Coal, Johnston, Marshall, McCurtain, Pushmataha"
OK,Farm Credit of Western Oklahoma,101 Carter Road,"Elk City, OK 73644",Branch,"Beckham, Roger Mills"
OK,Oklahoma AgCredit,805 Chisholm Trail,"Enid, OK 73702",Branch,"Alfalfa, Garfield, Grant, Major"
OK,Farm Credit of Western Oklahoma,2143 Hwy 64 North,"Guymon, OK 73942",Branch,"Beaver, Cimarron, Texas"
OK,Oklahoma AgCredit,17765 U. S. Hwy 81,"Kingfisher, OK 73750",Branch,"Blaine, Canadian, Kingfisher, Logan"
OK,Oklahoma AgCredit,2810 W. Shawnee Bypass,"Muskogee, OK 74401",Branch,"Adair, Cherokee, McIntosh, Muskogee, Sequoyah, Wagoner"
OK,Oklahoma AgCredit,1420 N. Clarence Nash Blvd,"Watonga, OK 73772",Branch,
OK,Farm Credit of Western Oklahoma,513 S. Mission,"Anadarko, OK 73005",Branch,"Caddo, Comanche"
OK,Oklahoma AgCredit,2507 North Rockford Rd,"Ardmore, OK 73401",Branch,"Carter, Jefferson, Love"
OK,Oklahoma AgCredit,1027 W. Choctaw,"Chickasha, OK 73018",Branch,"Caddo, Cleveland, Grady, McClain, Pontotoc, Pottawatomie, Seminole"
OK,Oklahoma AgCredit,2801 W University Blvd,"Durant, OK 74701",Branch,"Atoka, Bryan, Choctaw, Coal, Johnston, Marshall, McCurtain, Pushmataha"
OK,Oklahoma AgCredit,2108 SE Washington,"Idabel, OK 74745",Branch,"Choctaw, McCurtain, Pushmataha"
OK,Oklahoma AgCredit,17765 U. S. Hwy 81,"Kingfisher, OK 73750",Branch,"Blaine, Canadian, Kingfisher, Logan"
OK,Oklahoma AgCredit,2810 W. Shawnee Bypass,"Muskogee, OK 74401",Branch,"Adair, Cherokee, McIntosh, Muskogee, Sequoyah, Wagoner"
OK,Farm Credit of Western Oklahoma,3120 N Main ST,"Altus, OK 73521-1305",Branch,"Cotton, Greer, Harmon, Jackson, Kiowa, Tillman"
OK,Farm Credit of Western Oklahoma,513 S. Mission,"Anadarko, OK 73005",Branch,"Caddo, Comanche"
OK,Oklahoma AgCredit,1027 W. Choctaw,"Chickasha, OK 73018",Branch,"Caddo, Cleveland, Grady, McClain, Pontotoc, Pottawatomie, Seminole"
OK,Oklahoma AgCredit,1902 S. Hwy 81,"Duncan, OK 73533",Branch,"Comanche, Cotton, Jefferson, Stephens"
OK,Oklahoma AgCredit,2801 W University Blvd,"Durant, OK 74701",Branch,"Atoka, Bryan, Choctaw, Coal, Johnston, Marshall, McCurtain, Pushmataha"
OK,Farm Credit of Western Oklahoma,2143 Hwy 64 North,"Guymon, OK 73942",Branch,"Beaver, Cimarron, Texas"
OK,Oklahoma AgCredit,"2801 N. Kickapoo, Suite B","Shawnee, OK 74802",Branch,"Cleveland, Pontotoc, Pottawatomie, Seminole"
OK,Farm Credit of Western Oklahoma,4955 Farm Credit Drive,"Tuttle, OK 73089",Branch,"Cleveland, Grady, McClain"
OK,Oklahoma AgCredit,265 W. Dwain Willis Ave,"Vinita, OK 74301",Branch,"Craig, Delaware, Mayes, Nowata, Ottawa, Washington"
OK,Oklahoma AgCredit,601 E. Kenosha St.,"Broken Arrow, OK 74012",Branch,"Creek, Okfuskee, Okmulgee, Osage, Rogers, Tulsa, Wagoner"
OK,Farm Credit of Western Oklahoma,2600 Modelle,"Clinton, OK 73601",Branch,"Custer, Dewey, Washita"
OK,Oklahoma AgCredit,805 Chisholm Trail,"Enid, OK 73702",Branch,"Alfalfa, Garfield, Grant, Major"
OK,Oklahoma AgCredit,519 E 32nd Ave,"Stillwater, OK 74074",Branch,"Creek, Kay, Lincoln, Logan, Noble, Oklahoma, Pawnee, Payne"
OK,Oklahoma AgCredit,265 W. Dwain Willis Ave,"Vinita, OK 74301",Branch,"Craig, Delaware, Mayes, Nowata, Ottawa, Washington"
OK,Farm Credit of Western Oklahoma,3302 Williams Ave,"Woodward, OK 73801",Branch,"Ellis, Harper, Woodward"
OK,Farm Credit of Western Oklahoma,3120 N Main ST,"Altus, OK 73521-1305",Branch,"Cotton, Greer, Harmon, Jackson, Kiowa, Tillman"
OK,Farm Credit of Western Oklahoma,219 Oklahoma Blvd,"Alva, OK 73717",Branch,"Harper, Woods"
OK,Oklahoma AgCredit,1027 W. Choctaw,"Chickasha, OK 73018",Branch,"Caddo, Cleveland, Grady, McClain, Pontotoc, Pottawatomie, Seminole"
OK,Oklahoma AgCredit,805 Chisholm Trail,"Enid, OK 73702",Branch,"Alfalfa, Garfield, Grant, Major"
OK,Oklahoma AgCredit,509 W. Paul,"Pauls Valley, OK 73075",Branch,"Garvin, McClain, Murray, Pontotoc"
OK,Farm Credit of Western Oklahoma,4955 Farm Credit Drive,"Tuttle, OK 73089",Branch,"Cleveland, Grady, McClain"
OK,Farm Credit of Western Oklahoma,3302 Williams Ave,"Woodward, OK 73801",Branch,"Ellis, Harper, Woodward"
OK,American AgCredit,4105 N Ridge RD,"Wichita, KS 67205",Branch,"Butler, Chautauqua, Cowley, Elk, Greenwood, Harvey, Kay, Noble, Osage, Sedgwick, Sumner"
OK,Farm Credit of Western Oklahoma,3120 N Main ST,"Altus, OK 73521-1305",Branch,"Cotton, Greer, Harmon, Jackson, Kiowa, Tillman"
OK,Oklahoma AgCredit,2507 North Rockford Rd,"Ardmore, OK 73401",Branch,"Carter, Jefferson, Love"
OK,Oklahoma AgCredit,1902 S. Hwy 81,"Duncan, OK 73533",Branch,"Comanche, Cotton, Jefferson, Stephens"
OK,Oklahoma AgCredit,2801 W University Blvd,"Durant, OK 74701",Branch,"Atoka, Bryan, Choctaw, Coal, Johnston, Marshall, McCurtain, Pushmataha"
OK,Oklahoma AgCredit,1104 S. George Nigh Expressway,"McAlester, OK 74501",Branch,"Haskell, Hughes, Latimer, McIntosh, Pittsburg, Seminole"
OK,Oklahoma AgCredit,536 Leahy Ave,"Pawhuska, OK 74056",Branch,"Kay, Osage"
OK,Oklahoma AgCredit,28824 State Hwy 112,"Poteau, OK 74953",Branch,"Haskell, Latimer, LeFlore"
OK,Oklahoma AgCredit,519 E 32nd Ave,"Stillwater, OK 74074",Branch,"Creek, Kay, Lincoln, Logan, Noble, Oklahoma, Pawnee, Payne"
OK,Farm Credit of Western Oklahoma,3120 N Main ST,"Altus, OK 73521-1305",Branch,"Cotton, Greer, Harmon, Jackson, Kiowa, Tillman"
OK,Oklahoma AgCredit,17765 U. S. Hwy 81,"Kingfisher, OK 73750",Branch,"Blaine, Canadian, Kingfisher, Logan"
OK,Oklahoma AgCredit,1104 S. George Nigh Expressway,"McAlester, OK 74501",Branch,"Haskell, Hughes, Latimer, McIntosh, Pittsburg, Seminole"
OK,Oklahoma AgCredit,28824 State Hwy 112,"Poteau, OK 74953",Branch,"Haskell, Latimer, LeFlore"
OK,Oklahoma AgCredit,519 E 32nd Ave,"Stillwater, OK 74074",Branch,"Creek, Kay, Lincoln, Logan, Noble, Oklahoma, Pawnee, Payne"
OK,Oklahoma AgCredit,2507 North Rockford Rd,"Ardmore, OK 73401",Branch,"Carter, Jefferson, Love"
OK,Oklahoma AgCredit,1027 W. Choctaw,"Chickasha, OK 73018",Branch,"Caddo, Cleveland, Grady, McClain, Pontotoc, Pottawatomie, Seminole"
OK,Oklahoma AgCredit,2801 W University Blvd,"Durant, OK 74701",Branch,"Atoka, Bryan, Choctaw, Coal, Johnston, Marshall, McCurtain, Pushmataha"
OK,Oklahoma AgCredit,805 Chisholm Trail,"Enid, OK 73702",Branch,"Alfalfa, Garfield, Grant, Major"
OK,Oklahoma AgCredit,2108 SE Washington,"Idabel, OK 74745",Branch,"Choctaw, McCurtain, Pushmataha"
OK,Oklahoma AgCredit,1104 S. George Nigh Expressway,"McAlester, OK 74501",Branch,"Haskell, Hughes, Latimer, McIntosh, Pittsburg, Seminole"
OK,Oklahoma AgCredit,2810 W. Shawnee Bypass,"Muskogee, OK 74401",Branch,"Adair, Cherokee, McIntosh, Muskogee, Sequoyah, Wagoner"
OK,Oklahoma AgCredit,509 W. Paul,"Pauls Valley, OK 73075",Branch,"Garvin, McClain, Murray, Pontotoc"
OK,Farm Credit of Western Oklahoma,4955 Farm Credit Drive,"Tuttle, OK 73089",Branch,"Cleveland, Grady, McClain"
OK,American AgCredit,4105 N Ridge RD,"Wichita, KS 67205",Branch,"Butler, Chautauqua, Cowley, Elk, Greenwood, Harvey, Kay, Noble, Osage, Sedgwick, Sumner"
OK,Oklahoma AgCredit,601 E. Kenosha St.,"Broken Arrow, OK 74012",Branch,"Creek, Okfuskee, Okmulgee, Osage, Rogers, Tulsa, Wagoner"
OK,Oklahoma AgCredit,2810 W. Shawnee Bypass,"Muskogee, OK 74401",Branch,"Adair, Cherokee, McIntosh, Muskogee, Sequoyah, Wagoner"
OK,Oklahoma AgCredit,509 W. Paul,"Pauls Valley, OK 73075",Branch,"Garvin, McClain, Murray, Pontotoc"
OK,Oklahoma AgCredit,519 E 32nd Ave,"Stillwater, OK 74074",Branch,"Creek, Kay, Lincoln, Logan, Noble, Oklahoma, Pawnee, Payne"
OK,Oklahoma AgCredit,265 W. Dwain Willis Ave,"Vinita, OK 74301",Branch,"Craig, Delaware, Mayes, Nowata, Ottawa, Washington"
OK,American AgCredit,4105 N Ridge RD,"Wichita, KS 67205",Branch,"Butler, Chautauqua, Cowley, Elk, Greenwood, Harvey, Kay, Noble, Osage, Sedgwick, Sumner"
OK,Oklahoma AgCredit,601 E. Kenosha St.,"Broken Arrow, OK 74012",Branch,"Creek, Okfuskee, Okmulgee, Osage, Rogers, Tulsa, Wagoner"
OK,Oklahoma AgCredit,536 Leahy Ave,"Pawhuska, OK 74056",Branch,"Kay, Osage"
OK,Oklahoma AgCredit,519 E 32nd Ave,"Stillwater, OK 74074",Branch,"Creek, Kay, Lincoln, Logan, Noble, Oklahoma, Pawnee, Payne"
OK,Oklahoma AgCredit,265 W. Dwain Willis Ave,"Vinita, OK 74301",Branch,"Craig, Delaware, Mayes, Nowata, Ottawa, Washington"
OK,Oklahoma AgCredit,601 E. Kenosha St.,"Broken Arrow, OK 74012",Branch,"Creek, Okfuskee, Okmulgee, Osage, Rogers, Tulsa, Wagoner"
OK,Oklahoma AgCredit,1027 W. Choctaw,"Chickasha, OK 73018",Branch,"Caddo, Cleveland, Grady, McClain, Pontotoc, Pottawatomie, Seminole"
OK,Oklahoma AgCredit,2801 W University Blvd,"Durant, OK 74701",Branch,"Atoka, Bryan, Choctaw, Coal, Johnston, Marshall, McCurtain, Pushmataha"
OK,Farm Credit of Western Oklahoma,101 Carter Road,"Elk City, OK 73644",Branch,"Beckham, Roger Mills"
OK,Oklahoma AgCredit,2108 SE Washington,"Idabel, OK 74745",Branch,"Choctaw, McCurtain, Pushmataha"
OK,Oklahoma AgCredit,1104 S. George Nigh Expressway,"McAlester, OK 74501",Branch,"Haskell, Hughes, Latimer, McIntosh, Pittsburg, Seminole"
OK,Oklahoma AgCredit,509 W. Paul,"Pauls Valley, OK 73075",Branch,"Garvin, McClain, Murray, Pontotoc"
OK,Oklahoma AgCredit,"2801 N. Kickapoo, Suite B","Shawnee, OK 74802",Branch,"Cleveland, Pontotoc, Pottawatomie, Seminole"
OK,Farm Credit of Western Oklahoma,3120 N Main ST,"Altus, OK 73521-1305",Branch,"Cotton, Greer, Harmon, Jackson, Kiowa, Tillman"
OK,Oklahoma AgCredit,601 E. Kenosha St.,"Broken Arrow, OK 74012",Branch,"Creek, Okfuskee, Okmulgee, Osage, Rogers, Tulsa, Wagoner"
OK,Oklahoma AgCredit,1027 W. Choctaw,"Chickasha, OK 73018",Branch,"Caddo, Cleveland, Grady, McClain, Pontotoc, Pottawatomie, Seminole"
OK,Oklahoma AgCredit,1902 S. Hwy 81,"Duncan, OK 73533",Branch,"Comanche, Cotton, Jefferson, Stephens"
OK,Farm Credit of Western Oklahoma,2143 Hwy 64 North,"Guymon, OK 73942",Branch,"Beaver, Cimarron, Texas"
OK,Oklahoma AgCredit,1104 S. George Nigh Expressway,"McAlester, OK 74501",Branch,"Haskell, Hughes, Latimer, McIntosh, Pittsburg, Seminole"
OK,Oklahoma AgCredit,2810 W. Shawnee Bypass,"Muskogee, OK 74401",Branch,"Adair, Cherokee, McIntosh, Muskogee, Sequoyah, Wagoner"
OK,Oklahoma AgCredit,"2801 N. Kickapoo, Suite B","Shawnee, OK 74802",Branch,"Cleveland, Pontotoc, Pottawatomie, Seminole"
OK,Farm Credit of Western Oklahoma,219 Oklahoma Blvd,"Alva, OK 73717",Branch,"Harper, Woods"
OK,Oklahoma AgCredit,601 E. Kenosha St.,"Broken Arrow, OK 74012",Branch,"Creek, Okfuskee, Okmulgee, Osage, Rogers, Tulsa, Wagoner"
OK,Farm Credit of Western Oklahoma,2600 Modelle,"Clinton, OK 73601",Branch,"Custer, Dewey, Washita"
OK,Oklahoma AgCredit,2810 W. Shawnee Bypass,"Muskogee, OK 74401",Branch,"Adair, Cherokee, McIntosh, Muskogee, Sequoyah, Wagoner"
OK,Oklahoma AgCredit,265 W. Dwain Willis Ave,"Vinita, OK 74301",Branch,"Craig, Delaware, Mayes, Nowata, Ottawa, Washington"
OK,Farm Credit of Western Oklahoma,3302 Williams Ave,"Woodward, OK 73801",Branch,"Ellis, Harper, Woodward"
OR,AgWest Farm Credit,3370 10th St,"Baker City, OR 97814-1467",Branch,"Baker, Union, Wallowa"
OR,AgWest Farm Credit,"15220 NW Greenbrier Parkway, Suite 105","Beaverton, OR 97006",Branch,"Clackamas, Clallam, Clark, Cowlitz, Grays Harbor, Jefferson, Kitsap, Lewis, Marion, Mason, Pacific, Pierce, Polk, Thurston, Tillamook, Wahkiakum, Yamhill"
OR,AgWest Farm Credit,94482 Highway 99 E,"Junction City , OR 97448",Branch,"Benton, Lane, Lincoln, Linn"
OR,AgWest Farm Credit,2222 NW Kline St,"Roseburg, OR 97471-1739",Branch,"Coos, Curry, Douglas"
OR,AgWest Farm Credit,12 SW Nye Ave,"Pendleton, OR 97801-4103",Branch,"Gilliam, Grant, Morrow, Umatilla, Wheeler"
OR,AgWest Farm Credit,2950 SW 6th Street,"Redmond, OR 97756",Branch,"Crook, Deschutes, Grant, Harney, Jefferson"
OR,AgWest Farm Credit,2222 NW Kline St,"Roseburg, OR 97471-1739",Branch,"Coos, Curry, Douglas"
OR,AgWest Farm Credit,3591 Klindt Dr,"The Dalles, OR 97058-3688",Branch,"Gilliam, Hood River, Klickitat, Sherman, Wasco, Wheeler"
OR,AgWest Farm Credit,650 E Pine St.,"Central Point, OR 97502-2482",Branch,"Jackson, Josephine, Siskiyou"
OR,AgWest Farm Credit,300 Klamath Ave,"Klamath Falls, OR 97601-6308",Branch,"Klamath, Lake, Lake, Modoc"
OR,AgWest Farm Credit,2950 SW 6th Street,"Redmond, OR 97756",Branch,"Crook, Deschutes, Grant, Harney, Jefferson"
OR,AgWest Farm Credit,3591 Klindt Dr,"The Dalles, OR 97058-3688",Branch,"Gilliam, Hood River, Klickitat, Sherman, Wasco, Wheeler"
OR,AgWest Farm Credit,"15220 NW Greenbrier Parkway, Suite 105","Beaverton, OR 97006",Branch,"Clackamas, Clallam, Clark, Cowlitz, Grays Harbor, Jefferson, Kitsap, Lewis, Marion, Mason, Pacific, Pierce, Polk, Thurston, Tillamook, Wahkiakum, Yamhill"
OR,AgWest Farm Credit,94482 Highway 99 E,"Junction City , OR 97448",Branch,"Benton, Lane, Lincoln, Linn"
OR,AgWest Farm Credit,300 Klamath Ave,"Klamath Falls, OR 97601-6308",Branch,"Klamath, Lake, Lake, Modoc"
OR,AgWest Farm Credit,308 SE 10th Street,"Ontario, OR 97914-4418",Branch,"Malheur, Payette, Washington, Washington"
OR,AgWest Farm Credit,380 Farm Credit Drive SE,"Salem, OR 97301-5895",Branch,
OR,AgWest Farm Credit,"15220 NW Greenbrier Parkway, Suite 105","Beaverton, OR 97006",Branch,"Clackamas, Clallam, Clark, Cowlitz, Grays Harbor, Jefferson, Kitsap, Lewis, Marion, Mason, Pacific, Pierce, Polk, Thurston, Tillamook, Wahkiakum, Yamhill"
OR,AgWest Farm Credit,12 SW Nye Ave,"Pendleton, OR 97801-4103",Branch,"Gilliam, Grant, Morrow, Umatilla, Wheeler"
OR,AgWest Farm Credit,3591 Klindt Dr,"The Dalles, OR 97058-3688",Branch,"Gilliam, Hood River, Klickitat, Sherman, Wasco, Wheeler"
OR,AgWest Farm Credit,3370 10th St,"Baker City, OR 97814-1467",Branch,"Baker, Union, Wallowa"
OR,AgWest Farm Credit,"15220 NW Greenbrier Parkway, Suite 105","Beaverton, OR 97006",Branch,"Clackamas, Clallam, Clark, Cowlitz, Grays Harbor, Jefferson, Kitsap, Lewis, Marion, Mason, Pacific, Pierce, Polk, Thurston, Tillamook, Wahkiakum, Yamhill"
OR,AgWest Farm Credit,308 SE 10th Street,"Ontario, OR 97914-4418",Branch,"Malheur, Payette, Washington, Washington"
OR,AgWest Farm Credit,12 SW Nye Ave,"Pendleton, OR 97801-4103",Branch,"Gilliam, Grant, Morrow, Umatilla, Wheeler"
OR,AgWest Farm Credit,3591 Klindt Dr,"The Dalles, OR 97058-3688",Branch,"Gilliam, Hood River, Klickitat, Sherman, Wasco, Wheeler"
PA,Horizon Farm Credit,610 Evans City Rd,"Butler, PA 16001",Branch,"Armstrong, Beaver, Butler, Clarion, Indiana, Jefferson, Lawrence"
PA,Horizon Farm Credit,2322 Curryville Road,"Martinsburg, PA 16662",Branch,"Bedford, Blair, Cambria, Huntingdon, Somerset"
PA,Horizon Farm Credit,921 S Center Ave,"Hunker, PA 15639",Branch,"Allegheny, Brooke, Fayette, Fayette, Greene, Hancock, Marshall, Ohio, Washington, Westmoreland"
PA,Horizon Farm Credit,1513 Main St,"Shoemakersville, PA 19555",Branch,"Berks, Bucks, Carbon, Chester, Delaware, Lehigh, Monroe, Montgomery, Northampton, Philadelphia, Pike, Schuylkill"
PA,Horizon Farm Credit,1434 Seven Valleys Road,"York, PA 17408",Branch,"Adams, York"
PA,Horizon Farm Credit,610 Evans City Rd,"Butler, PA 16001",Branch,"Armstrong, Beaver, Butler, Clarion, Indiana, Jefferson, Lawrence"
PA,Horizon Farm Credit,1 Buffalo Street,"Coudersport, PA 16915",Branch,"Cameron, Elk, McKean, Potter"
PA,Horizon Farm Credit,2322 Curryville Road,"Martinsburg, PA 16662",Branch,"Bedford, Blair, Cambria, Huntingdon, Somerset"
PA,Horizon Farm Credit,1513 Main St,"Shoemakersville, PA 19555",Branch,"Berks, Bucks, Carbon, Chester, Delaware, Lehigh, Monroe, Montgomery, Northampton, Philadelphia, Pike, Schuylkill"
PA,Horizon Farm Credit,24668 US 6,"Towanda, PA 18848-9278",Branch,"Bradford, Lackawanna, Sullivan, Susquehanna, Tioga, Wayne, Wyoming"
PA,Horizon Farm Credit,610 Evans City Rd,"Butler, PA 16001",Branch,"Armstrong, Beaver, Butler, Clarion, Indiana, Jefferson, Lawrence"
PA,Horizon Farm Credit,450 International DR,"Lewisburg, PA 17837",Branch,"Clinton, Columbia, Luzerne, Lycoming, Montour, Northumberland, Snyder, Union"
PA,Horizon Farm Credit,45 Sheetz DR,"Reedsville, PA 17084",Branch,"Centre, Clearfield, Juniata, Mifflin, Perry"
PA,Horizon Farm Credit,1513 Main St,"Shoemakersville, PA 19555",Branch,"Berks, Bucks, Carbon, Chester, Delaware, Lehigh, Monroe, Montgomery, Northampton, Philadelphia, Pike, Schuylkill"
PA,Horizon Farm Credit,109 Farm Credit Dr,"Chambersburg, PA 17202",Branch,"Cumberland, Franklin, Fulton"
PA,Horizon Farm Credit,1 Buffalo Street,"Coudersport, PA 16915",Branch,"Cameron, Elk, McKean, Potter"
PA,Horizon Farm Credit,450 International DR,"Lewisburg, PA 17837",Branch,"Clinton, Columbia, Luzerne, Lycoming, Montour, Northumberland, Snyder, Union"
PA,Horizon Farm Credit,11555 State Hwy 98,"Meadville, PA 16335",Branch,"Crawford, Erie, Forest, Mercer, Venango, Warren"
PA,Horizon Farm Credit,15 Eby Chiques RD,"Mount Joy, PA 17552",Branch,"Dauphin, Lancaster, Lebanon"
PA,Horizon Farm Credit,1513 Main St,"Shoemakersville, PA 19555",Branch,"Berks, Bucks, Carbon, Chester, Delaware, Lehigh, Monroe, Montgomery, Northampton, Philadelphia, Pike, Schuylkill"
PA,Horizon Farm Credit,109 Farm Credit Dr,"Chambersburg, PA 17202",Branch,"Cumberland, Franklin, Fulton"
PA,Horizon Farm Credit,11555 State Hwy 98,"Meadville, PA 16335",Branch,"Crawford, Erie, Forest, Mercer, Venango, Warren"
PA,Horizon Farm Credit,921 S Center Ave,"Hunker, PA 15639",Branch,"Allegheny, Brooke, Fayette, Fayette, Greene, Hancock, Marshall, Ohio, Washington, Westmoreland"
PA,Horizon Farm Credit,610 Evans City Rd,"Butler, PA 16001",Branch,"Armstrong, Beaver, Butler, Clarion, Indiana, Jefferson, Lawrence"
PA,Horizon Farm Credit,2322 Curryville Road,"Martinsburg, PA 16662",Branch,"Bedford, Blair, Cambria, Huntingdon, Somerset"
PA,Horizon Farm Credit,15 Eby Chiques RD,"Mount Joy, PA 17552",Branch,"Dauphin, Lancaster, Lebanon"
PA,Horizon Farm Credit,45 Sheetz DR,"Reedsville, PA 17084",Branch,"Centre, Clearfield, Juniata, Mifflin, Perry"
PA,Horizon Farm Credit,24668 US 6,"Towanda, PA 18848-9278",Branch,"Bradford, Lackawanna, Sullivan, Susquehanna, Tioga, Wayne, Wyoming"
PA,Horizon Farm Credit,610 Evans City Rd,"Butler, PA 16001",Branch,"Armstrong, Beaver, Butler, Clarion, Indiana, Jefferson, Lawrence"
PA,Horizon Farm Credit,1 Buffalo Street,"Coudersport, PA 16915",Branch,"Cameron, Elk, McKean, Potter"
PA,Horizon Farm Credit,450 International DR,"Lewisburg, PA 17837",Branch,"Clinton, Columbia, Luzerne, Lycoming, Montour, Northumberland, Snyder, Union"
PA,Horizon Farm Credit,15 Eby Chiques RD,"Mount Joy, PA 17552",Branch,"Dauphin, Lancaster, Lebanon"
PA,Horizon Farm Credit,1513 Main St,"Shoemakersville, PA 19555",Branch,"Berks, Bucks, Carbon, Chester, Delaware, Lehigh, Monroe, Montgomery, Northampton, Philadelphia, Pike, Schuylkill"
PA,Horizon Farm Credit,450 International DR,"Lewisburg, PA 17837",Branch,"Clinton, Columbia, Luzerne, Lycoming, Montour, Northumberland, Snyder, Union"
PA,Horizon Farm Credit,11555 State Hwy 98,"Meadville, PA 16335",Branch,"Crawford, Erie, Forest, Mercer, Venango, Warren"
PA,Horizon Farm Credit,45 Sheetz DR,"Reedsville, PA 17084",Branch,"Centre, Clearfield, Juniata, Mifflin, Perry"
PA,Horizon Farm Credit,1513 Main St,"Shoemakersville, PA 19555",Branch,"Berks, Bucks, Carbon, Chester, Delaware, Lehigh, Monroe, Montgomery, Northampton, Philadelphia, Pike, Schuylkill"
PA,Horizon Farm Credit,1 Buffalo Street,"Coudersport, PA 16915",Branch,"Cameron, Elk, McKean, Potter"
PA,Horizon Farm Credit,450 International DR,"Lewisburg, PA 17837",Branch,"Clinton, Columbia, Luzerne, Lycoming, Montour, Northumberland, Snyder, Union"
PA,Horizon Farm Credit,45 Sheetz DR,"Reedsville, PA 17084",Branch,"Centre, Clearfield, Juniata, Mifflin, Perry"
PA,Horizon Farm Credit,1513 Main St,"Shoemakersville, PA 19555",Branch,"Berks, Bucks, Carbon, Chester, Delaware, Lehigh, Monroe, Montgomery, Northampton, Philadelphia, Pike, Schuylkill"
PA,Horizon Farm Credit,450 International DR,"Lewisburg, PA 17837",Branch,"Clinton, Columbia, Luzerne, Lycoming, Montour, Northumberland, Snyder, Union"
PA,Horizon Farm Credit,2322 Curryville Road,"Martinsburg, PA 16662",Branch,"Bedford, Blair, Cambria, Huntingdon, Somerset"
PA,Horizon Farm Credit,24668 US 6,"Towanda, PA 18848-9278",Branch,"Bradford, Lackawanna, Sullivan, Susquehanna, Tioga, Wayne, Wyoming"
PA,Horizon Farm Credit,11555 State Hwy 98,"Meadville, PA 16335",Branch,"Crawford, Erie, Forest, Mercer, Venango, Warren"
PA,Horizon Farm Credit,921 S Center Ave,"Hunker, PA 15639",Branch,"Allegheny, Brooke, Fayette, Fayette, Greene, Hancock, Marshall, Ohio, Washington, Westmoreland"
PA,Horizon Farm Credit,24668 US 6,"Towanda, PA 18848-9278",Branch,"Bradford, Lackawanna, Sullivan, Susquehanna, Tioga, Wayne, Wyoming"
PA,Horizon Farm Credit,1434 Seven Valleys Road,"York, PA 17408",Branch,"Adams, York"
RI,Farm Credit East,785 Hartford Pike,"Dayville, CT 06241-1739",Branch,"Bristol, Bristol, Kent, New London, Newport, Providence, Tolland, Washington, Windham, Worcester"
SC,AgSouth Farm Credit,951 E Pine Log Rd,"Aiken, SC 29803",Branch,"Aiken, Edgefield"
SC,AgSouth Farm Credit,4930 Burtons Ferry Hwy,"Allendale, SC 29810",Branch,"Allendale, Barnwell, Hampton"
SC,AgSouth Farm Credit,1325 Pearman Dairy Rd (28 Bypass),"Anderson, SC 29625",Branch,"Anderson, Greenville, Oconee, Pickens"
SC,AgSouth Farm Credit,306 Hillcrest Dr,"Laurens, SC 29360",Branch,"Abbeville, Greenville, Greenwood, Laurens, McCormick"
SC,AgSouth Farm Credit,1880 Joe S Jeffords Hwy,"Orangeburg, SC 29115",Branch,"Bamberg, Orangeburg"
SC,AgSouth Farm Credit,1321 Springdale Rd,"Rock Hill, SC 29730",Branch,"Chester, Lancaster, York"
SC,AgSouth Farm Credit,101 North Town Drive,"Spartanburg, SC 29303",Branch,"Cherokee, Greenville, Spartanburg, Union"
SC,AgSouth Farm Credit,2630 Colonel Thomson Hwy,"St Matthews, SC 29135",Branch,
SC,AgSouth Farm Credit,702 Kate Lane,"Summerville, SC 29483",Branch,"Berkeley, Charleston, Dorchester"
SC,AgSouth Farm Credit,529 Bells Hwy,"Walterboro, SC 29488",Branch,"Beaufort, Colleton, Jasper"
SC,ArborOne Farm Credit,800 Woody Jones Blvd.,"Florence, SC 29501",Branch,"Chesterfield, Clarendon, Darlington, Dillon, Florence, Lee, Marlboro, Sumter, Williamsburg"
SC,AgSouth Farm Credit,702 Kate Lane,"Summerville, SC 29483",Branch,"Berkeley, Charleston, Dorchester"
SC,AgSouth Farm Credit,529 Bells Hwy,"Walterboro, SC 29488",Branch,"Beaufort, Colleton, Jasper"
SC,AgSouth Farm Credit,951 E Pine Log Rd,"Aiken, SC 29803",Branch,"Aiken, Edgefield"
SC,AgSouth Farm Credit,1325 Pearman Dairy Rd (28 Bypass),"Anderson, SC 29625",Branch,"Anderson, Greenville, Oconee, Pickens"
SC,AgSouth Farm Credit,951 Hwy 1 South,"Lugoff, SC 29078",Branch,"Fairfield, Kershaw, Richland"
SC,ArborOne Farm Credit,900-C Main St.,"Conway, SC 29526",Branch,"Georgetown, Horry, Marion"
SC,ArborOne Farm Credit,800 Woody Jones Blvd.,"Florence, SC 29501",Branch,"Chesterfield, Clarendon, Darlington, Dillon, Florence, Lee, Marlboro, Sumter, Williamsburg"
SC,AgSouth Farm Credit,306 Hillcrest Dr,"Laurens, SC 29360",Branch,"Abbeville, Greenville, Greenwood, Laurens, McCormick"
SC,AgSouth Farm Credit,101 North Town Drive,"Spartanburg, SC 29303",Branch,"Cherokee, Greenville, Spartanburg, Union"
SC,AgSouth Farm Credit,4930 Burtons Ferry Hwy,"Allendale, SC 29810",Branch,"Allendale, Barnwell, Hampton"
SC,AgSouth Farm Credit,951 Hwy 1 South,"Lugoff, SC 29078",Branch,"Fairfield, Kershaw, Richland"
SC,ArborOne Farm Credit,900-C Main St.,"Conway, SC 29526",Branch,"Georgetown, Horry, Marion"
SC,AgSouth Farm Credit,306 Hillcrest Dr,"Laurens, SC 29360",Branch,"Abbeville, Greenville, Greenwood, Laurens, McCormick"
SC,AgSouth Farm Credit,1321 Springdale Rd,"Rock Hill, SC 29730",Branch,"Chester, Lancaster, York"
SC,AgSouth Farm Credit,529 Bells Hwy,"Walterboro, SC 29488",Branch,"Beaufort, Colleton, Jasper"
SC,AgSouth Farm Credit,109 East Church Street,"Batesburg-Leesville, SC 29070",Branch,"Lexington, Newberry, Saluda"
SC,ArborOne Farm Credit,900-C Main St.,"Conway, SC 29526",Branch,"Georgetown, Horry, Marion"
SC,ArborOne Farm Credit,800 Woody Jones Blvd.,"Florence, SC 29501",Branch,"Chesterfield, Clarendon, Darlington, Dillon, Florence, Lee, Marlboro, Sumter, Williamsburg"
SC,AgSouth Farm Credit,306 Hillcrest Dr,"Laurens, SC 29360",Branch,"Abbeville, Greenville, Greenwood, Laurens, McCormick"
SC,AgSouth Farm Credit,1325 Pearman Dairy Rd (28 Bypass),"Anderson, SC 29625",Branch,"Anderson, Greenville, Oconee, Pickens"
SC,AgSouth Farm Credit,109 East Church Street,"Batesburg-Leesville, SC 29070",Branch,"Lexington, Newberry, Saluda"
SC,AgSouth Farm Credit,951 Hwy 1 South,"Lugoff, SC 29078",Branch,"Fairfield, Kershaw, Richland"
SC,AgSouth Farm Credit,1880 Joe S Jeffords Hwy,"Orangeburg, SC 29115",Branch,"Bamberg, Orangeburg"
SC,AgSouth Farm Credit,101 North Town Drive,"Spartanburg, SC 29303",Branch,"Cherokee, Greenville, Spartanburg, Union"
SC,ArborOne Farm Credit,800 Woody Jones Blvd.,"Florence, SC 29501",Branch,"Chesterfield, Clarendon, Darlington, Dillon, Florence, Lee, Marlboro, Sumter, Williamsburg"
SC,AgSouth Farm Credit,1321 Springdale Rd,"Rock Hill, SC 29730",Branch,"Chester, Lancaster, York"
SC,AgSouth Farm Credit,101 North Town Drive,"Spartanburg, SC 29303",Branch,"Cherokee, Greenville, Spartanburg, Union"
SD,Farm Credit Services of America,4835 6th Ave SE,"Aberdeen, SD 57401-0908",Branch,"Brown, Day, Edmunds, Faulk, Kingsbury, Marshall, McPherson, Spink"
SD,Farm Credit Services of America,81 33rd ST SW,"Huron, SD 57350-5501",Branch,"Beadle, Buffalo, Hand, Hyde, Kingsbury, Miner, Spink"
SD,Farm Credit Services of America,401 Cabela Dr,"Mitchell, SD 57301",Branch,"Aurora, Brule, Charles Mix, Davison, Douglas, Hanson, Hutchinson, Jerauld, Sanborn"
SD,Farm Credit Services of America,2505 E 4th Street,"Pierre, SD 57501",Branch,"Beadle, Bennett, Buffalo, Dewey, Gregory, Haakon, Hand, Hughes, Hyde, Jackson, Jerauld, Jones, Kingsbury, Lyman, Mellette, Miner, Potter, Sanborn, Spink, Stanley, Sully, Todd, Tripp, Ziebach"
SD,Farm Credit Services of America,2510 N Plaza Dr,"Rapid City, SD 57702",Branch,"Bennett, Butte, Custer, Fall River, Haakon, Harding, Jackson, Lawrence, Meade, Pennington, Perkins, Shannon"
SD,Farm Credit Services of America,5011 S Broadband Lane,"Sioux Falls, SD 57108",Branch,"Aurora, Brule, Buffalo, Charles Mix, Davison, Douglas, Hanson, Hutchinson, Jerauld, Lake, Lincoln, Lyon, McCook, Miner, Minnehaha, Moody, Sanborn, Turner, Union, Union"
SD,Farm Credit Services of America,1114 29th St S E,"Watertown, SD 57201",Branch,"Brookings, Brown, Campbell, Clark, Codington, Corson, Day, Deuel, Dewey, Edmunds, Faulk, Grant, Hamlin, Kingsbury, Marshall, McPherson, Potter, Roberts, Spink, Walworth, Ziebach"
SD,Farm Credit Services of America,3808 Broadway Ave,"Yankton, SD 57078",Branch,"Bon Homme, Cedar, Cedar, Charles Mix, Clay, Clay, Clay, Dakota, Dixon, Hutchinson, Knox, Monona, Plymouth, Thurston, Union, Union, Woodbury, Yankton"
SD,Farm Credit Services of America,81 33rd ST SW,"Huron, SD 57350-5501",Branch,"Beadle, Buffalo, Hand, Hyde, Kingsbury, Miner, Spink"
SD,Farm Credit Services of America,401 Cabela Dr,"Mitchell, SD 57301",Branch,"Aurora, Brule, Charles Mix, Davison, Douglas, Hanson, Hutchinson, Jerauld, Sanborn"
SD,Farm Credit Services of America,322 First Avenue East,"Mobridge, SD 57601",Branch,"Campbell, Corson, Dewey, Potter, Walworth, Ziebach"
SD,Farm Credit Services of America,2505 E 4th Street,"Pierre, SD 57501",Branch,"Beadle, Bennett, Buffalo, Dewey, Gregory, Haakon, Hand, Hughes, Hyde, Jackson, Jerauld, Jones, Kingsbury, Lyman, Mellette, Miner, Potter, Sanborn, Spink, Stanley, Sully, Todd, Tripp, Ziebach"
SD,Farm Credit Services of America,2510 N Plaza Dr,"Rapid City, SD 57702",Branch,"Bennett, Butte, Custer, Fall River, Haakon, Harding, Jackson, Lawrence, Meade, Pennington, Perkins, Shannon"
SD,Farm Credit Services of America,5011 S Broadband Lane,"Sioux Falls, SD 57108",Branch,"Aurora, Brule, Buffalo, Charles Mix, Davison, Douglas, Hanson, Hutchinson, Jerauld, Lake, Lincoln, Lyon, McCook, Miner, Minnehaha, Moody, Sanborn, Turner, Union, Union"
SD,Farm Credit Services of America,1114 29th St S E,"Watertown, SD 57201",Branch,"Brookings, Brown, Campbell, Clark, Codington, Corson, Day, Deuel, Dewey, Edmunds, Faulk, Grant, Hamlin, Kingsbury, Marshall, McPherson, Potter, Roberts, Spink, Walworth, Ziebach"
SD,Farm Credit Services of America,3808 Broadway Ave,"Yankton, SD 57078",Branch,"Bon Homme, Cedar, Cedar, Charles Mix, Clay, Clay, Clay, Dakota, Dixon, Hutchinson, Knox, Monona, Plymouth, Thurston, Union, Union, Woodbury, Yankton"
SD,Farm Credit Services of America,4835 6th Ave SE,"Aberdeen, SD 57401-0908",Branch,"Brown, Day, Edmunds, Faulk, Kingsbury, Marshall, McPherson, Spink"
SD,Farm Credit Services of America,401 Cabela Dr,"Mitchell, SD 57301",Branch,"Aurora, Brule, Charles Mix, Davison, Douglas, Hanson, Hutchinson, Jerauld, Sanborn"
SD,Farm Credit Services of America,322 First Avenue East,"Mobridge, SD 57601",Branch,"Campbell, Corson, Dewey, Potter, Walworth, Ziebach"
SD,Farm Credit Services of America,2510 N Plaza Dr,"Rapid City, SD 57702",Branch,"Bennett, Butte, Custer, Fall River, Haakon, Harding, Jackson, Lawrence, Meade, Pennington, Perkins, Shannon"
SD,Farm Credit Services of America,5011 S Broadband Lane,"Sioux Falls, SD 57108",Branch,"Aurora, Brule, Buffalo, Charles Mix, Davison, Douglas, Hanson, Hutchinson, Jerauld, Lake, Lincoln, Lyon, McCook, Miner, Minnehaha, Moody, Sanborn, Turner, Union, Union"
SD,Farm Credit Services of America,1114 29th St S E,"Watertown, SD 57201",Branch,"Brookings, Brown, Campbell, Clark, Codington, Corson, Day, Deuel, Dewey, Edmunds, Faulk, Grant, Hamlin, Kingsbury, Marshall, McPherson, Potter, Roberts, Spink, Walworth, Ziebach"
SD,Farm Credit Services of America,3808 Broadway Ave,"Yankton, SD 57078",Branch,"Bon Homme, Cedar, Cedar, Charles Mix, Clay, Clay, Clay, Dakota, Dixon, Hutchinson, Knox, Monona, Plymouth, Thurston, Union, Union, Woodbury, Yankton"
SD,Farm Credit Services of America,4835 6th Ave SE,"Aberdeen, SD 57401-0908",Branch,"Brown, Day, Edmunds, Faulk, Kingsbury, Marshall, McPherson, Spink"
SD,Farm Credit Services of America,401 Cabela Dr,"Mitchell, SD 57301",Branch,"Aurora, Brule, Charles Mix, Davison, Douglas, Hanson, Hutchinson, Jerauld, Sanborn"
SD,Farm Credit Services of America,322 First Avenue East,"Mobridge, SD 57601",Branch,"Campbell, Corson, Dewey, Potter, Walworth, Ziebach"
SD,Farm Credit Services of America,2505 E 4th Street,"Pierre, SD 57501",Branch,"Beadle, Bennett, Buffalo, Dewey, Gregory, Haakon, Hand, Hughes, Hyde, Jackson, Jerauld, Jones, Kingsbury, Lyman, Mellette, Miner, Potter, Sanborn, Spink, Stanley, Sully, Todd, Tripp, Ziebach"
SD,Farm Credit Services of America,2510 N Plaza Dr,"Rapid City, SD 57702",Branch,"Bennett, Butte, Custer, Fall River, Haakon, Harding, Jackson, Lawrence, Meade, Pennington, Perkins, Shannon"
SD,Farm Credit Services of America,5011 S Broadband Lane,"Sioux Falls, SD 57108",Branch,"Aurora, Brule, Buffalo, Charles Mix, Davison, Douglas, Hanson, Hutchinson, Jerauld, Lake, Lincoln, Lyon, McCook, Miner, Minnehaha, Moody, Sanborn, Turner, Union, Union"
SD,Farm Credit Services of America,1114 29th St S E,"Watertown, SD 57201",Branch,"Brookings, Brown, Campbell, Clark, Codington, Corson, Day, Deuel, Dewey, Edmunds, Faulk, Grant, Hamlin, Kingsbury, Marshall, McPherson, Potter, Roberts, Spink, Walworth, Ziebach"
SD,Farm Credit Services of America,81 33rd ST SW,"Huron, SD 57350-5501",Branch,"Beadle, Buffalo, Hand, Hyde, Kingsbury, Miner, Spink"
SD,Farm Credit Services of America,401 Cabela Dr,"Mitchell, SD 57301",Branch,"Aurora, Brule, Charles Mix, Davison, Douglas, Hanson, Hutchinson, Jerauld, Sanborn"
SD,Farm Credit Services of America,2505 E 4th Street,"Pierre, SD 57501",Branch,"Beadle, Bennett, Buffalo, Dewey, Gregory, Haakon, Hand, Hughes, Hyde, Jackson, Jerauld, Jones, Kingsbury, Lyman, Mellette, Miner, Potter, Sanborn, Spink, Stanley, Sully, Todd, Tripp, Ziebach"
SD,Farm Credit Services of America,2510 N Plaza Dr,"Rapid City, SD 57702",Branch,"Bennett, Butte, Custer, Fall River, Haakon, Harding, Jackson, Lawrence, Meade, Pennington, Perkins, Shannon"
SD,Farm Credit Services of America,5011 S Broadband Lane,"Sioux Falls, SD 57108",Branch,"Aurora, Brule, Buffalo, Charles Mix, Davison, Douglas, Hanson, Hutchinson, Jerauld, Lake, Lincoln, Lyon, McCook, Miner, Minnehaha, Moody, Sanborn, Turner, Union, Union"
SD,Farm Credit Services of America,1114 29th St S E,"Watertown, SD 57201",Branch,"Brookings, Brown, Campbell, Clark, Codington, Corson, Day, Deuel, Dewey, Edmunds, Faulk, Grant, Hamlin, Kingsbury, Marshall, McPherson, Potter, Roberts, Spink, Walworth, Ziebach"
SD,Farm Credit Services of America,81 33rd ST SW,"Huron, SD 57350-5501",Branch,"Beadle, Buffalo, Hand, Hyde, Kingsbury, Miner, Spink"
SD,Farm Credit Services of America,401 Cabela Dr,"Mitchell, SD 57301",Branch,"Aurora, Brule, Charles Mix, Davison, Douglas, Hanson, Hutchinson, Jerauld, Sanborn"
SD,Farm Credit Services of America,2505 E 4th Street,"Pierre, SD 57501",Branch,"Beadle, Bennett, Buffalo, Dewey, Gregory, Haakon, Hand, Hughes, Hyde, Jackson, Jerauld, Jones, Kingsbury, Lyman, Mellette, Miner, Potter, Sanborn, Spink, Stanley, Sully, Todd, Tripp, Ziebach"
SD,Farm Credit Services of America,2510 N Plaza Dr,"Rapid City, SD 57702",Branch,"Bennett, Butte, Custer, Fall River, Haakon, Harding, Jackson, Lawrence, Meade, Pennington, Perkins, Shannon"
SD,Farm Credit Services of America,5011 S Broadband Lane,"Sioux Falls, SD 57108",Branch,"Aurora, Brule, Buffalo, Charles Mix, Davison, Douglas, Hanson, Hutchinson, Jerauld, Lake, Lincoln, Lyon, McCook, Miner, Minnehaha, Moody, Sanborn, Turner, Union, Union"
SD,Farm Credit Services of America,3808 Broadway Ave,"Yankton, SD 57078",Branch,"Bon Homme, Cedar, Cedar, Charles Mix, Clay, Clay, Clay, Dakota, Dixon, Hutchinson, Knox, Monona, Plymouth, Thurston, Union, Union, Woodbury, Yankton"
SD,Farm Credit Services of America,4835 6th Ave SE,"Aberdeen, SD 57401-0908",Branch,"Brown, Day, Edmunds, Faulk, Kingsbury, Marshall, McPherson, Spink"
SD,Farm Credit Services of America,81 33rd ST SW,"Huron, SD 57350-5501",Branch,"Beadle, Buffalo, Hand, Hyde, Kingsbury, Miner, Spink"
SD,Farm Credit Services of America,2505 E 4th Street,"Pierre, SD 57501",Branch,"Beadle, Bennett, Buffalo, Dewey, Gregory, Haakon, Hand, Hughes, Hyde, Jackson, Jerauld, Jones, Kingsbury, Lyman, Mellette, Miner, Potter, Sanborn, Spink, Stanley, Sully, Todd, Tripp, Ziebach"
SD,Farm Credit Services of America,2510 N Plaza Dr,"Rapid City, SD 57702",Branch,"Bennett, Butte, Custer, Fall River, Haakon, Harding, Jackson, Lawrence, Meade, Pennington, Perkins, Shannon"
SD,Farm Credit Services of America,5011 S Broadband Lane,"Sioux Falls, SD 57108",Branch,"Aurora, Brule, Buffalo, Charles Mix, Davison, Douglas, Hanson, Hutchinson, Jerauld, Lake, Lincoln, Lyon, McCook, Miner, Minnehaha, Moody, Sanborn, Turner, Union, Union"
SD,Farm Credit Services of America,1114 29th St S E,"Watertown, SD 57201",Branch,"Brookings, Brown, Campbell, Clark, Codington, Corson, Day, Deuel, Dewey, Edmunds, Faulk, Grant, Hamlin, Kingsbury, Marshall, McPherson, Potter, Roberts, Spink, Walworth, Ziebach"
SD,Farm Credit Services of America,4835 6th Ave SE,"Aberdeen, SD 57401-0908",Branch,"Brown, Day, Edmunds, Faulk, Kingsbury, Marshall, McPherson, Spink"
SD,Farm Credit Services of America,81 33rd ST SW,"Huron, SD 57350-5501",Branch,"Beadle, Buffalo, Hand, Hyde, Kingsbury, Miner, Spink"
SD,Farm Credit Services of America,2505 E 4th Street,"Pierre, SD 57501",Branch,"Beadle, Bennett, Buffalo, Dewey, Gregory, Haakon, Hand, Hughes, Hyde, Jackson, Jerauld, Jones, Kingsbury, Lyman, Mellette, Miner, Potter, Sanborn, Spink, Stanley, Sully, Todd, Tripp, Ziebach"
SD,Farm Credit Services of America,2510 N Plaza Dr,"Rapid City, SD 57702",Branch,"Bennett, Butte, Custer, Fall River, Haakon, Harding, Jackson, Lawrence, Meade, Pennington, Perkins, Shannon"
SD,Farm Credit Services of America,5011 S Broadband Lane,"Sioux Falls, SD 57108",Branch,"Aurora, Brule, Buffalo, Charles Mix, Davison, Douglas, Hanson, Hutchinson, Jerauld, Lake, Lincoln, Lyon, McCook, Miner, Minnehaha, Moody, Sanborn, Turner, Union, Union"
SD,Farm Credit Services of America,1114 29th St S E,"Watertown, SD 57201",Branch,"Brookings, Brown, Campbell, Clark, Codington, Corson, Day, Deuel, Dewey, Edmunds, Faulk, Grant, Hamlin, Kingsbury, Marshall, McPherson, Potter, Roberts, Spink, Walworth, Ziebach"
SD,Farm Credit Services of America,322 First Avenue East,"Mobridge, SD 57601",Branch,"Campbell, Corson, Dewey, Potter, Walworth, Ziebach"
SD,Farm Credit Services of America,2505 E 4th Street,"Pierre, SD 57501",Branch,"Beadle, Bennett, Buffalo, Dewey, Gregory, Haakon, Hand, Hughes, Hyde, Jackson, Jerauld, Jones, Kingsbury, Lyman, Mellette, Miner, Potter, Sanborn, Spink, Stanley, Sully, Todd, Tripp, Ziebach"
SD,Farm Credit Services of America,2510 N Plaza Dr,"Rapid City, SD 57702",Branch,"Bennett, Butte, Custer, Fall River, Haakon, Harding, Jackson, Lawrence, Meade, Pennington, Perkins, Shannon"
SD,Farm Credit Services of America,5011 S Broadband Lane,"Sioux Falls, SD 57108",Branch,"Aurora, Brule, Buffalo, Charles Mix, Davison, Douglas, Hanson, Hutchinson, Jerauld, Lake, Lincoln, Lyon, McCook, Miner, Minnehaha, Moody, Sanborn, Turner, Union, Union"
SD,Farm Credit Services of America,1114 29th St S E,"Watertown, SD 57201",Branch,"Brookings, Brown, Campbell, Clark, Codington, Corson, Day, Deuel, Dewey, Edmunds, Faulk, Grant, Hamlin, Kingsbury, Marshall, McPherson, Potter, Roberts, Spink, Walworth, Ziebach"
SD,Farm Credit Services of America,4835 6th Ave SE,"Aberdeen, SD 57401-0908",Branch,"Brown, Day, Edmunds, Faulk, Kingsbury, Marshall, McPherson, Spink"
SD,Farm Credit Services of America,81 33rd ST SW,"Huron, SD 57350-5501",Branch,"Beadle, Buffalo, Hand, Hyde, Kingsbury, Miner, Spink"
SD,Farm Credit Services of America,401 Cabela Dr,"Mitchell, SD 57301",Branch,"Aurora, Brule, Charles Mix, Davison, Douglas, Hanson, Hutchinson, Jerauld, Sanborn"
SD,Farm Credit Services of America,2505 E 4th Street,"Pierre, SD 57501",Branch,"Beadle, Bennett, Buffalo, Dewey, Gregory, Haakon, Hand, Hughes, Hyde, Jackson, Jerauld, Jones, Kingsbury, Lyman, Mellette, Miner, Potter, Sanborn, Spink, Stanley, Sully, Todd, Tripp, Ziebach"
SD,Farm Credit Services of America,5011 S Broadband Lane,"Sioux Falls, SD 57108",Branch,"Aurora, Brule, Buffalo, Charles Mix, Davison, Douglas, Hanson, Hutchinson, Jerauld, Lake, Lincoln, Lyon, McCook, Miner, Minnehaha, Moody, Sanborn, Turner, Union, Union"
SD,Farm Credit Services of America,1114 29th St S E,"Watertown, SD 57201",Branch,"Brookings, Brown, Campbell, Clark, Codington, Corson, Day, Deuel, Dewey, Edmunds, Faulk, Grant, Hamlin, Kingsbury, Marshall, McPherson, Potter, Roberts, Spink, Walworth, Ziebach"
SD,Farm Credit Services of America,322 First Avenue East,"Mobridge, SD 57601",Branch,"Campbell, Corson, Dewey, Potter, Walworth, Ziebach"
SD,Farm Credit Services of America,2505 E 4th Street,"Pierre, SD 57501",Branch,"Beadle, Bennett, Buffalo, Dewey, Gregory, Haakon, Hand, Hughes, Hyde, Jackson, Jerauld, Jones, Kingsbury, Lyman, Mellette, Miner, Potter, Sanborn, Spink, Stanley, Sully, Todd, Tripp, Ziebach"
SD,Farm Credit Services of America,5011 S Broadband Lane,"Sioux Falls, SD 57108",Branch,"Aurora, Brule, Buffalo, Charles Mix, Davison, Douglas, Hanson, Hutchinson, Jerauld, Lake, Lincoln, Lyon, McCook, Miner, Minnehaha, Moody, Sanborn, Turner, Union, Union"
SD,Farm Credit Services of America,1114 29th St S E,"Watertown, SD 57201",Branch,"Brookings, Brown, Campbell, Clark, Codington, Corson, Day, Deuel, Dewey, Edmunds, Faulk, Grant, Hamlin, Kingsbury, Marshall, McPherson, Potter, Roberts, Spink, Walworth, Ziebach"
SD,Farm Credit Services of America,3808 Broadway Ave,"Yankton, SD 57078",Branch,"Bon Homme, Cedar, Cedar, Charles Mix, Clay, Clay, Clay, Dakota, Dixon, Hutchinson, Knox, Monona, Plymouth, Thurston, Union, Union, Woodbury, Yankton"
TN,Farm Credit Mid-America,812 Congress Pkwy N,"Athens, TN 37303",Branch,"Bradley, Loudon, McMinn, Meigs, Monroe, Polk, Roane"
TN,River Valley AgCredit,2620 APD 40,"Cleveland, TN 37320",Branch,"Bradley, Polk"
TN,Farm Credit Mid-America,1285 S Walnut Ave,"Cookeville, TN 38501",Branch,"Bledsoe, Clay, Cumberland, Fentress, Jackson, Overton, Pickett, Putnam, White"
TN,Farm Credit Mid-America,800 Morrow St,"Dresden, TN 38225",Branch,"Benton, Carroll, Henry, Obion, Weakley"
TN,Farm Credit Mid-America,716 Callahan Dr,"Knoxville, TN 37912",Branch,"Anderson, Blount, Knox, Loudon, Roane"
TN,Farm Credit Mid-America,676 Pistole Ln,"McMinnville, TN 37110",Branch,"Bledsoe, Coffee, Dekalb, Grundy, Van Buren, Warren"
TN,River Valley AgCredit,600 US Hwy 127 Bypass,"Pikeville, TN 37367",Branch,"Bledsoe, Sequatchie"
TN,Farm Credit Mid-America,1908 Madison St,"Shelbyville, TN 37160",Branch,"Bedford, Franklin, Lincoln, Moore"
TN,Farm Credit Mid-America,800 Morrow St,"Dresden, TN 38225",Branch,"Benton, Carroll, Henry, Obion, Weakley"
TN,Farm Credit Mid-America,109 Centre Park Dr,"Johnson City, TN 37615",Branch,"Carter, Johnson, Sullivan, Unicoi, Washington"
TN,Farm Credit Mid-America,813 S Church St,"Murfreesboro, TN 37130",Branch,"Cannon, Rutherford"
TN,Farm Credit Mid-America,18075 US-64,"Somerville, TN 38068-6169",Branch,"Chester, Fayette, Hardeman, Hardin, McNairy, Shelby"
TN,Farm Credit Mid-America,5189 Hwy 41 N,"Springfield, TN 37172",Branch,"Cheatham, Davidson, Houston, Montgomery, Robertson, Stewart, Sumner"
TN,Farm Credit Mid-America,1285 S Walnut Ave,"Cookeville, TN 38501",Branch,"Bledsoe, Clay, Cumberland, Fentress, Jackson, Overton, Pickett, Putnam, White"
TN,Farm Credit Mid-America,100 Nevada Ave,"Greeneville, TN 37745-3409",Branch,"Cocke, Grainger, Greene, Hamblen, Hawkins, Jefferson, Sevier"
TN,Farm Credit Mid-America,676 Pistole Ln,"McMinnville, TN 37110",Branch,"Bledsoe, Coffee, Dekalb, Grundy, Van Buren, Warren"
TN,Farm Credit Mid-America,104 Brighton Dr,"Humboldt, TN 38343",Branch,"Crockett, Decatur, Gibson, Henderson, Madison"
TN,Farm Credit Mid-America,710 Henslee Dr,"Dickson, TN 37055",Branch,"Dickson, Hickman, Humphreys, Lewis, Perry"
TN,Farm Credit Mid-America,676 Pistole Ln,"McMinnville, TN 37110",Branch,"Bledsoe, Coffee, Dekalb, Grundy, Van Buren, Warren"
TN,Farm Credit Mid-America,800 US 51 North,"Ripley, TN 38063",Branch,"Dyer, Haywood, Lake, Lauderdale, Tipton"
TN,Farm Credit Mid-America,18075 US-64,"Somerville, TN 38068-6169",Branch,"Chester, Fayette, Hardeman, Hardin, McNairy, Shelby"
TN,Farm Credit Mid-America,5189 Hwy 41 N,"Springfield, TN 37172",Branch,"Cheatham, Davidson, Houston, Montgomery, Robertson, Stewart, Sumner"
TN,Farm Credit Mid-America,104 Brighton Dr,"Humboldt, TN 38343",Branch,"Crockett, Decatur, Gibson, Henderson, Madison"
TN,Farm Credit Mid-America,1285 S Walnut Ave,"Cookeville, TN 38501",Branch,"Bledsoe, Clay, Cumberland, Fentress, Jackson, Overton, Pickett, Putnam, White"
TN,Farm Credit Mid-America,4 Chenault Ford Rd,"Fayetteville, TN 37334",Branch,"Franklin, Lincoln"
TN,Farm Credit Mid-America,100 Nevada Ave,"Greeneville, TN 37745-3409",Branch,"Cocke, Grainger, Greene, Hamblen, Hawkins, Jefferson, Sevier"
TN,Farm Credit Mid-America,449 Crews Street,"Lawrenceburg, TN 38464",Branch,"Giles, Lawrence, Wayne"
TN,Farm Credit Mid-America,1908 Madison St,"Shelbyville, TN 37160",Branch,"Bedford, Franklin, Lincoln, Moore"
TN,Farm Credit Mid-America,104 Brighton Dr,"Humboldt, TN 38343",Branch,"Crockett, Decatur, Gibson, Henderson, Madison"
TN,Farm Credit Mid-America,7605 Hamilton Park Drive,"Chattanooga, TN 37421",Branch,"Hamilton, Marion, Meigs, Rhea, Sequatchie"
TN,Farm Credit Mid-America,100 Nevada Ave,"Greeneville, TN 37745-3409",Branch,"Cocke, Grainger, Greene, Hamblen, Hawkins, Jefferson, Sevier"
TN,Farm Credit Mid-America,676 Pistole Ln,"McMinnville, TN 37110",Branch,"Bledsoe, Coffee, Dekalb, Grundy, Van Buren, Warren"
TN,Farm Credit Mid-America,18075 US-64,"Somerville, TN 38068-6169",Branch,"Chester, Fayette, Hardeman, Hardin, McNairy, Shelby"
TN,Farm Credit Mid-America,710 Henslee Dr,"Dickson, TN 37055",Branch,"Dickson, Hickman, Humphreys, Lewis, Perry"
TN,Farm Credit Mid-America,800 Morrow St,"Dresden, TN 38225",Branch,"Benton, Carroll, Henry, Obion, Weakley"
TN,Farm Credit Mid-America,100 Nevada Ave,"Greeneville, TN 37745-3409",Branch,"Cocke, Grainger, Greene, Hamblen, Hawkins, Jefferson, Sevier"
TN,Farm Credit Mid-America,800 US 51 North,"Ripley, TN 38063",Branch,"Dyer, Haywood, Lake, Lauderdale, Tipton"
TN,Farm Credit Mid-America,5189 Hwy 41 N,"Springfield, TN 37172",Branch,"Cheatham, Davidson, Houston, Montgomery, Robertson, Stewart, Sumner"
TN,Farm Credit Mid-America,104 Brighton Dr,"Humboldt, TN 38343",Branch,"Crockett, Decatur, Gibson, Henderson, Madison"
TN,Farm Credit Mid-America,1285 S Walnut Ave,"Cookeville, TN 38501",Branch,"Bledsoe, Clay, Cumberland, Fentress, Jackson, Overton, Pickett, Putnam, White"
TN,Farm Credit Mid-America,710 Henslee Dr,"Dickson, TN 37055",Branch,"Dickson, Hickman, Humphreys, Lewis, Perry"
TN,Farm Credit Mid-America,100 Nevada Ave,"Greeneville, TN 37745-3409",Branch,"Cocke, Grainger, Greene, Hamblen, Hawkins, Jefferson, Sevier"
TN,Farm Credit Mid-America,109 Centre Park Dr,"Johnson City, TN 37615",Branch,"Carter, Johnson, Sullivan, Unicoi, Washington"
TN,Farm Credit Mid-America,716 Callahan Dr,"Knoxville, TN 37912",Branch,"Anderson, Blount, Knox, Loudon, Roane"
TN,Farm Credit Mid-America,800 US 51 North,"Ripley, TN 38063",Branch,"Dyer, Haywood, Lake, Lauderdale, Tipton"
TN,Farm Credit Mid-America,4389 W Keiser Ave,"Osceola, AR 72370",Branch,"Lauderdale, Mississippi, Shelby, Tipton"
TN,River Valley AgCredit,1117 Congress Parkway,"Athens, TN 37303",Branch,"McMinn, Meigs, Monroe"
TN,Farm Credit Mid-America,812 Congress Pkwy N,"Athens, TN 37303",Branch,"Bradley, Loudon, McMinn, Meigs, Monroe, Polk, Roane"
TN,Farm Credit Mid-America,710 Henslee Dr,"Dickson, TN 37055",Branch,"Dickson, Hickman, Humphreys, Lewis, Perry"
TN,Farm Credit Mid-America,4 Chenault Ford Rd,"Fayetteville, TN 37334",Branch,"Franklin, Lincoln"
TN,Farm Credit Mid-America,716 Callahan Dr,"Knoxville, TN 37912",Branch,"Anderson, Blount, Knox, Loudon, Roane"
TN,Farm Credit Mid-America,449 Crews Street,"Lawrenceburg, TN 38464",Branch,"Giles, Lawrence, Wayne"
TN,River Valley AgCredit,2052 Hwy 72,"Loudon, TN 37774",Branch,"Loudon, Monroe, Roane"
TN,Farm Credit Mid-America,800 US 51 North,"Ripley, TN 38063",Branch,"Dyer, Haywood, Lake, Lauderdale, Tipton"
TN,Farm Credit Mid-America,1908 Madison St,"Shelbyville, TN 37160",Branch,"Bedford, Franklin, Lincoln, Moore"
TN,Farm Credit Mid-America,7605 Hamilton Park Drive,"Chattanooga, TN 37421",Branch,"Hamilton, Marion, Meigs, Rhea, Sequatchie"
TN,Farm Credit Mid-America,1630 Nashville Hwy,"Columbia, TN 38401",Branch,"Marshall, Maury, Williamson"
TN,Farm Credit Mid-America,1212 South Hartmann Drive,"Lebanon, TN 37090",Branch,"Macon, Smith, Trousdale, Wilson"
TN,Farm Credit Mid-America,18075 US-64,"Somerville, TN 38068-6169",Branch,"Chester, Fayette, Hardeman, Hardin, McNairy, Shelby"
TN,Farm Credit Mid-America,104 Brighton Dr,"Humboldt, TN 38343",Branch,"Crockett, Decatur, Gibson, Henderson, Madison"
TN,River Valley AgCredit,1117 Congress Parkway,"Athens, TN 37303",Branch,"McMinn, Meigs, Monroe"
TN,Farm Credit Mid-America,812 Congress Pkwy N,"Athens, TN 37303",Branch,"Bradley, Loudon, McMinn, Meigs, Monroe, Polk, Roane"
TN,Farm Credit Mid-America,7605 Hamilton Park Drive,"Chattanooga, TN 37421",Branch,"Hamilton, Marion, Meigs, Rhea, Sequatchie"
TN,Farm Credit Mid-America,800 Morrow St,"Dresden, TN 38225",Branch,"Benton, Carroll, Henry, Obion, Weakley"
TN,River Valley AgCredit,2052 Hwy 72,"Loudon, TN 37774",Branch,"Loudon, Monroe, Roane"
TN,Farm Credit Mid-America,1908 Madison St,"Shelbyville, TN 37160",Branch,"Bedford, Franklin, Lincoln, Moore"
TN,Farm Credit Mid-America,5189 Hwy 41 N,"Springfield, TN 37172",Branch,"Cheatham, Davidson, Houston, Montgomery, Robertson, Stewart, Sumner"
TN,Farm Credit Mid-America,812 Congress Pkwy N,"Athens, TN 37303",Branch,"Bradley, Loudon, McMinn, Meigs, Monroe, Polk, Roane"
TN,Farm Credit Mid-America,7605 Hamilton Park Drive,"Chattanooga, TN 37421",Branch,"Hamilton, Marion, Meigs, Rhea, Sequatchie"
TN,River Valley AgCredit,2620 APD 40,"Cleveland, TN 37320",Branch,"Bradley, Polk"
TN,Farm Credit Mid-America,1285 S Walnut Ave,"Cookeville, TN 38501",Branch,"Bledsoe, Clay, Cumberland, Fentress, Jackson, Overton, Pickett, Putnam, White"
TN,River Valley AgCredit,230 Main Street,"Dayton, TN 37321",Branch,
TN,Farm Credit Mid-America,710 Henslee Dr,"Dickson, TN 37055",Branch,"Dickson, Hickman, Humphreys, Lewis, Perry"
TN,Farm Credit Mid-America,812 Congress Pkwy N,"Athens, TN 37303",Branch,"Bradley, Loudon, McMinn, Meigs, Monroe, Polk, Roane"
TN,Farm Credit Mid-America,7605 Hamilton Park Drive,"Chattanooga, TN 37421",Branch,"Hamilton, Marion, Meigs, Rhea, Sequatchie"
TN,Farm Credit Mid-America,100 Nevada Ave,"Greeneville, TN 37745-3409",Branch,"Cocke, Grainger, Greene, Hamblen, Hawkins, Jefferson, Sevier"
TN,Farm Credit Mid-America,716 Callahan Dr,"Knoxville, TN 37912",Branch,"Anderson, Blount, Knox, Loudon, Roane"
TN,River Valley AgCredit,2052 Hwy 72,"Loudon, TN 37774",Branch,"Loudon, Monroe, Roane"
TN,Farm Credit Mid-America,813 S Church St,"Murfreesboro, TN 37130",Branch,"Cannon, Rutherford"
TN,River Valley AgCredit,600 US Hwy 127 Bypass,"Pikeville, TN 37367",Branch,"Bledsoe, Sequatchie"
TN,Farm Credit Mid-America,5189 Hwy 41 N,"Springfield, TN 37172",Branch,"Cheatham, Davidson, Houston, Montgomery, Robertson, Stewart, Sumner"
TN,Farm Credit Mid-America,4389 W Keiser Ave,"Osceola, AR 72370",Branch,"Lauderdale, Mississippi, Shelby, Tipton"
TN,Farm Credit Mid-America,109 Centre Park Dr,"Johnson City, TN 37615",Branch,"Carter, Johnson, Sullivan, Unicoi, Washington"
TN,Farm Credit Mid-America,1212 South Hartmann Drive,"Lebanon, TN 37090",Branch,"Macon, Smith, Trousdale, Wilson"
TN,Farm Credit Mid-America,800 US 51 North,"Ripley, TN 38063",Branch,"Dyer, Haywood, Lake, Lauderdale, Tipton"
TN,Farm Credit Mid-America,18075 US-64,"Somerville, TN 38068-6169",Branch,"Chester, Fayette, Hardeman, Hardin, McNairy, Shelby"
TN,Farm Credit Mid-America,5189 Hwy 41 N,"Springfield, TN 37172",Branch,"Cheatham, Davidson, Houston, Montgomery, Robertson, Stewart, Sumner"
TN,Farm Credit Mid-America,109 Centre Park Dr,"Johnson City, TN 37615",Branch,"Carter, Johnson, Sullivan, Unicoi, Washington"
TN,Farm Credit Mid-America,1212 South Hartmann Drive,"Lebanon, TN 37090",Branch,"Macon, Smith, Trousdale, Wilson"
TN,Farm Credit Mid-America,676 Pistole Ln,"McMinnville, TN 37110",Branch,"Bledsoe, Coffee, Dekalb, Grundy, Van Buren, Warren"
TN,Farm Credit Mid-America,1630 Nashville Hwy,"Columbia, TN 38401",Branch,"Marshall, Maury, Williamson"
TN,Farm Credit Mid-America,1285 S Walnut Ave,"Cookeville, TN 38501",Branch,"Bledsoe, Clay, Cumberland, Fentress, Jackson, Overton, Pickett, Putnam, White"
TN,Farm Credit Mid-America,800 Morrow St,"Dresden, TN 38225",Branch,"Benton, Carroll, Henry, Obion, Weakley"
TN,Farm Credit Mid-America,449 Crews Street,"Lawrenceburg, TN 38464",Branch,"Giles, Lawrence, Wayne"
TN,Farm Credit Mid-America,1212 South Hartmann Drive,"Lebanon, TN 37090",Branch,"Macon, Smith, Trousdale, Wilson"
TX,AgTexas Farm Credit Services,2001 S Soncy Road,"Amarillo, TX 79124",Branch,"Armstrong, Carson, Dallam, Hansford, Hutchinson, Oldham, Potter, Randall"
TX,Plains Land Bank,5625 Fulton Drive,"Amarillo, TX 79109-4212",Branch,"Armstrong, Carson, Oldham, Potter, Randall"
TX,Capital Farm Credit,101 N 22nd Street,"Lamesa, TX 79331",Branch,"Andrews, Borden, Crane, Dawson, Ector, Gaines, Glasscock, Howard, Martin, Midland, Upton, Winkler"
TX,Texas Farm Credit Services,2003 N John Redditt DR,"Lufkin, TX 75904",Branch,"Angelina, Nacogdoches, Panola, Sabine, San Augustine, Shelby"
TX,Texas Farm Credit Services,3338 Park Street,"Nacogdoches, TX 75961",Branch,"Angelina, Nacogdoches, Panola, Rusk, Sabine, San Augustine, Shelby"
TX,Texas Farm Credit Services,2519 North Stallings Drive,"Nacogdoches, TX 75964",Branch,"Angelina, Nacogdoches, Panola, Sabine, San Augustine, Shelby"
TX,Texas Farm Credit Services,"2209 South Loop 256, Suite #200","Palestine, TX 75801",Branch,"Anderson, Cherokee"
TX,Texas Farm Credit Services,545 S Hwy 77,"Robstown, TX 78380",Branch,"Aransas, Bee, Brooks, Jim Wells, Kenedy, Kleberg, Live Oak, Nueces, Refugio, San Patricio"
TX,Capital Farm Credit,3749 FM 1889,"Robstown, TX 78380",Branch,"Aransas, Brooks, Duval, Jim Wells, Kenedy, Kleberg, Nueces, Refugio, San Patricio"
TX,Capital Farm Credit,5111 College Avenue,"Snyder, TX 79549",Branch,"Andrews, Borden, Dawson, Fisher, Howard, Kent, Martin, Midland, Mitchell, Nolan, Scurry"
TX,Texas Farm Credit Services,4608 Kinsey Drive,"Tyler, TX 75703",Branch,"Anderson, Cherokee, Henderson, Smith"
TX,Capital Farm Credit,5363 Kell Blvd West,"Wichita Falls, TX 76308",Branch,"Archer, Clay, Stephens, Throckmorton, Wichita, Young"
TX,Texas Farm Credit Services,3272 Hwy 16S,"Bandera, TX 78003",Branch,"Bandera, Kerr, Medina, Real"
TX,Capital Farm Credit,8 E Palm Street,"Bellville, TX 77418",Branch,"Austin, Colorado, Waller, Washington"
TX,Texas Farm Credit Services,1301 Highway 290 E,"Brenham, TX 77833",Branch,"Austin, Fayette, Lavaca, Lee, Waller, Washington"
TX,Central Texas Farm Credit,550 S 2nd St,"Haskell, TX 79521",Branch,"Baylor, Haskell, Jones, Knox, Stonewall"
TX,AgTexas Farm Credit Services,1502 W. 1st St.,"Hereford, TX 79045",Branch,"Bailey, Castro, Deaf Smith, Lamb, Parmer"
TX,Capital Farm Credit,1760 East State Hwy 97,"Jourdanton, TX 78026",Branch,"Atascosa, McMullen"
TX,Capital Farm Credit,1001 Sidney Baker Street,"Kerrville, TX 78028",Branch,"Bandera, Blanco, Gillespie, Kendall, Kerr"
TX,Capital Farm Credit,456 N Jefferson,"LaGrange, TX 78945",Branch,"Bastrop, Fayette, Gonzales, Lavaca, Lee"
TX,Capital Farm Credit,1601 W American Blvd,"Muleshoe, TX 79347",Branch,"Bailey, Parmer"
TX,Capital Farm Credit,151 S Munday Avenue,"Munday, TX 76371",Branch,"Baylor, Foard, Haskell, Knox, Throckmorton"
TX,Texas Farm Credit Services,802 W. Oaklawn,"Pleasanton, TX 78064",Branch,"Atascosa, DeWitt, Dimmit, Duval, Frio, Goliad, Karnes, La Salle, McMullen"
TX,Capital Farm Credit,2704 Medical Parkway,"Taylor, TX 76574",Branch,"Bastrop, Lee, Milam, Travis, Williamson"
TX,Capital Farm Credit,702 W 5th Street,"Clifton, TX 76634",Branch,
TX,AgTrust Farm Credit,4411 South Interstate 35,"Georgetown, TX 78626",Branch,"Bell, Falls, Milam, Williamson"
TX,Capital Farm Credit,403 N Sunset Strip Hwy 181,"Kenedy, TX 78119",Branch,"Bee, DeWitt, Goliad, Karnes, Live Oak, Wilson"
TX,Capital Farm Credit,1001 Sidney Baker Street,"Kerrville, TX 78028",Branch,"Bandera, Blanco, Gillespie, Kendall, Kerr"
TX,Capital Farm Credit,101 N 22nd Street,"Lamesa, TX 79331",Branch,"Andrews, Borden, Crane, Dawson, Ector, Gaines, Glasscock, Howard, Martin, Midland, Upton, Winkler"
TX,Texas Farm Credit Services,545 S Hwy 77,"Robstown, TX 78380",Branch,"Aransas, Bee, Brooks, Jim Wells, Kenedy, Kleberg, Live Oak, Nueces, Refugio, San Patricio"
TX,Texas Farm Credit Services,16011 Via Shavano,"San Antonio, TX 78249",Branch,"Bexar, Gonzales, Guadalupe, Wilson"
TX,Capital Farm Credit,"2330 Loop 1604 West, Ste. 110","San Antonio, TX 78248",Branch,
TX,Capital Farm Credit,5111 College Avenue,"Snyder, TX 79549",Branch,"Andrews, Borden, Dawson, Fisher, Howard, Kent, Martin, Midland, Mitchell, Nolan, Scurry"
TX,AgTrust Farm Credit,400 E 3rd St,"Sweetwater, TX 79556",Branch,"Borden, Fisher, Kent, Mitchell, Nolan, Scurry"
TX,Capital Farm Credit,2115 Bird Creek Terrace,"Temple, TX 76533",Branch,"Bell, Falls, Milam"
TX,Capital Farm Credit,108 W Avenue E,"Alpine, TX 79830",Branch,"Brewster, Culberson, El Paso, Hudspeth, Jeff Davis, Loving, Pecos, Presidio, Reeves, Terrell, Ward"
TX,Capital Farm Credit,2013 Avenue C,"Bay City, TX 77414",Branch,"Brazos, Matagorda"
TX,Capital Farm Credit,3902 S Traditions Drive,"College Station, TX 77845",Branch,"Brazos, Burleson, Grimes, Robertson"
TX,Capital Farm Credit,1807 North Mechanic,"El Campo, TX 77437",Branch,"Brazoria, Calhoun, Colorado, Fort Bend, Galveston, Harris, Jackson, Matagorda, Refugio, Victoria, Wharton"
TX,Capital Farm Credit,707 Bailey Street,"Matador, TX 79244",Branch,"Briscoe, Dickens, Hall, Motley"
TX,AgTrust Farm Credit,516 James Bowie Dr,"New Boston, TX 75570",Branch,"Bowie, Cass, Morris"
TX,AgTexas Farm Credit Services,104 I-27 Frontage,"Plainview, TX 79072",Branch,"Briscoe, Floyd, Hale, Swisher"
TX,Plains Land Bank,3102 W 7th ST,"Plainview, TX 79072",Branch,"Briscoe, Floyd, Hale, Hall, Motley"
TX,Texas Farm Credit Services,545 S Hwy 77,"Robstown, TX 78380",Branch,"Aransas, Bee, Brooks, Jim Wells, Kenedy, Kleberg, Live Oak, Nueces, Refugio, San Patricio"
TX,Capital Farm Credit,3749 FM 1889,"Robstown, TX 78380",Branch,"Aransas, Brooks, Duval, Jim Wells, Kenedy, Kleberg, Nueces, Refugio, San Patricio"
TX,Texas Farm Credit Services,1305 Shannon RD E,"Sulphur Spgs, TX 75482-3043",Branch,"Bowie, Camp, Cass, Franklin, Hopkins, Hunt, Morris, Rains, Red River, Titus"
TX,Capital Farm Credit,"1217 E. S. 11th, Suite A","Abilene, TX 79602",Branch,"Callahan, Coleman, Fisher, Jones, Nolan, Runnels, Shackelford, Taylor"
TX,Central Texas Farm Credit,1026 Early Blvd,"Early, TX 76802",Branch,"Brown, Comanche, Mills"
TX,Capital Farm Credit,3902 S Traditions Drive,"College Station, TX 77845",Branch,"Brazos, Burleson, Grimes, Robertson"
TX,Capital Farm Credit,"101 N Pierce St, Suite 1","Burnet, TX 78611",Branch,"Burnet, Lampasas"
TX,Central Texas Farm Credit,215 West Elm Street,"Coleman, TX 76834",Branch,"Callahan, Coleman"
TX,Capital Farm Credit,808 N Wells Street,"Edna, TX 77957",Branch,"Calhoun, Jackson, Refugio, Victoria"
TX,Capital Farm Credit,1807 North Mechanic,"El Campo, TX 77437",Branch,"Brazoria, Calhoun, Colorado, Fort Bend, Galveston, Harris, Jackson, Matagorda, Refugio, Victoria, Wharton"
TX,AgTrust Farm Credit,413 S Western Ave,"Lampasas, TX 76550",Branch,"Burnet, Hamilton, Lampasas"
TX,Capital Farm Credit,1420 S Colorado,"Lockhart, TX 78644",Branch,"Caldwell, Comal, Gonzales, Guadalupe, Hays, Lavaca"
TX,AgTexas Farm Credit Services,3145 W. Washington,"Stephenville, TX 76401",Branch,"Brown, Comanche, Eastland, Erath, Hamilton, Hood, Somervell"
TX,AgTexas Farm Credit Services,2001 S Soncy Road,"Amarillo, TX 79124",Branch,"Armstrong, Carson, Dallam, Hansford, Hutchinson, Oldham, Potter, Randall"
TX,Plains Land Bank,5625 Fulton Drive,"Amarillo, TX 79109-4212",Branch,"Armstrong, Carson, Oldham, Potter, Randall"
TX,Texas Farm Credit Services,7185 I-10 South,"Beaumont, TX 77705",Branch,"Chambers, Hardin, Jasper, Jefferson, Liberty, Newton, Orange, Tyler"
TX,Capital Farm Credit,907 W Clayton FM 1960,"Dayton, TX 77535",Branch,"Chambers, Hardin, Jasper, Jefferson, Liberty, Newton, Orange, Tyler"
TX,Capital Farm Credit,105 W Bedford,"Dimmitt, TX 79027",Branch,
TX,Capital Farm Credit,"8122 West Expressway 83, Suite 1","Harlingen, TX 78552",Branch,"Cameron, Willacy"
TX,AgTexas Farm Credit Services,1502 W. 1st St.,"Hereford, TX 79045",Branch,"Bailey, Castro, Deaf Smith, Lamb, Parmer"
TX,AgTrust Farm Credit,516 James Bowie Dr,"New Boston, TX 75570",Branch,"Bowie, Cass, Morris"
TX,Texas Farm Credit Services,137 S Eighth,"Raymondville, TX 78580",Branch,"Cameron, Willacy"
TX,Texas Farm Credit Services,1305 Shannon RD E,"Sulphur Spgs, TX 75482-3043",Branch,"Bowie, Camp, Cass, Franklin, Hopkins, Hunt, Morris, Rains, Red River, Titus"
TX,AgTrust Farm Credit,4501 N Prince St,"Clovis, NM 88101",Branch,"Bernalillo, Catron, Chaves, Cibola, Cochran, Colfax, Curry, De Baca, Dona Ana, Eddy, Grant, Guadalupe, Guadalupe, Harding, Hidalgo, Hidalgo, Lea, Lincoln, Los Alamos, Luna, McKinley, Mora, Otero, Quay, Rio Arriba, Roosevelt, San Juan, San Miguel, Sandoval, Santa Fe, Sierra, Socorro, Taos, Torrance, Union, Valencia"
TX,Capital Farm Credit,"1217 E. S. 11th, Suite A","Abilene, TX 79602",Branch,"Callahan, Coleman, Fisher, Jones, Nolan, Runnels, Shackelford, Taylor"
TX,Capital Farm Credit,"708 Hwy 59 N, Suite A","Bowie, TX 76230",Branch,"Clay, Jack, Montague, Palo Pinto"
TX,Capital Farm Credit,Highway 83 North,"Childress, TX 79201",Branch,"Childress, Collingsworth, Cottle, Donley, Foard, Hall, Hardeman, King, Wheeler"
TX,Central Texas Farm Credit,215 West Elm Street,"Coleman, TX 76834",Branch,"Callahan, Coleman"
TX,AgTexas Farm Credit Services,301 Highway 114,"Levelland, TX 79336",Branch,"Cochran, Hockley"
TX,Capital Farm Credit,613 Avenue G,"Levelland, TX 79336",Branch,"Cochran, Hockley, Terry, Yoakum"
TX,Texas Farm Credit Services,"2209 South Loop 256, Suite #200","Palestine, TX 75801",Branch,"Anderson, Cherokee"
TX,Central Texas Farm Credit,1021 S Koenigheim,"San Angelo, TX 76903",Branch,"Coke, Irion, Reagan, Runnels, Sterling, Tom Green"
TX,Capital Farm Credit,1701 W Loop 306,"San Angelo, TX 76904",Branch,"Coke, Concho, Crane, Crockett, Ector, Glasscock, Irion, Kimble, Loving, Menard, Reagan, Runnels, Schleicher, Sterling, Sutton, Tom Green, Upton, Ward, Winkler"
TX,Texas Farm Credit Services,4608 Kinsey Drive,"Tyler, TX 75703",Branch,"Anderson, Cherokee, Henderson, Smith"
TX,Capital Farm Credit,5363 Kell Blvd West,"Wichita Falls, TX 76308",Branch,"Archer, Clay, Stephens, Throckmorton, Wichita, Young"
TX,Capital Farm Credit,8 E Palm Street,"Bellville, TX 77418",Branch,"Austin, Colorado, Waller, Washington"
TX,Central Texas Farm Credit,203 S Blackburn St,"Brady, TX 76825",Branch,"Concho, McCulloch, Menard, San Saba"
TX,Central Texas Farm Credit,1026 Early Blvd,"Early, TX 76802",Branch,"Brown, Comanche, Mills"
TX,Capital Farm Credit,Highway 83 North,"Childress, TX 79201",Branch,"Childress, Collingsworth, Cottle, Donley, Foard, Hall, Hardeman, King, Wheeler"
TX,Central Texas Farm Credit,1414 N. Austin,"Comanche, TX 76442",Branch,
TX,Capital Farm Credit,1807 North Mechanic,"El Campo, TX 77437",Branch,"Brazoria, Calhoun, Colorado, Fort Bend, Galveston, Harris, Jackson, Matagorda, Refugio, Victoria, Wharton"
TX,Texas Farm Credit Services,200 N Dixon ST,"Gainesville, TX 76240-3957",Branch,"Collin, Cooke, Denton"
TX,Capital Farm Credit,1420 S Colorado,"Lockhart, TX 78644",Branch,"Caldwell, Comal, Gonzales, Guadalupe, Hays, Lavaca"
TX,Texas Farm Credit Services,2790 Virginia Pkwy,"McKinney, TX 75071",Branch,"Collin, Dallas, Tarrant"
TX,Capital Farm Credit,475 Oxford Drive,"New Braunfels, TX 78130",Branch,"Comal, Guadalupe"
TX,Capital Farm Credit,1701 W Loop 306,"San Angelo, TX 76904",Branch,"Coke, Concho, Crane, Crockett, Ector, Glasscock, Irion, Kimble, Loving, Menard, Reagan, Runnels, Schleicher, Sterling, Sutton, Tom Green, Upton, Ward, Winkler"
TX,Central Texas Farm Credit,110 North High Street,"San Saba, TX 76877",Branch,"Concho, McCulloch, Menard, San Saba"
TX,AgTexas Farm Credit Services,3145 W. Washington,"Stephenville, TX 76401",Branch,"Brown, Comanche, Eastland, Erath, Hamilton, Hood, Somervell"
TX,Capital Farm Credit,501 Alan L Bean Blvd,"Wheeler, TX 79096",Branch,"Collingsworth, Gray, Hemphill, Wheeler"
TX,Capital Farm Credit,Highway 83 North,"Childress, TX 79201",Branch,"Childress, Collingsworth, Cottle, Donley, Foard, Hall, Hardeman, King, Wheeler"
TX,Capital Farm Credit,207 S Berkshire,"Crosbyton, TX 79322",Branch,
TX,Texas Farm Credit Services,200 N Dixon ST,"Gainesville, TX 76240-3957",Branch,"Collin, Cooke, Denton"
TX,Capital Farm Credit,101 N 22nd Street,"Lamesa, TX 79331",Branch,"Andrews, Borden, Crane, Dawson, Ector, Gaines, Glasscock, Howard, Martin, Midland, Upton, Winkler"
TX,AgTexas Farm Credit Services,6901 Quaker Avenue,"Lubbock, TX 79413",Branch,"Crosby, Garza, Lubbock, Lynn"
TX,Capital Farm Credit,1701 W Loop 306,"San Angelo, TX 76904",Branch,"Coke, Concho, Crane, Crockett, Ector, Glasscock, Irion, Kimble, Loving, Menard, Reagan, Runnels, Schleicher, Sterling, Sutton, Tom Green, Upton, Ward, Winkler"
TX,AgTrust Farm Credit,3441 North FM 1417,"Sherman, TX 75092",Branch,"Cooke, Fannin, Grayson"
TX,Capital Farm Credit,108 W Avenue E,"Alpine, TX 79830",Branch,"Brewster, Culberson, El Paso, Hudspeth, Jeff Davis, Loving, Pecos, Presidio, Reeves, Terrell, Ward"
TX,AgTexas Farm Credit Services,2001 S Soncy Road,"Amarillo, TX 79124",Branch,"Armstrong, Carson, Dallam, Hansford, Hutchinson, Oldham, Potter, Randall"
TX,Texas Farm Credit Services,112 E Hwy 82,"Bonham, TX 75418",Branch,"Dallas, Delta, Fannin, Grayson, Lamar"
TX,AgTrust Farm Credit,210 N Ridgeway,"Cleburne, TX 76033",Branch,"Dallas, Hood, Johnson, Somervell, Tarrant"
TX,Capital Farm Credit,201 W 5th Street,"Dalhart, TX 79022",Branch,"Dallam, Hartley, Moore, Sherman"
TX,Texas Farm Credit Services,6174 Sherry LN,"Dallas, TX 75225-6314",Branch,
TX,AgTrust Farm Credit,3905 Morse St,"Denton, TX 76208",Branch,"Dallas, Denton, Wise"
TX,AgTexas Farm Credit Services,1315 E 1st,"Dumas, TX 79029",Branch,"Dallam, Hansford, Hartley, Hutchinson, Moore, Sherman"
TX,Capital Farm Credit,"8340 Gateway East, Suite 208","El Paso, TX 79907",Branch,"Culberson, El Paso, Hudspeth"
TX,Texas Farm Credit Services,6451 Camp Bowie Blvd,"Fort Worth, TX 76116",Branch,"Dallas, Tarrant"
TX,AgTrust Farm Credit,5600 Clearfork Main St,"Fort Worth, TX 76109",Branch,"Dallas, Denton, Tarrant, Wise"
TX,AgTexas Farm Credit Services,1502 W. 1st St.,"Hereford, TX 79045",Branch,"Bailey, Castro, Deaf Smith, Lamb, Parmer"
TX,Capital Farm Credit,1400 W Park Avenue,"Hereford, TX 79045",Branch,"Deaf Smith, Parmer"
TX,AgTrust Farm Credit,219 E Franklin St,"Hillsboro, TX 76645",Branch,"Dallas, Ellis, Hill"
TX,Capital Farm Credit,101 N 22nd Street,"Lamesa, TX 79331",Branch,"Andrews, Borden, Crane, Dawson, Ector, Gaines, Glasscock, Howard, Martin, Midland, Upton, Winkler"
TX,Texas Farm Credit Services,2790 Virginia Pkwy,"McKinney, TX 75071",Branch,"Collin, Dallas, Tarrant"
TX,AgTrust Farm Credit,655 Clarksville St,"Paris, TX 75460-5933",Branch,"Delta, Lamar, Red River"
TX,Capital Farm Credit,5111 College Avenue,"Snyder, TX 79549",Branch,"Andrews, Borden, Dawson, Fisher, Howard, Kent, Martin, Midland, Mitchell, Nolan, Scurry"
TX,Capital Farm Credit,Highway 83 North,"Childress, TX 79201",Branch,"Childress, Collingsworth, Cottle, Donley, Foard, Hall, Hardeman, King, Wheeler"
TX,AgTrust Farm Credit,3905 Morse St,"Denton, TX 76208",Branch,"Dallas, Denton, Wise"
TX,AgTrust Farm Credit,5600 Clearfork Main St,"Fort Worth, TX 76109",Branch,"Dallas, Denton, Tarrant, Wise"
TX,Texas Farm Credit Services,200 N Dixon ST,"Gainesville, TX 76240-3957",Branch,"Collin, Cooke, Denton"
TX,Capital Farm Credit,403 N Sunset Strip Hwy 181,"Kenedy, TX 78119",Branch,"Bee, DeWitt, Goliad, Karnes, Live Oak, Wilson"
TX,Capital Farm Credit,"10410 Medical Loop, Suite 5D","Laredo, TX 78045",Branch,"Duval, Jim Hogg, Webb, Zapata"
TX,Capital Farm Credit,707 Bailey Street,"Matador, TX 79244",Branch,"Briscoe, Dickens, Hall, Motley"
TX,Capital Farm Credit,424 N Hobart,"Pampa, TX 79066",Branch,"Donley, Gray, Roberts, Wheeler"
TX,Texas Farm Credit Services,802 W. Oaklawn,"Pleasanton, TX 78064",Branch,"Atascosa, DeWitt, Dimmit, Duval, Frio, Goliad, Karnes, La Salle, McMullen"
TX,Capital Farm Credit,3749 FM 1889,"Robstown, TX 78380",Branch,"Aransas, Brooks, Duval, Jim Wells, Kenedy, Kleberg, Nueces, Refugio, San Patricio"
TX,Capital Farm Credit,515 Sterley,"Spur, TX 79370",Branch,"Dickens, Kent, King, Stonewall"
TX,Capital Farm Credit,108 W Avenue E,"Alpine, TX 79830",Branch,"Brewster, Culberson, El Paso, Hudspeth, Jeff Davis, Loving, Pecos, Presidio, Reeves, Terrell, Ward"
TX,Capital Farm Credit,"8340 Gateway East, Suite 208","El Paso, TX 79907",Branch,"Culberson, El Paso, Hudspeth"
TX,AgTexas Farm Credit Services,1316 Corsicana Hwy,"Hillsboro, TX 76645",Branch,"Ellis, Hill, Navarro"
TX,AgTrust Farm Credit,219 E Franklin St,"Hillsboro, TX 76645",Branch,"Dallas, Ellis, Hill"
TX,Capital Farm Credit,101 N 22nd Street,"Lamesa, TX 79331",Branch,"Andrews, Borden, Crane, Dawson, Ector, Gaines, Glasscock, Howard, Martin, Midland, Upton, Winkler"
TX,Capital Farm Credit,1701 W Loop 306,"San Angelo, TX 76904",Branch,"Coke, Concho, Crane, Crockett, Ector, Glasscock, Irion, Kimble, Loving, Menard, Reagan, Runnels, Schleicher, Sterling, Sutton, Tom Green, Upton, Ward, Winkler"
TX,AgTexas Farm Credit Services,3145 W. Washington,"Stephenville, TX 76401",Branch,"Brown, Comanche, Eastland, Erath, Hamilton, Hood, Somervell"
TX,AgTrust Farm Credit,101 East Rd,"Stephenville, TX 76401",Branch,"Eastland, Erath, Hood, Palo Pinto, Shackelford, Stephens, Throckmorton, Young"
TX,Texas Farm Credit Services,244 N Getty,"Uvalde, TX 78801",Branch,"Edwards, Kinney, Maverick, Uvalde, Val Verde, Zavala"
TX,Capital Farm Credit,"1217 E. S. 11th, Suite A","Abilene, TX 79602",Branch,"Callahan, Coleman, Fisher, Jones, Nolan, Runnels, Shackelford, Taylor"
TX,Texas Farm Credit Services,112 E Hwy 82,"Bonham, TX 75418",Branch,"Dallas, Delta, Fannin, Grayson, Lamar"
TX,Texas Farm Credit Services,1301 Highway 290 E,"Brenham, TX 77833",Branch,"Austin, Fayette, Lavaca, Lee, Waller, Washington"
TX,Capital Farm Credit,Highway 83 North,"Childress, TX 79201",Branch,"Childress, Collingsworth, Cottle, Donley, Foard, Hall, Hardeman, King, Wheeler"
TX,AgTrust Farm Credit,112 S 15th St,"Corsicana, TX 75110",Branch,"Falls, Freestone, Limestone, Navarro"
TX,AgTrust Farm Credit,4411 South Interstate 35,"Georgetown, TX 78626",Branch,"Bell, Falls, Milam, Williamson"
TX,Capital Farm Credit,607A N 1st Street E,"Haskell, TX 79521",Branch,"Foard, Haskell, Jones, King, Knox, Shackelford, Stonewall, Taylor"
TX,Capital Farm Credit,456 N Jefferson,"LaGrange, TX 78945",Branch,"Bastrop, Fayette, Gonzales, Lavaca, Lee"
TX,Capital Farm Credit,151 S Munday Avenue,"Munday, TX 76371",Branch,"Baylor, Foard, Haskell, Knox, Throckmorton"
TX,AgTexas Farm Credit Services,104 I-27 Frontage,"Plainview, TX 79072",Branch,"Briscoe, Floyd, Hale, Swisher"
TX,Plains Land Bank,3102 W 7th ST,"Plainview, TX 79072",Branch,"Briscoe, Floyd, Hale, Hall, Motley"
TX,AgTrust Farm Credit,3441 North FM 1417,"Sherman, TX 75092",Branch,"Cooke, Fannin, Grayson"
TX,Capital Farm Credit,5111 College Avenue,"Snyder, TX 79549",Branch,"Andrews, Borden, Dawson, Fisher, Howard, Kent, Martin, Midland, Mitchell, Nolan, Scurry"
TX,AgTrust Farm Credit,400 E 3rd St,"Sweetwater, TX 79556",Branch,"Borden, Fisher, Kent, Mitchell, Nolan, Scurry"
TX,Capital Farm Credit,2115 Bird Creek Terrace,"Temple, TX 76533",Branch,"Bell, Falls, Milam"
TX,Capital Farm Credit,1725 Deaf Smith,"Vernon, TX 76385",Branch,"Foard, Hardeman, Wilbarger"
TX,AgTrust Farm Credit,112 S 15th St,"Corsicana, TX 75110",Branch,"Falls, Freestone, Limestone, Navarro"
TX,Capital Farm Credit,1807 North Mechanic,"El Campo, TX 77437",Branch,"Brazoria, Calhoun, Colorado, Fort Bend, Galveston, Harris, Jackson, Matagorda, Refugio, Victoria, Wharton"
TX,Texas Farm Credit Services,435 West IH-45,"Fairfield, TX 75840",Branch,"Freestone, Houston, Leon, Limestone"
TX,Capital Farm Credit,245 US Hwy 90 E,"Hondo, TX 78861",Branch,"Frio, Medina"
TX,Capital Farm Credit,101 N 22nd Street,"Lamesa, TX 79331",Branch,"Andrews, Borden, Crane, Dawson, Ector, Gaines, Glasscock, Howard, Martin, Midland, Upton, Winkler"
TX,Texas Farm Credit Services,802 W. Oaklawn,"Pleasanton, TX 78064",Branch,"Atascosa, DeWitt, Dimmit, Duval, Frio, Goliad, Karnes, La Salle, McMullen"
TX,Capital Farm Credit,26611 SW Freeway,"Rosenberg, TX 77471",Branch,"Fort Bend, Galveston, Harris"
TX,AgTexas Farm Credit Services,2015 Hobbs Hwy,"Seminole, TX 79360",Branch,
TX,Texas Farm Credit Services,1305 Shannon RD E,"Sulphur Spgs, TX 75482-3043",Branch,"Bowie, Camp, Cass, Franklin, Hopkins, Hunt, Morris, Rains, Red River, Titus"
TX,Capital Farm Credit,"150 East Main St., Suite 310","Fredricksburg, TX 78624",Branch,
TX,Capital Farm Credit,403 N Sunset Strip Hwy 181,"Kenedy, TX 78119",Branch,"Bee, DeWitt, Goliad, Karnes, Live Oak, Wilson"
TX,Capital Farm Credit,1001 Sidney Baker Street,"Kerrville, TX 78028",Branch,"Bandera, Blanco, Gillespie, Kendall, Kerr"
TX,Capital Farm Credit,456 N Jefferson,"LaGrange, TX 78945",Branch,"Bastrop, Fayette, Gonzales, Lavaca, Lee"
TX,Capital Farm Credit,101 N 22nd Street,"Lamesa, TX 79331",Branch,"Andrews, Borden, Crane, Dawson, Ector, Gaines, Glasscock, Howard, Martin, Midland, Upton, Winkler"
TX,Capital Farm Credit,1420 S Colorado,"Lockhart, TX 78644",Branch,"Caldwell, Comal, Gonzales, Guadalupe, Hays, Lavaca"
TX,AgTexas Farm Credit Services,6901 Quaker Avenue,"Lubbock, TX 79413",Branch,"Crosby, Garza, Lubbock, Lynn"
TX,Capital Farm Credit,5715 50th Street,"Lubbock, TX 79493",Branch,"Garza, Lubbock, Lynn"
TX,Capital Farm Credit,424 N Hobart,"Pampa, TX 79066",Branch,"Donley, Gray, Roberts, Wheeler"
TX,Texas Farm Credit Services,802 W. Oaklawn,"Pleasanton, TX 78064",Branch,"Atascosa, DeWitt, Dimmit, Duval, Frio, Goliad, Karnes, La Salle, McMullen"
TX,Capital Farm Credit,1701 W Loop 306,"San Angelo, TX 76904",Branch,"Coke, Concho, Crane, Crockett, Ector, Glasscock, Irion, Kimble, Loving, Menard, Reagan, Runnels, Schleicher, Sterling, Sutton, Tom Green, Upton, Ward, Winkler"
TX,Texas Farm Credit Services,16011 Via Shavano,"San Antonio, TX 78249",Branch,"Bexar, Gonzales, Guadalupe, Wilson"
TX,Capital Farm Credit,501 Alan L Bean Blvd,"Wheeler, TX 79096",Branch,"Collingsworth, Gray, Hemphill, Wheeler"
TX,AgTrust Farm Credit,4501 N Prince St,"Clovis, NM 88101",Branch,"Bernalillo, Catron, Chaves, Cibola, Cochran, Colfax, Curry, De Baca, Dona Ana, Eddy, Grant, Guadalupe, Guadalupe, Harding, Hidalgo, Hidalgo, Lea, Lincoln, Los Alamos, Luna, McKinley, Mora, Otero, Quay, Rio Arriba, Roosevelt, San Juan, San Miguel, Sandoval, Santa Fe, Sierra, Socorro, Taos, Torrance, Union, Valencia"
TX,Texas Farm Credit Services,112 E Hwy 82,"Bonham, TX 75418",Branch,"Dallas, Delta, Fannin, Grayson, Lamar"
TX,Capital Farm Credit,3902 S Traditions Drive,"College Station, TX 77845",Branch,"Brazos, Burleson, Grimes, Robertson"
TX,Capital Farm Credit,Highway 83 North,"Childress, TX 79201",Branch,"Childress, Collingsworth, Cottle, Donley, Foard, Hall, Hardeman, King, Wheeler"
TX,Legacy Ag Credit,1261 Hwy 271 South,"Gilmer, TX 75645",Branch,"Gregg, Harrison, Marion, Upshur"
TX,Capital Farm Credit,1420 S Colorado,"Lockhart, TX 78644",Branch,"Caldwell, Comal, Gonzales, Guadalupe, Hays, Lavaca"
TX,Capital Farm Credit,707 Bailey Street,"Matador, TX 79244",Branch,"Briscoe, Dickens, Hall, Motley"
TX,Capital Farm Credit,475 Oxford Drive,"New Braunfels, TX 78130",Branch,"Comal, Guadalupe"
TX,AgTexas Farm Credit Services,104 I-27 Frontage,"Plainview, TX 79072",Branch,"Briscoe, Floyd, Hale, Swisher"
TX,Plains Land Bank,3102 W 7th ST,"Plainview, TX 79072",Branch,"Briscoe, Floyd, Hale, Hall, Motley"
TX,Texas Farm Credit Services,16011 Via Shavano,"San Antonio, TX 78249",Branch,"Bexar, Gonzales, Guadalupe, Wilson"
TX,AgTrust Farm Credit,3441 North FM 1417,"Sherman, TX 75092",Branch,"Cooke, Fannin, Grayson"
TX,AgTexas Farm Credit Services,2001 S Soncy Road,"Amarillo, TX 79124",Branch,"Armstrong, Carson, Dallam, Hansford, Hutchinson, Oldham, Potter, Randall"
TX,Texas Farm Credit Services,7185 I-10 South,"Beaumont, TX 77705",Branch,"Chambers, Hardin, Jasper, Jefferson, Liberty, Newton, Orange, Tyler"
TX,Capital Farm Credit,Highway 83 North,"Childress, TX 79201",Branch,"Childress, Collingsworth, Cottle, Donley, Foard, Hall, Hardeman, King, Wheeler"
TX,Capital Farm Credit,907 W Clayton FM 1960,"Dayton, TX 77535",Branch,"Chambers, Hardin, Jasper, Jefferson, Liberty, Newton, Orange, Tyler"
TX,AgTexas Farm Credit Services,1315 E 1st,"Dumas, TX 79029",Branch,"Dallam, Hansford, Hartley, Hutchinson, Moore, Sherman"
TX,Capital Farm Credit,1807 North Mechanic,"El Campo, TX 77437",Branch,"Brazoria, Calhoun, Colorado, Fort Bend, Galveston, Harris, Jackson, Matagorda, Refugio, Victoria, Wharton"
TX,Legacy Ag Credit,1261 Hwy 271 South,"Gilmer, TX 75645",Branch,"Gregg, Harrison, Marion, Upshur"
TX,AgTrust Farm Credit,413 S Western Ave,"Lampasas, TX 76550",Branch,"Burnet, Hamilton, Lampasas"
TX,Plains Land Bank,506 S Main,"Perryton, TX 79070",Branch,"Hansford, Lipscomb, Ochiltree"
TX,Capital Farm Credit,26611 SW Freeway,"Rosenberg, TX 77471",Branch,"Fort Bend, Galveston, Harris"
TX,AgTexas Farm Credit Services,3145 W. Washington,"Stephenville, TX 76401",Branch,"Brown, Comanche, Eastland, Erath, Hamilton, Hood, Somervell"
TX,Capital Farm Credit,1725 Deaf Smith,"Vernon, TX 76385",Branch,"Foard, Hardeman, Wilbarger"
TX,AgTrust Farm Credit,4501 N Prince St,"Clovis, NM 88101",Branch,"Bernalillo, Catron, Chaves, Cibola, Cochran, Colfax, Curry, De Baca, Dona Ana, Eddy, Grant, Guadalupe, Guadalupe, Harding, Hidalgo, Hidalgo, Lea, Lincoln, Los Alamos, Luna, McKinley, Mora, Otero, Quay, Rio Arriba, Roosevelt, San Juan, San Miguel, Sandoval, Santa Fe, Sierra, Socorro, Taos, Torrance, Union, Valencia"
TX,Texas Farm Credit Services,205 S. Palestine St.,"Athens, TX 75751",Branch,
TX,Capital Farm Credit,5900 Southwest Pkwy,"Austin, TX 78735",Branch,"Hays, Travis, Williamson"
TX,Capital Farm Credit,203 N 2nd Street,"Canadian, TX 79014",Branch,"Hemphill, Lipscomb, Roberts, Wheeler"
TX,Capital Farm Credit,201 W 5th Street,"Dalhart, TX 79022",Branch,"Dallam, Hartley, Moore, Sherman"
TX,AgTexas Farm Credit Services,1315 E 1st,"Dumas, TX 79029",Branch,"Dallam, Hansford, Hartley, Hutchinson, Moore, Sherman"
TX,Capital Farm Credit,4704 S Jackson,"Edinburg, TX 78539",Branch,"Hidalgo, Starr"
TX,Central Texas Farm Credit,550 S 2nd St,"Haskell, TX 79521",Branch,"Baylor, Haskell, Jones, Knox, Stonewall"
TX,Capital Farm Credit,607A N 1st Street E,"Haskell, TX 79521",Branch,"Foard, Haskell, Jones, King, Knox, Shackelford, Stonewall, Taylor"
TX,Capital Farm Credit,1420 S Colorado,"Lockhart, TX 78644",Branch,"Caldwell, Comal, Gonzales, Guadalupe, Hays, Lavaca"
TX,Capital Farm Credit,151 S Munday Avenue,"Munday, TX 76371",Branch,"Baylor, Foard, Haskell, Knox, Throckmorton"
TX,Texas Farm Credit Services,4608 Kinsey Drive,"Tyler, TX 75703",Branch,"Anderson, Cherokee, Henderson, Smith"
TX,Texas Farm Credit Services,555 S International Blvd,"Weslaco, TX 78596",Branch,"Hidalgo, Jim Hogg, Starr, Webb, Zapata"
TX,Capital Farm Credit,501 Alan L Bean Blvd,"Wheeler, TX 79096",Branch,"Collingsworth, Gray, Hemphill, Wheeler"
TX,AgTrust Farm Credit,210 N Ridgeway,"Cleburne, TX 76033",Branch,"Dallas, Hood, Johnson, Somervell, Tarrant"
TX,Texas Farm Credit Services,435 West IH-45,"Fairfield, TX 75840",Branch,"Freestone, Houston, Leon, Limestone"
TX,AgTexas Farm Credit Services,1316 Corsicana Hwy,"Hillsboro, TX 76645",Branch,"Ellis, Hill, Navarro"
TX,AgTrust Farm Credit,219 E Franklin St,"Hillsboro, TX 76645",Branch,"Dallas, Ellis, Hill"
TX,Capital Farm Credit,101 N 22nd Street,"Lamesa, TX 79331",Branch,"Andrews, Borden, Crane, Dawson, Ector, Gaines, Glasscock, Howard, Martin, Midland, Upton, Winkler"
TX,AgTexas Farm Credit Services,301 Highway 114,"Levelland, TX 79336",Branch,"Cochran, Hockley"
TX,Capital Farm Credit,613 Avenue G,"Levelland, TX 79336",Branch,"Cochran, Hockley, Terry, Yoakum"
TX,Capital Farm Credit,5111 College Avenue,"Snyder, TX 79549",Branch,"Andrews, Borden, Dawson, Fisher, Howard, Kent, Martin, Midland, Mitchell, Nolan, Scurry"
TX,AgTexas Farm Credit Services,3145 W. Washington,"Stephenville, TX 76401",Branch,"Brown, Comanche, Eastland, Erath, Hamilton, Hood, Somervell"
TX,AgTrust Farm Credit,101 East Rd,"Stephenville, TX 76401",Branch,"Eastland, Erath, Hood, Palo Pinto, Shackelford, Stephens, Throckmorton, Young"
TX,Texas Farm Credit Services,1305 Shannon RD E,"Sulphur Spgs, TX 75482-3043",Branch,"Bowie, Camp, Cass, Franklin, Hopkins, Hunt, Morris, Rains, Red River, Titus"
TX,Capital Farm Credit,108 W Avenue E,"Alpine, TX 79830",Branch,"Brewster, Culberson, El Paso, Hudspeth, Jeff Davis, Loving, Pecos, Presidio, Reeves, Terrell, Ward"
TX,AgTexas Farm Credit Services,2001 S Soncy Road,"Amarillo, TX 79124",Branch,"Armstrong, Carson, Dallam, Hansford, Hutchinson, Oldham, Potter, Randall"
TX,Capital Farm Credit,"708 Hwy 59 N, Suite A","Bowie, TX 76230",Branch,"Clay, Jack, Montague, Palo Pinto"
TX,AgTexas Farm Credit Services,1315 E 1st,"Dumas, TX 79029",Branch,"Dallam, Hansford, Hartley, Hutchinson, Moore, Sherman"
TX,Capital Farm Credit,808 N Wells Street,"Edna, TX 77957",Branch,"Calhoun, Jackson, Refugio, Victoria"
TX,Capital Farm Credit,1807 North Mechanic,"El Campo, TX 77437",Branch,"Brazoria, Calhoun, Colorado, Fort Bend, Galveston, Harris, Jackson, Matagorda, Refugio, Victoria, Wharton"
TX,Capital Farm Credit,"8340 Gateway East, Suite 208","El Paso, TX 79907",Branch,"Culberson, El Paso, Hudspeth"
TX,Texas Farm Credit Services,"5901 Wesley St., Ste. 102","Greenville, TX 75402",Branch,"Hunt, Rockwall"
TX,Central Texas Farm Credit,1021 S Koenigheim,"San Angelo, TX 76903",Branch,"Coke, Irion, Reagan, Runnels, Sterling, Tom Green"
TX,Capital Farm Credit,1701 W Loop 306,"San Angelo, TX 76904",Branch,"Coke, Concho, Crane, Crockett, Ector, Glasscock, Irion, Kimble, Loving, Menard, Reagan, Runnels, Schleicher, Sterling, Sutton, Tom Green, Upton, Ward, Winkler"
TX,Texas Farm Credit Services,1305 Shannon RD E,"Sulphur Spgs, TX 75482-3043",Branch,"Bowie, Camp, Cass, Franklin, Hopkins, Hunt, Morris, Rains, Red River, Titus"
TX,Capital Farm Credit,108 W Avenue E,"Alpine, TX 79830",Branch,"Brewster, Culberson, El Paso, Hudspeth, Jeff Davis, Loving, Pecos, Presidio, Reeves, Terrell, Ward"
TX,Texas Farm Credit Services,7185 I-10 South,"Beaumont, TX 77705",Branch,"Chambers, Hardin, Jasper, Jefferson, Liberty, Newton, Orange, Tyler"
TX,AgTexas Farm Credit Services,117 S. Burleson Blvd.,"Burleson, TX 76028",Branch,"Johnson, Parker, Tarrant, Wise"
TX,AgTrust Farm Credit,210 N Ridgeway,"Cleburne, TX 76033",Branch,"Dallas, Hood, Johnson, Somervell, Tarrant"
TX,Capital Farm Credit,907 W Clayton FM 1960,"Dayton, TX 77535",Branch,"Chambers, Hardin, Jasper, Jefferson, Liberty, Newton, Orange, Tyler"
TX,Capital Farm Credit,"10410 Medical Loop, Suite 5D","Laredo, TX 78045",Branch,"Duval, Jim Hogg, Webb, Zapata"
TX,Texas Farm Credit Services,545 S Hwy 77,"Robstown, TX 78380",Branch,"Aransas, Bee, Brooks, Jim Wells, Kenedy, Kleberg, Live Oak, Nueces, Refugio, San Patricio"
TX,Capital Farm Credit,3749 FM 1889,"Robstown, TX 78380",Branch,"Aransas, Brooks, Duval, Jim Wells, Kenedy, Kleberg, Nueces, Refugio, San Patricio"
TX,Texas Farm Credit Services,555 S International Blvd,"Weslaco, TX 78596",Branch,"Hidalgo, Jim Hogg, Starr, Webb, Zapata"
TX,Capital Farm Credit,"1217 E. S. 11th, Suite A","Abilene, TX 79602",Branch,"Callahan, Coleman, Fisher, Jones, Nolan, Runnels, Shackelford, Taylor"
TX,Central Texas Farm Credit,550 S 2nd St,"Haskell, TX 79521",Branch,"Baylor, Haskell, Jones, Knox, Stonewall"
TX,Capital Farm Credit,607A N 1st Street E,"Haskell, TX 79521",Branch,"Foard, Haskell, Jones, King, Knox, Shackelford, Stonewall, Taylor"
TX,Capital Farm Credit,403 N Sunset Strip Hwy 181,"Kenedy, TX 78119",Branch,"Bee, DeWitt, Goliad, Karnes, Live Oak, Wilson"
TX,Capital Farm Credit,1001 Sidney Baker Street,"Kerrville, TX 78028",Branch,"Bandera, Blanco, Gillespie, Kendall, Kerr"
TX,Texas Farm Credit Services,802 W. Oaklawn,"Pleasanton, TX 78064",Branch,"Atascosa, DeWitt, Dimmit, Duval, Frio, Goliad, Karnes, La Salle, McMullen"
TX,Texas Farm Credit Services,545 S Hwy 77,"Robstown, TX 78380",Branch,"Aransas, Bee, Brooks, Jim Wells, Kenedy, Kleberg, Live Oak, Nueces, Refugio, San Patricio"
TX,Capital Farm Credit,3749 FM 1889,"Robstown, TX 78380",Branch,"Aransas, Brooks, Duval, Jim Wells, Kenedy, Kleberg, Nueces, Refugio, San Patricio"
TX,Texas Farm Credit Services,6540 Alliance DR Ste 130,"Rockwall, TX 75032",Branch,"Kaufman, Rockwall"
TX,Capital Farm Credit,5111 College Avenue,"Snyder, TX 79549",Branch,"Andrews, Borden, Dawson, Fisher, Howard, Kent, Martin, Midland, Mitchell, Nolan, Scurry"
TX,Capital Farm Credit,515 Sterley,"Spur, TX 79370",Branch,"Dickens, Kent, King, Stonewall"
TX,AgTrust Farm Credit,400 E 3rd St,"Sweetwater, TX 79556",Branch,"Borden, Fisher, Kent, Mitchell, Nolan, Scurry"
TX,Legacy Ag Credit,1541 State Highway 34 S,"Terrell, TX 75160",Branch,"Kaufman, Terrell"
TX,Texas Farm Credit Services,3272 Hwy 16S,"Bandera, TX 78003",Branch,"Bandera, Kerr, Medina, Real"
TX,Capital Farm Credit,Highway 83 North,"Childress, TX 79201",Branch,"Childress, Collingsworth, Cottle, Donley, Foard, Hall, Hardeman, King, Wheeler"
TX,Central Texas Farm Credit,550 S 2nd St,"Haskell, TX 79521",Branch,"Baylor, Haskell, Jones, Knox, Stonewall"
TX,Capital Farm Credit,607A N 1st Street E,"Haskell, TX 79521",Branch,"Foard, Haskell, Jones, King, Knox, Shackelford, Stonewall, Taylor"
TX,Capital Farm Credit,1001 Sidney Baker Street,"Kerrville, TX 78028",Branch,"Bandera, Blanco, Gillespie, Kendall, Kerr"
TX,Capital Farm Credit,431 Ft McKavitt Street,"Mason, TX 76856",Branch,"Kimble, Llano, Mason"
TX,Capital Farm Credit,151 S Munday Avenue,"Munday, TX 76371",Branch,"Baylor, Foard, Haskell, Knox, Throckmorton"
TX,Texas Farm Credit Services,545 S Hwy 77,"Robstown, TX 78380",Branch,"Aransas, Bee, Brooks, Jim Wells, Kenedy, Kleberg, Live Oak, Nueces, Refugio, San Patricio"
TX,Capital Farm Credit,3749 FM 1889,"Robstown, TX 78380",Branch,"Aransas, Brooks, Duval, Jim Wells, Kenedy, Kleberg, Nueces, Refugio, San Patricio"
TX,Capital Farm Credit,1701 W Loop 306,"San Angelo, TX 76904",Branch,"Coke, Concho, Crane, Crockett, Ector, Glasscock, Irion, Kimble, Loving, Menard, Reagan, Runnels, Schleicher, Sterling, Sutton, Tom Green, Upton, Ward, Winkler"
TX,Capital Farm Credit,515 Sterley,"Spur, TX 79370",Branch,"Dickens, Kent, King, Stonewall"
TX,Texas Farm Credit Services,244 N Getty,"Uvalde, TX 78801",Branch,"Edwards, Kinney, Maverick, Uvalde, Val Verde, Zavala"
TX,Capital Farm Credit,101 Jolley Street,"Uvalde, TX 78801",Branch,"Kinney, Maverick, Real, Uvalde, Val Verde, Zavala"
TX,Texas Farm Credit Services,112 E Hwy 82,"Bonham, TX 75418",Branch,"Dallas, Delta, Fannin, Grayson, Lamar"
TX,Texas Farm Credit Services,1301 Highway 290 E,"Brenham, TX 77833",Branch,"Austin, Fayette, Lavaca, Lee, Waller, Washington"
TX,Capital Farm Credit,"101 N Pierce St, Suite 1","Burnet, TX 78611",Branch,"Burnet, Lampasas"
TX,AgTexas Farm Credit Services,1502 W. 1st St.,"Hereford, TX 79045",Branch,"Bailey, Castro, Deaf Smith, Lamb, Parmer"
TX,Capital Farm Credit,456 N Jefferson,"LaGrange, TX 78945",Branch,"Bastrop, Fayette, Gonzales, Lavaca, Lee"
TX,AgTrust Farm Credit,413 S Western Ave,"Lampasas, TX 76550",Branch,"Burnet, Hamilton, Lampasas"
TX,Capital Farm Credit,504 Phelps Avenue,"Littlefield, TX 79336",Branch,
TX,Capital Farm Credit,1420 S Colorado,"Lockhart, TX 78644",Branch,"Caldwell, Comal, Gonzales, Guadalupe, Hays, Lavaca"
TX,AgTrust Farm Credit,655 Clarksville St,"Paris, TX 75460-5933",Branch,"Delta, Lamar, Red River"
TX,Texas Farm Credit Services,802 W. Oaklawn,"Pleasanton, TX 78064",Branch,"Atascosa, DeWitt, Dimmit, Duval, Frio, Goliad, Karnes, La Salle, McMullen"
TX,Capital Farm Credit,2704 Medical Parkway,"Taylor, TX 76574",Branch,"Bastrop, Lee, Milam, Travis, Williamson"
TX,Texas Farm Credit Services,7185 I-10 South,"Beaumont, TX 77705",Branch,"Chambers, Hardin, Jasper, Jefferson, Liberty, Newton, Orange, Tyler"
TX,Capital Farm Credit,203 N 2nd Street,"Canadian, TX 79014",Branch,"Hemphill, Lipscomb, Roberts, Wheeler"
TX,AgTrust Farm Credit,112 S 15th St,"Corsicana, TX 75110",Branch,"Falls, Freestone, Limestone, Navarro"
TX,Capital Farm Credit,907 W Clayton FM 1960,"Dayton, TX 77535",Branch,"Chambers, Hardin, Jasper, Jefferson, Liberty, Newton, Orange, Tyler"
TX,Texas Farm Credit Services,435 West IH-45,"Fairfield, TX 75840",Branch,"Freestone, Houston, Leon, Limestone"
TX,Capital Farm Credit,403 N Sunset Strip Hwy 181,"Kenedy, TX 78119",Branch,"Bee, DeWitt, Goliad, Karnes, Live Oak, Wilson"
TX,Capital Farm Credit,335 N May,"Madisonville, TX 77864",Branch,"Leon, Madison, Walker"
TX,Capital Farm Credit,431 Ft McKavitt Street,"Mason, TX 76856",Branch,"Kimble, Llano, Mason"
TX,Capital Farm Credit,502 S Main Street,"Perryton, TX 79070",Branch,"Lipscomb, Ochiltree"
TX,Plains Land Bank,506 S Main,"Perryton, TX 79070",Branch,"Hansford, Lipscomb, Ochiltree"
TX,Texas Farm Credit Services,545 S Hwy 77,"Robstown, TX 78380",Branch,"Aransas, Bee, Brooks, Jim Wells, Kenedy, Kleberg, Live Oak, Nueces, Refugio, San Patricio"
TX,Capital Farm Credit,108 W Avenue E,"Alpine, TX 79830",Branch,"Brewster, Culberson, El Paso, Hudspeth, Jeff Davis, Loving, Pecos, Presidio, Reeves, Terrell, Ward"
TX,Central Texas Farm Credit,203 S Blackburn St,"Brady, TX 76825",Branch,"Concho, McCulloch, Menard, San Saba"
TX,Capital Farm Credit,1760 East State Hwy 97,"Jourdanton, TX 78026",Branch,"Atascosa, McMullen"
TX,AgTexas Farm Credit Services,6901 Quaker Avenue,"Lubbock, TX 79413",Branch,"Crosby, Garza, Lubbock, Lynn"
TX,Capital Farm Credit,5715 50th Street,"Lubbock, TX 79493",Branch,"Garza, Lubbock, Lynn"
TX,Texas Farm Credit Services,802 W. Oaklawn,"Pleasanton, TX 78064",Branch,"Atascosa, DeWitt, Dimmit, Duval, Frio, Goliad, Karnes, La Salle, McMullen"
TX,Capital Farm Credit,1701 W Loop 306,"San Angelo, TX 76904",Branch,"Coke, Concho, Crane, Crockett, Ector, Glasscock, Irion, Kimble, Loving, Menard, Reagan, Runnels, Schleicher, Sterling, Sutton, Tom Green, Upton, Ward, Winkler"
TX,Central Texas Farm Credit,110 North High Street,"San Saba, TX 76877",Branch,"Concho, McCulloch, Menard, San Saba"
TX,AgTrust Farm Credit,337 Enterprise Drive,"Hewitt, TX 76643",Branch,
TX,Capital Farm Credit,2013 Avenue C,"Bay City, TX 77414",Branch,"Brazos, Matagorda"
TX,Capital Farm Credit,1807 North Mechanic,"El Campo, TX 77437",Branch,"Brazoria, Calhoun, Colorado, Fort Bend, Galveston, Harris, Jackson, Matagorda, Refugio, Victoria, Wharton"
TX,Legacy Ag Credit,1261 Hwy 271 South,"Gilmer, TX 75645",Branch,"Gregg, Harrison, Marion, Upshur"
TX,Capital Farm Credit,101 N 22nd Street,"Lamesa, TX 79331",Branch,"Andrews, Borden, Crane, Dawson, Ector, Gaines, Glasscock, Howard, Martin, Midland, Upton, Winkler"
TX,Capital Farm Credit,335 N May,"Madisonville, TX 77864",Branch,"Leon, Madison, Walker"
TX,Capital Farm Credit,431 Ft McKavitt Street,"Mason, TX 76856",Branch,"Kimble, Llano, Mason"
TX,Capital Farm Credit,5111 College Avenue,"Snyder, TX 79549",Branch,"Andrews, Borden, Dawson, Fisher, Howard, Kent, Martin, Midland, Mitchell, Nolan, Scurry"
TX,Texas Farm Credit Services,244 N Getty,"Uvalde, TX 78801",Branch,"Edwards, Kinney, Maverick, Uvalde, Val Verde, Zavala"
TX,Capital Farm Credit,101 Jolley Street,"Uvalde, TX 78801",Branch,"Kinney, Maverick, Real, Uvalde, Val Verde, Zavala"
TX,Texas Farm Credit Services,3272 Hwy 16S,"Bandera, TX 78003",Branch,"Bandera, Kerr, Medina, Real"
TX,Central Texas Farm Credit,203 S Blackburn St,"Brady, TX 76825",Branch,"Concho, McCulloch, Menard, San Saba"
TX,Central Texas Farm Credit,1026 Early Blvd,"Early, TX 76802",Branch,"Brown, Comanche, Mills"
TX,AgTrust Farm Credit,4411 South Interstate 35,"Georgetown, TX 78626",Branch,"Bell, Falls, Milam, Williamson"
TX,Capital Farm Credit,245 US Hwy 90 E,"Hondo, TX 78861",Branch,"Frio, Medina"
TX,Capital Farm Credit,101 N 22nd Street,"Lamesa, TX 79331",Branch,"Andrews, Borden, Crane, Dawson, Ector, Gaines, Glasscock, Howard, Martin, Midland, Upton, Winkler"
TX,Capital Farm Credit,1701 W Loop 306,"San Angelo, TX 76904",Branch,"Coke, Concho, Crane, Crockett, Ector, Glasscock, Irion, Kimble, Loving, Menard, Reagan, Runnels, Schleicher, Sterling, Sutton, Tom Green, Upton, Ward, Winkler"
TX,Central Texas Farm Credit,110 North High Street,"San Saba, TX 76877",Branch,"Concho, McCulloch, Menard, San Saba"
TX,Capital Farm Credit,5111 College Avenue,"Snyder, TX 79549",Branch,"Andrews, Borden, Dawson, Fisher, Howard, Kent, Martin, Midland, Mitchell, Nolan, Scurry"
TX,AgTrust Farm Credit,400 E 3rd St,"Sweetwater, TX 79556",Branch,"Borden, Fisher, Kent, Mitchell, Nolan, Scurry"
TX,Capital Farm Credit,2704 Medical Parkway,"Taylor, TX 76574",Branch,"Bastrop, Lee, Milam, Travis, Williamson"
TX,Capital Farm Credit,2115 Bird Creek Terrace,"Temple, TX 76533",Branch,"Bell, Falls, Milam"
TX,Capital Farm Credit,"708 Hwy 59 N, Suite A","Bowie, TX 76230",Branch,"Clay, Jack, Montague, Palo Pinto"
TX,Capital Farm Credit,1801 W White Oak Terrace,"Conroe, TX 77304",Branch,"Montgomery, San Jacinto, Walker"
TX,Capital Farm Credit,201 W 5th Street,"Dalhart, TX 79022",Branch,"Dallam, Hartley, Moore, Sherman"
TX,AgTexas Farm Credit Services,1315 E 1st,"Dumas, TX 79029",Branch,"Dallam, Hansford, Hartley, Hutchinson, Moore, Sherman"
TX,Texas Farm Credit Services,2003 N John Redditt DR,"Lufkin, TX 75904",Branch,"Angelina, Nacogdoches, Panola, Sabine, San Augustine, Shelby"
TX,Capital Farm Credit,707 Bailey Street,"Matador, TX 79244",Branch,"Briscoe, Dickens, Hall, Motley"
TX,Texas Farm Credit Services,3338 Park Street,"Nacogdoches, TX 75961",Branch,"Angelina, Nacogdoches, Panola, Rusk, Sabine, San Augustine, Shelby"
TX,Texas Farm Credit Services,2519 North Stallings Drive,"Nacogdoches, TX 75964",Branch,"Angelina, Nacogdoches, Panola, Sabine, San Augustine, Shelby"
TX,AgTrust Farm Credit,516 James Bowie Dr,"New Boston, TX 75570",Branch,"Bowie, Cass, Morris"
TX,Plains Land Bank,3102 W 7th ST,"Plainview, TX 79072",Branch,"Briscoe, Floyd, Hale, Hall, Motley"
TX,Texas Farm Credit Services,1305 Shannon RD E,"Sulphur Spgs, TX 75482-3043",Branch,"Bowie, Camp, Cass, Franklin, Hopkins, Hunt, Morris, Rains, Red River, Titus"
TX,Texas Farm Credit Services,8505 Technology Forest Place,"The Woodlands, TX 77381",Branch,"Montgomery, Polk, San Jacinto, Trinity, Walker"
TX,Capital Farm Credit,"1217 E. S. 11th, Suite A","Abilene, TX 79602",Branch,"Callahan, Coleman, Fisher, Jones, Nolan, Runnels, Shackelford, Taylor"
TX,AgTexas Farm Credit Services,2001 S Soncy Road,"Amarillo, TX 79124",Branch,"Armstrong, Carson, Dallam, Hansford, Hutchinson, Oldham, Potter, Randall"
TX,Plains Land Bank,5625 Fulton Drive,"Amarillo, TX 79109-4212",Branch,"Armstrong, Carson, Oldham, Potter, Randall"
TX,Texas Farm Credit Services,7185 I-10 South,"Beaumont, TX 77705",Branch,"Chambers, Hardin, Jasper, Jefferson, Liberty, Newton, Orange, Tyler"
TX,AgTrust Farm Credit,112 S 15th St,"Corsicana, TX 75110",Branch,"Falls, Freestone, Limestone, Navarro"
TX,Capital Farm Credit,907 W Clayton FM 1960,"Dayton, TX 77535",Branch,"Chambers, Hardin, Jasper, Jefferson, Liberty, Newton, Orange, Tyler"
TX,AgTexas Farm Credit Services,1316 Corsicana Hwy,"Hillsboro, TX 76645",Branch,"Ellis, Hill, Navarro"
TX,Capital Farm Credit,502 S Main Street,"Perryton, TX 79070",Branch,"Lipscomb, Ochiltree"
TX,Plains Land Bank,506 S Main,"Perryton, TX 79070",Branch,"Hansford, Lipscomb, Ochiltree"
TX,Texas Farm Credit Services,545 S Hwy 77,"Robstown, TX 78380",Branch,"Aransas, Bee, Brooks, Jim Wells, Kenedy, Kleberg, Live Oak, Nueces, Refugio, San Patricio"
TX,Capital Farm Credit,3749 FM 1889,"Robstown, TX 78380",Branch,"Aransas, Brooks, Duval, Jim Wells, Kenedy, Kleberg, Nueces, Refugio, San Patricio"
TX,Capital Farm Credit,5111 College Avenue,"Snyder, TX 79549",Branch,"Andrews, Borden, Dawson, Fisher, Howard, Kent, Martin, Midland, Mitchell, Nolan, Scurry"
TX,AgTrust Farm Credit,400 E 3rd St,"Sweetwater, TX 79556",Branch,"Borden, Fisher, Kent, Mitchell, Nolan, Scurry"
TX,Capital Farm Credit,108 W Avenue E,"Alpine, TX 79830",Branch,"Brewster, Culberson, El Paso, Hudspeth, Jeff Davis, Loving, Pecos, Presidio, Reeves, Terrell, Ward"
TX,Texas Farm Credit Services,7185 I-10 South,"Beaumont, TX 77705",Branch,"Chambers, Hardin, Jasper, Jefferson, Liberty, Newton, Orange, Tyler"
TX,Capital Farm Credit,"708 Hwy 59 N, Suite A","Bowie, TX 76230",Branch,"Clay, Jack, Montague, Palo Pinto"
TX,AgTexas Farm Credit Services,117 S. Burleson Blvd.,"Burleson, TX 76028",Branch,"Johnson, Parker, Tarrant, Wise"
TX,Capital Farm Credit,907 W Clayton FM 1960,"Dayton, TX 77535",Branch,"Chambers, Hardin, Jasper, Jefferson, Liberty, Newton, Orange, Tyler"
TX,AgTexas Farm Credit Services,1502 W. 1st St.,"Hereford, TX 79045",Branch,"Bailey, Castro, Deaf Smith, Lamb, Parmer"
TX,Capital Farm Credit,1400 W Park Avenue,"Hereford, TX 79045",Branch,"Deaf Smith, Parmer"
TX,Texas Farm Credit Services,2003 N John Redditt DR,"Lufkin, TX 75904",Branch,"Angelina, Nacogdoches, Panola, Sabine, San Augustine, Shelby"
TX,Capital Farm Credit,1601 W American Blvd,"Muleshoe, TX 79347",Branch,"Bailey, Parmer"
TX,Texas Farm Credit Services,2519 North Stallings Drive,"Nacogdoches, TX 75964",Branch,"Angelina, Nacogdoches, Panola, Sabine, San Augustine, Shelby"
TX,Texas Farm Credit Services,3338 Park Street,"Nacogdoches, TX 75961",Branch,"Angelina, Nacogdoches, Panola, Rusk, Sabine, San Augustine, Shelby"
TX,AgTrust Farm Credit,101 East Rd,"Stephenville, TX 76401",Branch,"Eastland, Erath, Hood, Palo Pinto, Shackelford, Stephens, Throckmorton, Young"
TX,AgTrust Farm Credit,155 East BB Fielder Road,"Weatherford, TX 76087",Branch,"Palo Pinto, Parker"
TX,Capital Farm Credit,108 W Avenue E,"Alpine, TX 79830",Branch,"Brewster, Culberson, El Paso, Hudspeth, Jeff Davis, Loving, Pecos, Presidio, Reeves, Terrell, Ward"
TX,AgTexas Farm Credit Services,2001 S Soncy Road,"Amarillo, TX 79124",Branch,"Armstrong, Carson, Dallam, Hansford, Hutchinson, Oldham, Potter, Randall"
TX,Plains Land Bank,5625 Fulton Drive,"Amarillo, TX 79109-4212",Branch,"Armstrong, Carson, Oldham, Potter, Randall"
TX,Capital Farm Credit,2400 Highway 190 W,"Livingston, TX 77351",Branch,
TX,Central Texas Farm Credit,1021 S Koenigheim,"San Angelo, TX 76903",Branch,"Coke, Irion, Reagan, Runnels, Sterling, Tom Green"
TX,Capital Farm Credit,1701 W Loop 306,"San Angelo, TX 76904",Branch,"Coke, Concho, Crane, Crockett, Ector, Glasscock, Irion, Kimble, Loving, Menard, Reagan, Runnels, Schleicher, Sterling, Sutton, Tom Green, Upton, Ward, Winkler"
TX,Texas Farm Credit Services,1305 Shannon RD E,"Sulphur Spgs, TX 75482-3043",Branch,"Bowie, Camp, Cass, Franklin, Hopkins, Hunt, Morris, Rains, Red River, Titus"
TX,Texas Farm Credit Services,8505 Technology Forest Place,"The Woodlands, TX 77381",Branch,"Montgomery, Polk, San Jacinto, Trinity, Walker"
TX,Capital Farm Credit,108 W Avenue E,"Alpine, TX 79830",Branch,"Brewster, Culberson, El Paso, Hudspeth, Jeff Davis, Loving, Pecos, Presidio, Reeves, Terrell, Ward"
TX,Texas Farm Credit Services,3272 Hwy 16S,"Bandera, TX 78003",Branch,"Bandera, Kerr, Medina, Real"
TX,Capital Farm Credit,3902 S Traditions Drive,"College Station, TX 77845",Branch,"Brazos, Burleson, Grimes, Robertson"
TX,Capital Farm Credit,203 N 2nd Street,"Canadian, TX 79014",Branch,"Hemphill, Lipscomb, Roberts, Wheeler"
TX,Capital Farm Credit,808 N Wells Street,"Edna, TX 77957",Branch,"Calhoun, Jackson, Refugio, Victoria"
TX,Capital Farm Credit,1807 North Mechanic,"El Campo, TX 77437",Branch,"Brazoria, Calhoun, Colorado, Fort Bend, Galveston, Harris, Jackson, Matagorda, Refugio, Victoria, Wharton"
TX,Capital Farm Credit,424 N Hobart,"Pampa, TX 79066",Branch,"Donley, Gray, Roberts, Wheeler"
TX,AgTrust Farm Credit,655 Clarksville St,"Paris, TX 75460-5933",Branch,"Delta, Lamar, Red River"
TX,Texas Farm Credit Services,545 S Hwy 77,"Robstown, TX 78380",Branch,"Aransas, Bee, Brooks, Jim Wells, Kenedy, Kleberg, Live Oak, Nueces, Refugio, San Patricio"
TX,Capital Farm Credit,3749 FM 1889,"Robstown, TX 78380",Branch,"Aransas, Brooks, Duval, Jim Wells, Kenedy, Kleberg, Nueces, Refugio, San Patricio"
TX,Texas Farm Credit Services,1305 Shannon RD E,"Sulphur Spgs, TX 75482-3043",Branch,"Bowie, Camp, Cass, Franklin, Hopkins, Hunt, Morris, Rains, Red River, Titus"
TX,Capital Farm Credit,101 Jolley Street,"Uvalde, TX 78801",Branch,"Kinney, Maverick, Real, Uvalde, Val Verde, Zavala"
TX,Capital Farm Credit,"1217 E. S. 11th, Suite A","Abilene, TX 79602",Branch,"Callahan, Coleman, Fisher, Jones, Nolan, Runnels, Shackelford, Taylor"
TX,Capital Farm Credit,1801 W White Oak Terrace,"Conroe, TX 77304",Branch,"Montgomery, San Jacinto, Walker"
TX,Texas Farm Credit Services,"5901 Wesley St., Ste. 102","Greenville, TX 75402",Branch,"Hunt, Rockwall"
TX,Texas Farm Credit Services,2003 N John Redditt DR,"Lufkin, TX 75904",Branch,"Angelina, Nacogdoches, Panola, Sabine, San Augustine, Shelby"
TX,Texas Farm Credit Services,3338 Park Street,"Nacogdoches, TX 75961",Branch,"Angelina, Nacogdoches, Panola, Rusk, Sabine, San Augustine, Shelby"
TX,Texas Farm Credit Services,2519 North Stallings Drive,"Nacogdoches, TX 75964",Branch,"Angelina, Nacogdoches, Panola, Sabine, San Augustine, Shelby"
TX,Texas Farm Credit Services,6540 Alliance DR Ste 130,"Rockwall, TX 75032",Branch,"Kaufman, Rockwall"
TX,Central Texas Farm Credit,1021 S Koenigheim,"San Angelo, TX 76903",Branch,"Coke, Irion, Reagan, Runnels, Sterling, Tom Green"
TX,Capital Farm Credit,1701 W Loop 306,"San Angelo, TX 76904",Branch,"Coke, Concho, Crane, Crockett, Ector, Glasscock, Irion, Kimble, Loving, Menard, Reagan, Runnels, Schleicher, Sterling, Sutton, Tom Green, Upton, Ward, Winkler"
TX,Texas Farm Credit Services,8505 Technology Forest Place,"The Woodlands, TX 77381",Branch,"Montgomery, Polk, San Jacinto, Trinity, Walker"
TX,Capital Farm Credit,"1217 E. S. 11th, Suite A","Abilene, TX 79602",Branch,"Callahan, Coleman, Fisher, Jones, Nolan, Runnels, Shackelford, Taylor"
TX,Central Texas Farm Credit,203 S Blackburn St,"Brady, TX 76825",Branch,"Concho, McCulloch, Menard, San Saba"
TX,Capital Farm Credit,607A N 1st Street E,"Haskell, TX 79521",Branch,"Foard, Haskell, Jones, King, Knox, Shackelford, Stonewall, Taylor"
TX,Texas Farm Credit Services,2003 N John Redditt DR,"Lufkin, TX 75904",Branch,"Angelina, Nacogdoches, Panola, Sabine, San Augustine, Shelby"
TX,Texas Farm Credit Services,2519 North Stallings Drive,"Nacogdoches, TX 75964",Branch,"Angelina, Nacogdoches, Panola, Sabine, San Augustine, Shelby"
TX,Texas Farm Credit Services,3338 Park Street,"Nacogdoches, TX 75961",Branch,"Angelina, Nacogdoches, Panola, Rusk, Sabine, San Augustine, Shelby"
TX,Texas Farm Credit Services,545 S Hwy 77,"Robstown, TX 78380",Branch,"Aransas, Bee, Brooks, Jim Wells, Kenedy, Kleberg, Live Oak, Nueces, Refugio, San Patricio"
TX,Capital Farm Credit,3749 FM 1889,"Robstown, TX 78380",Branch,"Aransas, Brooks, Duval, Jim Wells, Kenedy, Kleberg, Nueces, Refugio, San Patricio"
TX,Capital Farm Credit,1701 W Loop 306,"San Angelo, TX 76904",Branch,"Coke, Concho, Crane, Crockett, Ector, Glasscock, Irion, Kimble, Loving, Menard, Reagan, Runnels, Schleicher, Sterling, Sutton, Tom Green, Upton, Ward, Winkler"
TX,Central Texas Farm Credit,110 North High Street,"San Saba, TX 76877",Branch,"Concho, McCulloch, Menard, San Saba"
TX,Capital Farm Credit,5111 College Avenue,"Snyder, TX 79549",Branch,"Andrews, Borden, Dawson, Fisher, Howard, Kent, Martin, Midland, Mitchell, Nolan, Scurry"
TX,AgTrust Farm Credit,101 East Rd,"Stephenville, TX 76401",Branch,"Eastland, Erath, Hood, Palo Pinto, Shackelford, Stephens, Throckmorton, Young"
TX,AgTrust Farm Credit,400 E 3rd St,"Sweetwater, TX 79556",Branch,"Borden, Fisher, Kent, Mitchell, Nolan, Scurry"
TX,AgTrust Farm Credit,210 N Ridgeway,"Cleburne, TX 76033",Branch,"Dallas, Hood, Johnson, Somervell, Tarrant"
TX,Capital Farm Credit,201 W 5th Street,"Dalhart, TX 79022",Branch,"Dallam, Hartley, Moore, Sherman"
TX,AgTexas Farm Credit Services,1315 E 1st,"Dumas, TX 79029",Branch,"Dallam, Hansford, Hartley, Hutchinson, Moore, Sherman"
TX,Capital Farm Credit,4704 S Jackson,"Edinburg, TX 78539",Branch,"Hidalgo, Starr"
TX,Texas Farm Credit Services,17752 Highway 69 North,"Lindale, TX 75771",Branch,
TX,Central Texas Farm Credit,1021 S Koenigheim,"San Angelo, TX 76903",Branch,"Coke, Irion, Reagan, Runnels, Sterling, Tom Green"
TX,Capital Farm Credit,1701 W Loop 306,"San Angelo, TX 76904",Branch,"Coke, Concho, Crane, Crockett, Ector, Glasscock, Irion, Kimble, Loving, Menard, Reagan, Runnels, Schleicher, Sterling, Sutton, Tom Green, Upton, Ward, Winkler"
TX,AgTexas Farm Credit Services,3145 W. Washington,"Stephenville, TX 76401",Branch,"Brown, Comanche, Eastland, Erath, Hamilton, Hood, Somervell"
TX,AgTrust Farm Credit,101 East Rd,"Stephenville, TX 76401",Branch,"Eastland, Erath, Hood, Palo Pinto, Shackelford, Stephens, Throckmorton, Young"
TX,Texas Farm Credit Services,4608 Kinsey Drive,"Tyler, TX 75703",Branch,"Anderson, Cherokee, Henderson, Smith"
TX,Texas Farm Credit Services,555 S International Blvd,"Weslaco, TX 78596",Branch,"Hidalgo, Jim Hogg, Starr, Webb, Zapata"
TX,Capital Farm Credit,5363 Kell Blvd West,"Wichita Falls, TX 76308",Branch,"Archer, Clay, Stephens, Throckmorton, Wichita, Young"
TX,AgTrust Farm Credit,4449 Loop 322,"Abilene, TX 79602",Branch,
TX,Capital Farm Credit,"1217 E. S. 11th, Suite A","Abilene, TX 79602",Branch,"Callahan, Coleman, Fisher, Jones, Nolan, Runnels, Shackelford, Taylor"
TX,Capital Farm Credit,108 W Avenue E,"Alpine, TX 79830",Branch,"Brewster, Culberson, El Paso, Hudspeth, Jeff Davis, Loving, Pecos, Presidio, Reeves, Terrell, Ward"
TX,AgTexas Farm Credit Services,117 S. Burleson Blvd.,"Burleson, TX 76028",Branch,"Johnson, Parker, Tarrant, Wise"
TX,AgTrust Farm Credit,210 N Ridgeway,"Cleburne, TX 76033",Branch,"Dallas, Hood, Johnson, Somervell, Tarrant"
TX,Texas Farm Credit Services,6451 Camp Bowie Blvd,"Fort Worth, TX 76116",Branch,"Dallas, Tarrant"
TX,AgTrust Farm Credit,5600 Clearfork Main St,"Fort Worth, TX 76109",Branch,"Dallas, Denton, Tarrant, Wise"
TX,Central Texas Farm Credit,550 S 2nd St,"Haskell, TX 79521",Branch,"Baylor, Haskell, Jones, Knox, Stonewall"
TX,Capital Farm Credit,607A N 1st Street E,"Haskell, TX 79521",Branch,"Foard, Haskell, Jones, King, Knox, Shackelford, Stonewall, Taylor"
TX,Texas Farm Credit Services,2790 Virginia Pkwy,"McKinney, TX 75071",Branch,"Collin, Dallas, Tarrant"
TX,AgTexas Farm Credit Services,104 I-27 Frontage,"Plainview, TX 79072",Branch,"Briscoe, Floyd, Hale, Swisher"
TX,Capital Farm Credit,1701 W Loop 306,"San Angelo, TX 76904",Branch,"Coke, Concho, Crane, Crockett, Ector, Glasscock, Irion, Kimble, Loving, Menard, Reagan, Runnels, Schleicher, Sterling, Sutton, Tom Green, Upton, Ward, Winkler"
TX,Capital Farm Credit,515 Sterley,"Spur, TX 79370",Branch,"Dickens, Kent, King, Stonewall"
TX,Legacy Ag Credit,1541 State Highway 34 S,"Terrell, TX 75160",Branch,"Kaufman, Terrell"
TX,Capital Farm Credit,115 N Armstrong,"Tulia, TX 79088",Branch,
TX,Capital Farm Credit,5900 Southwest Pkwy,"Austin, TX 78735",Branch,"Hays, Travis, Williamson"
TX,AgTexas Farm Credit Services,121 W Broadway,"Brownfield, TX 79316",Branch,"Terry, Yoakum"
TX,Capital Farm Credit,613 Avenue G,"Levelland, TX 79336",Branch,"Cochran, Hockley, Terry, Yoakum"
TX,Capital Farm Credit,151 S Munday Avenue,"Munday, TX 76371",Branch,"Baylor, Foard, Haskell, Knox, Throckmorton"
TX,Central Texas Farm Credit,1021 S Koenigheim,"San Angelo, TX 76903",Branch,"Coke, Irion, Reagan, Runnels, Sterling, Tom Green"
TX,Capital Farm Credit,1701 W Loop 306,"San Angelo, TX 76904",Branch,"Coke, Concho, Crane, Crockett, Ector, Glasscock, Irion, Kimble, Loving, Menard, Reagan, Runnels, Schleicher, Sterling, Sutton, Tom Green, Upton, Ward, Winkler"
TX,AgTrust Farm Credit,101 East Rd,"Stephenville, TX 76401",Branch,"Eastland, Erath, Hood, Palo Pinto, Shackelford, Stephens, Throckmorton, Young"
TX,Texas Farm Credit Services,1305 Shannon RD E,"Sulphur Spgs, TX 75482-3043",Branch,"Bowie, Camp, Cass, Franklin, Hopkins, Hunt, Morris, Rains, Red River, Titus"
TX,Capital Farm Credit,2704 Medical Parkway,"Taylor, TX 76574",Branch,"Bastrop, Lee, Milam, Travis, Williamson"
TX,Texas Farm Credit Services,8505 Technology Forest Place,"The Woodlands, TX 77381",Branch,"Montgomery, Polk, San Jacinto, Trinity, Walker"
TX,Capital Farm Credit,5363 Kell Blvd West,"Wichita Falls, TX 76308",Branch,"Archer, Clay, Stephens, Throckmorton, Wichita, Young"
TX,Texas Farm Credit Services,7185 I-10 South,"Beaumont, TX 77705",Branch,"Chambers, Hardin, Jasper, Jefferson, Liberty, Newton, Orange, Tyler"
TX,Legacy Ag Credit,335 West Dallas Street,"Canton, TX 75103",Branch,
TX,Capital Farm Credit,907 W Clayton FM 1960,"Dayton, TX 77535",Branch,"Chambers, Hardin, Jasper, Jefferson, Liberty, Newton, Orange, Tyler"
TX,Legacy Ag Credit,1261 Hwy 271 South,"Gilmer, TX 75645",Branch,"Gregg, Harrison, Marion, Upshur"
TX,Capital Farm Credit,101 N 22nd Street,"Lamesa, TX 79331",Branch,"Andrews, Borden, Crane, Dawson, Ector, Gaines, Glasscock, Howard, Martin, Midland, Upton, Winkler"
TX,Capital Farm Credit,1701 W Loop 306,"San Angelo, TX 76904",Branch,"Coke, Concho, Crane, Crockett, Ector, Glasscock, Irion, Kimble, Loving, Menard, Reagan, Runnels, Schleicher, Sterling, Sutton, Tom Green, Upton, Ward, Winkler"
TX,Texas Farm Credit Services,244 N Getty,"Uvalde, TX 78801",Branch,"Edwards, Kinney, Maverick, Uvalde, Val Verde, Zavala"
TX,Capital Farm Credit,101 Jolley Street,"Uvalde, TX 78801",Branch,"Kinney, Maverick, Real, Uvalde, Val Verde, Zavala"
TX,Capital Farm Credit,108 W Avenue E,"Alpine, TX 79830",Branch,"Brewster, Culberson, El Paso, Hudspeth, Jeff Davis, Loving, Pecos, Presidio, Reeves, Terrell, Ward"
TX,Capital Farm Credit,8 E Palm Street,"Bellville, TX 77418",Branch,"Austin, Colorado, Waller, Washington"
TX,Texas Farm Credit Services,1301 Highway 290 E,"Brenham, TX 77833",Branch,"Austin, Fayette, Lavaca, Lee, Waller, Washington"
TX,Capital Farm Credit,1801 W White Oak Terrace,"Conroe, TX 77304",Branch,"Montgomery, San Jacinto, Walker"
TX,Capital Farm Credit,808 N Wells Street,"Edna, TX 77957",Branch,"Calhoun, Jackson, Refugio, Victoria"
TX,Capital Farm Credit,1807 North Mechanic,"El Campo, TX 77437",Branch,"Brazoria, Calhoun, Colorado, Fort Bend, Galveston, Harris, Jackson, Matagorda, Refugio, Victoria, Wharton"
TX,Capital Farm Credit,1260 Pin Oak Road,"Katy, TX 77494",Branch,
TX,Capital Farm Credit,"10410 Medical Loop, Suite 5D","Laredo, TX 78045",Branch,"Duval, Jim Hogg, Webb, Zapata"
TX,Capital Farm Credit,335 N May,"Madisonville, TX 77864",Branch,"Leon, Madison, Walker"
TX,Capital Farm Credit,1701 W Loop 306,"San Angelo, TX 76904",Branch,"Coke, Concho, Crane, Crockett, Ector, Glasscock, Irion, Kimble, Loving, Menard, Reagan, Runnels, Schleicher, Sterling, Sutton, Tom Green, Upton, Ward, Winkler"
TX,Texas Farm Credit Services,8505 Technology Forest Place,"The Woodlands, TX 77381",Branch,"Montgomery, Polk, San Jacinto, Trinity, Walker"
TX,Capital Farm Credit,1501 E Mockingbird LN Ste 100a,"Victoria, TX 77904",Branch,
TX,Texas Farm Credit Services,555 S International Blvd,"Weslaco, TX 78596",Branch,"Hidalgo, Jim Hogg, Starr, Webb, Zapata"
TX,Capital Farm Credit,5900 Southwest Pkwy,"Austin, TX 78735",Branch,"Hays, Travis, Williamson"
TX,Capital Farm Credit,203 N 2nd Street,"Canadian, TX 79014",Branch,"Hemphill, Lipscomb, Roberts, Wheeler"
TX,Capital Farm Credit,Highway 83 North,"Childress, TX 79201",Branch,"Childress, Collingsworth, Cottle, Donley, Foard, Hall, Hardeman, King, Wheeler"
TX,Capital Farm Credit,1807 North Mechanic,"El Campo, TX 77437",Branch,"Brazoria, Calhoun, Colorado, Fort Bend, Galveston, Harris, Jackson, Matagorda, Refugio, Victoria, Wharton"
TX,AgTrust Farm Credit,4411 South Interstate 35,"Georgetown, TX 78626",Branch,"Bell, Falls, Milam, Williamson"
TX,Capital Farm Credit,"8122 West Expressway 83, Suite 1","Harlingen, TX 78552",Branch,"Cameron, Willacy"
TX,Capital Farm Credit,424 N Hobart,"Pampa, TX 79066",Branch,"Donley, Gray, Roberts, Wheeler"
TX,Texas Farm Credit Services,137 S Eighth,"Raymondville, TX 78580",Branch,"Cameron, Willacy"
TX,Capital Farm Credit,2704 Medical Parkway,"Taylor, TX 76574",Branch,"Bastrop, Lee, Milam, Travis, Williamson"
TX,Capital Farm Credit,1725 Deaf Smith,"Vernon, TX 76385",Branch,"Foard, Hardeman, Wilbarger"
TX,Capital Farm Credit,501 Alan L Bean Blvd,"Wheeler, TX 79096",Branch,"Collingsworth, Gray, Hemphill, Wheeler"
TX,Capital Farm Credit,5363 Kell Blvd West,"Wichita Falls, TX 76308",Branch,"Archer, Clay, Stephens, Throckmorton, Wichita, Young"
TX,AgTexas Farm Credit Services,121 W Broadway,"Brownfield, TX 79316",Branch,"Terry, Yoakum"
TX,AgTexas Farm Credit Services,117 S. Burleson Blvd.,"Burleson, TX 76028",Branch,"Johnson, Parker, Tarrant, Wise"
TX,AgTrust Farm Credit,3905 Morse St,"Denton, TX 76208",Branch,"Dallas, Denton, Wise"
TX,AgTrust Farm Credit,5600 Clearfork Main St,"Fort Worth, TX 76109",Branch,"Dallas, Denton, Tarrant, Wise"
TX,Capital Farm Credit,403 N Sunset Strip Hwy 181,"Kenedy, TX 78119",Branch,"Bee, DeWitt, Goliad, Karnes, Live Oak, Wilson"
TX,Capital Farm Credit,101 N 22nd Street,"Lamesa, TX 79331",Branch,"Andrews, Borden, Crane, Dawson, Ector, Gaines, Glasscock, Howard, Martin, Midland, Upton, Winkler"
TX,Capital Farm Credit,613 Avenue G,"Levelland, TX 79336",Branch,"Cochran, Hockley, Terry, Yoakum"
TX,Capital Farm Credit,1701 W Loop 306,"San Angelo, TX 76904",Branch,"Coke, Concho, Crane, Crockett, Ector, Glasscock, Irion, Kimble, Loving, Menard, Reagan, Runnels, Schleicher, Sterling, Sutton, Tom Green, Upton, Ward, Winkler"
TX,Texas Farm Credit Services,16011 Via Shavano,"San Antonio, TX 78249",Branch,"Bexar, Gonzales, Guadalupe, Wilson"
TX,AgTrust Farm Credit,101 East Rd,"Stephenville, TX 76401",Branch,"Eastland, Erath, Hood, Palo Pinto, Shackelford, Stephens, Throckmorton, Young"
TX,Capital Farm Credit,5363 Kell Blvd West,"Wichita Falls, TX 76308",Branch,"Archer, Clay, Stephens, Throckmorton, Wichita, Young"
TX,Capital Farm Credit,"10410 Medical Loop, Suite 5D","Laredo, TX 78045",Branch,"Duval, Jim Hogg, Webb, Zapata"
TX,Texas Farm Credit Services,244 N Getty,"Uvalde, TX 78801",Branch,"Edwards, Kinney, Maverick, Uvalde, Val Verde, Zavala"
TX,Capital Farm Credit,101 Jolley Street,"Uvalde, TX 78801",Branch,"Kinney, Maverick, Real, Uvalde, Val Verde, Zavala"
TX,Texas Farm Credit Services,555 S International Blvd,"Weslaco, TX 78596",Branch,"Hidalgo, Jim Hogg, Starr, Webb, Zapata"
UT,Western AgCredit,2195 North Main,"North Logan, UT 84341",Branch,"Cache, Rich"
UT,Western AgCredit,63 East 600 North,"Richfield, UT 84701",Branch,"Beaver, Emery, Garfield, Kane, Millard, Piute, Sanpete, Sevier, Wayne"
UT,Western AgCredit,10980 South Jordan Gateway,"South Jordan, UT 84095",Branch,"Davis, Morgan, Salt Lake, Summit, Tooele, Wasatch, Weber"
UT,Western AgCredit,727 South Main,"Spanish Fork, UT 84660",Branch,"Carbon, Emery, Grand, Juab, San Juan, Sanpete, Utah"
UT,Western AgCredit,781 E Main,"Tremonton, UT 84337",Branch,
UT,Western AgCredit,848 Front St,"Evanston, WY 82930",Branch,"Daggett, Lincoln, Rich, Uinta"
UT,Western AgCredit,2495 N. Main Street,"Cedar City, UT 84721",Branch,"Clark, Coconino, Iron, Kane, Lincoln, Mohave, Utah, Washington"
UT,Western AgCredit,63 East 600 North,"Richfield, UT 84701",Branch,"Beaver, Emery, Garfield, Kane, Millard, Piute, Sanpete, Sevier, Wayne"
UT,Western AgCredit,55 S 1500 E,"Ballard, UT 84066",Branch,"Duchesne, Uintah"
UT,Western AgCredit,727 South Main,"Spanish Fork, UT 84660",Branch,"Carbon, Emery, Grand, Juab, San Juan, Sanpete, Utah"
UT,Western AgCredit,2495 N. Main Street,"Cedar City, UT 84721",Branch,"Clark, Coconino, Iron, Kane, Lincoln, Mohave, Utah, Washington"
UT,Western AgCredit,2195 North Main,"North Logan, UT 84341",Branch,"Cache, Rich"
UT,Western AgCredit,63 East 600 North,"Richfield, UT 84701",Branch,"Beaver, Emery, Garfield, Kane, Millard, Piute, Sanpete, Sevier, Wayne"
UT,Western AgCredit,10980 South Jordan Gateway,"South Jordan, UT 84095",Branch,"Davis, Morgan, Salt Lake, Summit, Tooele, Wasatch, Weber"
UT,Western AgCredit,848 Front St,"Evanston, WY 82930",Branch,"Daggett, Lincoln, Rich, Uinta"
UT,Western AgCredit,63 East 600 North,"Richfield, UT 84701",Branch,"Beaver, Emery, Garfield, Kane, Millard, Piute, Sanpete, Sevier, Wayne"
UT,Western AgCredit,55 S 1500 E,"Ballard, UT 84066",Branch,"Duchesne, Uintah"
UT,Western AgCredit,10980 South Jordan Gateway,"South Jordan, UT 84095",Branch,"Davis, Morgan, Salt Lake, Summit, Tooele, Wasatch, Weber"
UT,Western AgCredit,727 South Main,"Spanish Fork, UT 84660",Branch,"Carbon, Emery, Grand, Juab, San Juan, Sanpete, Utah"
UT,Western AgCredit,2495 N. Main Street,"Cedar City, UT 84721",Branch,"Clark, Coconino, Iron, Kane, Lincoln, Mohave, Utah, Washington"
UT,Western AgCredit,63 East 600 North,"Richfield, UT 84701",Branch,"Beaver, Emery, Garfield, Kane, Millard, Piute, Sanpete, Sevier, Wayne"
UT,Western AgCredit,10980 South Jordan Gateway,"South Jordan, UT 84095",Branch,"Davis, Morgan, Salt Lake, Summit, Tooele, Wasatch, Weber"
UT,Western AgCredit,727 South Main,"Spanish Fork, UT 84660",Branch,"Carbon, Emery, Grand, Juab, San Juan, Sanpete, Utah"
VT,Farm Credit East,250 Commerce Way,"Derby, VT 05829",Branch,"Caledonia, Coos, Essex, Grafton, Lamoille, Orleans, Washington"
VT,Farm Credit East,320 Exchange St,"Middlebury, VT 05753",,"Addison, Bennington, Chittenden, Essex, Rutland, Washington"
VT,Farm Credit East,130 Upper Weldon St,"St Albans, VT 05478",,"Chittenden, Clinton, Franklin, Grand Isle, Lamoille"
VT,Farm Credit East,52 FarmVu Dr,"White River Junction, VT 05001",,"Bennington, Caledonia, Cheshire, Grafton, Orange, Rutland, Sullivan, Washington, Windham, Windsor"
VT,Farm Credit East,250 Commerce Way,"Derby, VT 05829",Branch,"Caledonia, Coos, Essex, Grafton, Lamoille, Orleans, Washington"
VT,Farm Credit East,320 Exchange St,"Middlebury, VT 05753",,"Addison, Bennington, Chittenden, Essex, Rutland, Washington"
VT,Farm Credit East,130 Upper Weldon St,"St Albans, VT 05478",,"Chittenden, Clinton, Franklin, Grand Isle, Lamoille"
VT,Farm Credit East,52 FarmVu Dr,"White River Junction, VT 05001",,"Bennington, Caledonia, Cheshire, Grafton, Orange, Rutland, Sullivan, Washington, Windham, Windsor"
VT,Farm Credit East,52 FarmVu Dr,"White River Junction, VT 05001",,"Bennington, Caledonia, Cheshire, Grafton, Orange, Rutland, Sullivan, Washington, Windham, Windsor"
VA,Horizon Farm Credit,1035 Ocean Hwy,"Pocomoke, MD 21851-0270",Branch,"Accomack, Northampton, Somerset, Worcester"
VA,Farm Credit of the Virginias,1445 East Rio Rd,"Charlottesville, VA 22901",Branch,
VA,Colonial Farm Credit,1700-A S Main St,"Farmville, VA 23901",Branch,"Amelia, Buckingham, Charlotte, Cumberland, Nottoway, Prince Edward"
VA,Colonial Farm Credit,22776 Timberlake Rd,"Lynchburg, VA 24502",Branch,"Amherst, Appomattox, Campbell"
VA,Farm Credit of the Virginias,38 Murray Farm Rd,"Roanoke, VA 24019",Branch,"Alleghany, Botetourt, Craig, Floyd, Roanoke"
VA,Farm Credit of the Virginias,1356 B American Way Ct,"Bedford, VA 24523",Branch,
VA,Farm Credit of the Virginias,"27 Fort Evans Rd, NE","Leesburg, VA 20176",Branch,"Arlington, Fairfax, Loudoun"
VA,Farm Credit of the Virginias,38 Murray Farm Rd,"Roanoke, VA 24019",Branch,"Alleghany, Botetourt, Craig, Floyd, Roanoke"
VA,Farm Credit of the Virginias,1557 Commerce Rd,"Verona, VA 24482",Branch,"Augusta, Bath, Highland, Nelson"
VA,Farm Credit of the Virginias,660 Peppers Ferry Rd,"Wytheville, VA 24382",Branch,"Bland, Carroll, Giles, Grayson, Montgomery, Pulaski, Wythe"
VA,Farm Credit of the Virginias,19292 Lee Hwy,"Abingdon, VA 24210",Branch,"Buchanan, Dickenson, Lee, Russell, Scott, Smyth, Tazewell, Washington, Wise"
VA,Colonial Farm Credit,1700-A S Main St,"Farmville, VA 23901",Branch,"Amelia, Buckingham, Charlotte, Cumberland, Nottoway, Prince Edward"
VA,Colonial Farm Credit,22776 Timberlake Rd,"Lynchburg, VA 24502",Branch,"Amherst, Appomattox, Campbell"
VA,Colonial Farm Credit,201 E Danville St,"South Hill, VA 23970",Branch,"Brunswick, Lunenburg, Mecklenburg"
VA,Colonial Farm Credit,135 Queen ST,"Tappahannock, VA 22560",Branch,"Caroline, Essex, King and Queen, King George, King William, Lancaster, Northumberland, Richmond, Westmoreland"
VA,Farm Credit of the Virginias,660 Peppers Ferry Rd,"Wytheville, VA 24382",Branch,"Bland, Carroll, Giles, Grayson, Montgomery, Pulaski, Wythe"
VA,Farm Credit of the Virginias,15574 Ira Hoffman Lane,"Culpeper, VA 22701",Branch,"Culpeper, Madison"
VA,Colonial Farm Credit,1700-A S Main St,"Farmville, VA 23901",Branch,"Amelia, Buckingham, Charlotte, Cumberland, Nottoway, Prince Edward"
VA,Colonial Farm Credit,7104 Mechanicsville Turnpike,"Mechanicsville, VA 23111",Branch,"Chesterfield, Hanover, Henrico, Powhatan"
VA,Farm Credit of the Virginias,38 Murray Farm Rd,"Roanoke, VA 24019",Branch,"Alleghany, Botetourt, Craig, Floyd, Roanoke"
VA,Colonial Farm Credit,18639 Eltham Rd,"West Point, VA 23181",Branch,"Charles City, Gloucester, James City, Mathews, Middlesex, New Kent, Newport News City, York"
VA,Horizon Farm Credit,125 Prosperity Dr,"Winchester, VA 22604",Branch,"Berkeley, Clarke, Frederick, Jefferson, Morgan, Page, Shenandoah, Warren, Washington"
VA,Farm Credit of the Virginias,19292 Lee Hwy,"Abingdon, VA 24210",Branch,"Buchanan, Dickenson, Lee, Russell, Scott, Smyth, Tazewell, Washington, Wise"
VA,Colonial Farm Credit,1700-A S Main St,"Farmville, VA 23901",Branch,"Amelia, Buckingham, Charlotte, Cumberland, Nottoway, Prince Edward"
VA,Farm Credit of the Virginias,"27 Fort Evans Rd, NE","Leesburg, VA 20176",Branch,"Arlington, Fairfax, Loudoun"
VA,Colonial Farm Credit,135 Queen ST,"Tappahannock, VA 22560",Branch,"Caroline, Essex, King and Queen, King George, King William, Lancaster, Northumberland, Richmond, Westmoreland"
VA,Farm Credit of the Virginias,516 Fauquier Rd,"Warrenton, VA 20186",Branch,"Fauquier, Prince William, Rappahannock, Stafford"
VA,Colonial Farm Credit,2987 River Road West,"Goochland, VA 23063",Branch,"Fluvanna, Goochland, Louisa"
VA,Farm Credit of the Virginias,38 Murray Farm Rd,"Roanoke, VA 24019",Branch,"Alleghany, Botetourt, Craig, Floyd, Roanoke"
VA,Farm Credit of the Virginias,670 Old Franklin Turnpike,"Rocky Mount, VA 24151",Branch,"Franklin, Henry"
VA,Colonial Farm Credit,18639 Eltham Rd,"West Point, VA 23181",Branch,"Charles City, Gloucester, James City, Mathews, Middlesex, New Kent, Newport News City, York"
VA,Horizon Farm Credit,125 Prosperity Dr,"Winchester, VA 22604",Branch,"Berkeley, Clarke, Frederick, Jefferson, Morgan, Page, Shenandoah, Warren, Washington"
VA,Farm Credit of the Virginias,660 Peppers Ferry Rd,"Wytheville, VA 24382",Branch,"Bland, Carroll, Giles, Grayson, Montgomery, Pulaski, Wythe"
VA,Colonial Farm Credit,22323 Main St,"Courtland, VA 23837",Branch,"Greensville, Southampton"
VA,Colonial Farm Credit,2987 River Road West,"Goochland, VA 23063",Branch,"Fluvanna, Goochland, Louisa"
VA,Colonial Farm Credit,7104 Mechanicsville Turnpike,"Mechanicsville, VA 23111",Branch,"Chesterfield, Hanover, Henrico, Powhatan"
VA,Farm Credit of the Virginias,13284 James Madison Hwy,"Orange, VA 22960",Branch,"Greene, Orange, Spotsylvania"
VA,Farm Credit of the Virginias,4024 Halifax Rd,"South Boston, VA 24592",Branch,
VA,Farm Credit of the Virginias,660 Peppers Ferry Rd,"Wytheville, VA 24382",Branch,"Bland, Carroll, Giles, Grayson, Montgomery, Pulaski, Wythe"
VA,Farm Credit of the Virginias,19651 US Hwy 29,"Chatham, VA 24531",Branch,"Henry, Patrick, Pittsylvania"
VA,Colonial Farm Credit,7104 Mechanicsville Turnpike,"Mechanicsville, VA 23111",Branch,"Chesterfield, Hanover, Henrico, Powhatan"
VA,Farm Credit of the Virginias,670 Old Franklin Turnpike,"Rocky Mount, VA 24151",Branch,"Franklin, Henry"
VA,Colonial Farm Credit,135 Queen ST,"Tappahannock, VA 22560",Branch,"Caroline, Essex, King and Queen, King George, King William, Lancaster, Northumberland, Richmond, Westmoreland"
VA,Farm Credit of the Virginias,1557 Commerce Rd,"Verona, VA 24482",Branch,"Augusta, Bath, Highland, Nelson"
VA,Colonial Farm Credit,18639 Eltham Rd,"West Point, VA 23181",Branch,"Charles City, Gloucester, James City, Mathews, Middlesex, New Kent, Newport News City, York"
VA,Colonial Farm Credit,11295 Windsor Blvd,"Windsor, VA 23487",Branch,"Isle of Wight, Suffolk City"
VA,Farm Credit of the Virginias,19292 Lee Hwy,"Abingdon, VA 24210",Branch,"Buchanan, Dickenson, Lee, Russell, Scott, Smyth, Tazewell, Washington, Wise"
VA,Colonial Farm Credit,2987 River Road West,"Goochland, VA 23063",Branch,"Fluvanna, Goochland, Louisa"
VA,Farm Credit of the Virginias,"27 Fort Evans Rd, NE","Leesburg, VA 20176",Branch,"Arlington, Fairfax, Loudoun"
VA,Colonial Farm Credit,135 Queen ST,"Tappahannock, VA 22560",Branch,"Caroline, Essex, King and Queen, King George, King William, Lancaster, Northumberland, Richmond, Westmoreland"
VA,Farm Credit of the Virginias,15574 Ira Hoffman Lane,"Culpeper, VA 22701",Branch,"Culpeper, Madison"
VA,Colonial Farm Credit,201 E Danville St,"South Hill, VA 23970",Branch,"Brunswick, Lunenburg, Mecklenburg"
VA,Colonial Farm Credit,18639 Eltham Rd,"West Point, VA 23181",Branch,"Charles City, Gloucester, James City, Mathews, Middlesex, New Kent, Newport News City, York"
VA,Farm Credit of the Virginias,660 Peppers Ferry Rd,"Wytheville, VA 24382",Branch,"Bland, Carroll, Giles, Grayson, Montgomery, Pulaski, Wythe"
VA,Horizon Farm Credit,1035 Ocean Hwy,"Pocomoke, MD 21851-0270",Branch,"Accomack, Northampton, Somerset, Worcester"
VA,Colonial Farm Credit,1700-A S Main St,"Farmville, VA 23901",Branch,"Amelia, Buckingham, Charlotte, Cumberland, Nottoway, Prince Edward"
VA,Farm Credit of the Virginias,13284 James Madison Hwy,"Orange, VA 22960",Branch,"Greene, Orange, Spotsylvania"
VA,Colonial Farm Credit,135 Queen ST,"Tappahannock, VA 22560",Branch,"Caroline, Essex, King and Queen, King George, King William, Lancaster, Northumberland, Richmond, Westmoreland"
VA,Farm Credit of the Virginias,1557 Commerce Rd,"Verona, VA 24482",Branch,"Augusta, Bath, Highland, Nelson"
VA,Colonial Farm Credit,18639 Eltham Rd,"West Point, VA 23181",Branch,"Charles City, Gloucester, James City, Mathews, Middlesex, New Kent, Newport News City, York"
VA,Farm Credit of the Virginias,19651 US Hwy 29,"Chatham, VA 24531",Branch,"Henry, Patrick, Pittsylvania"
VA,Colonial Farm Credit,1700-A S Main St,"Farmville, VA 23901",Branch,"Amelia, Buckingham, Charlotte, Cumberland, Nottoway, Prince Edward"
VA,Colonial Farm Credit,7104 Mechanicsville Turnpike,"Mechanicsville, VA 23111",Branch,"Chesterfield, Hanover, Henrico, Powhatan"
VA,Colonial Farm Credit,428 E Main St,"Waverly, VA 23890",Branch,"Prince George, Surry, Sussex"
VA,Horizon Farm Credit,125 Prosperity Dr,"Winchester, VA 22604",Branch,"Berkeley, Clarke, Frederick, Jefferson, Morgan, Page, Shenandoah, Warren, Washington"
VA,Farm Credit of the Virginias,152 Maury River Rd,"Lexington, VA 24450",Branch,"Lexington City, Rockbridge"
VA,Farm Credit of the Virginias,38 Murray Farm Rd,"Roanoke, VA 24019",Branch,"Alleghany, Botetourt, Craig, Floyd, Roanoke"
VA,Colonial Farm Credit,135 Queen ST,"Tappahannock, VA 22560",Branch,"Caroline, Essex, King and Queen, King George, King William, Lancaster, Northumberland, Richmond, Westmoreland"
VA,Farm Credit of the Virginias,516 Fauquier Rd,"Warrenton, VA 20186",Branch,"Fauquier, Prince William, Rappahannock, Stafford"
VA,Farm Credit of the Virginias,660 Peppers Ferry Rd,"Wytheville, VA 24382",Branch,"Bland, Carroll, Giles, Grayson, Montgomery, Pulaski, Wythe"
VA,Farm Credit of the Virginias,19292 Lee Hwy,"Abingdon, VA 24210",Branch,"Buchanan, Dickenson, Lee, Russell, Scott, Smyth, Tazewell, Washington, Wise"
VA,Colonial Farm Credit,22323 Main St,"Courtland, VA 23837",Branch,"Greensville, Southampton"
VA,Farm Credit of the Virginias,4646 S Valley Pike,"Harrisonburg, VA 22801",Branch,
VA,Horizon Farm Credit,125 Prosperity Dr,"Winchester, VA 22604",Branch,"Berkeley, Clarke, Frederick, Jefferson, Morgan, Page, Shenandoah, Warren, Washington"
VA,Farm Credit of the Virginias,19292 Lee Hwy,"Abingdon, VA 24210",Branch,"Buchanan, Dickenson, Lee, Russell, Scott, Smyth, Tazewell, Washington, Wise"
VA,Farm Credit of the Virginias,13284 James Madison Hwy,"Orange, VA 22960",Branch,"Greene, Orange, Spotsylvania"
VA,Farm Credit of the Virginias,516 Fauquier Rd,"Warrenton, VA 20186",Branch,"Fauquier, Prince William, Rappahannock, Stafford"
VA,Colonial Farm Credit,428 E Main St,"Waverly, VA 23890",Branch,"Prince George, Surry, Sussex"
VA,Horizon Farm Credit,125 Prosperity Dr,"Winchester, VA 22604",Branch,"Berkeley, Clarke, Frederick, Jefferson, Morgan, Page, Shenandoah, Warren, Washington"
VA,Farm Credit of the Virginias,19292 Lee Hwy,"Abingdon, VA 24210",Branch,"Buchanan, Dickenson, Lee, Russell, Scott, Smyth, Tazewell, Washington, Wise"
VA,Colonial Farm Credit,135 Queen ST,"Tappahannock, VA 22560",Branch,"Caroline, Essex, King and Queen, King George, King William, Lancaster, Northumberland, Richmond, Westmoreland"
VA,Colonial Farm Credit,18639 Eltham Rd,"West Point, VA 23181",Branch,"Charles City, Gloucester, James City, Mathews, Middlesex, New Kent, Newport News City, York"
VA,Farm Credit of the Virginias,660 Peppers Ferry Rd,"Wytheville, VA 24382",Branch,"Bland, Carroll, Giles, Grayson, Montgomery, Pulaski, Wythe"
VA,Farm Credit of the Virginias,"27 Fort Evans Rd, NE","Leesburg, VA 20176",Branch,"Arlington, Fairfax, Loudoun"
VA,Farm Credit of the Virginias,670 Old Franklin Turnpike,"Rocky Mount, VA 24151",Branch,"Franklin, Henry"
VA,Farm Credit of the Virginias,38 Murray Farm Rd,"Roanoke, VA 24019",Branch,"Alleghany, Botetourt, Craig, Floyd, Roanoke"
VA,Colonial Farm Credit,135 Queen ST,"Tappahannock, VA 22560",Branch,"Caroline, Essex, King and Queen, King George, King William, Lancaster, Northumberland, Richmond, Westmoreland"
WA,AgWest Farm Credit,"201 W. Broadway Ave, Ste B","Ritzville, CA 99169-1846",Branch,
WA,AgWest Farm Credit,2631 Nez Perce Dr,"Lewiston, ID 83501-4121",Branch,"Asotin, Clearwater, Latah, Lewis, Lewis, Nez Perce"
WA,AgWest Farm Credit,"15220 NW Greenbrier Parkway, Suite 105","Beaverton, OR 97006",Branch,"Clackamas, Clallam, Clark, Cowlitz, Grays Harbor, Jefferson, Kitsap, Lewis, Marion, Mason, Pacific, Pierce, Polk, Thurston, Tillamook, Wahkiakum, Yamhill"
WA,AgWest Farm Credit,1501 E Yonezawa Blvd,"Moses Lake, WA 98837-8826",Branch,"Adams, Grant"
WA,AgWest Farm Credit,9915 Saint Thomas Drive,"Pasco, WA 99301-8094",Branch,"Benton, Franklin"
WA,AgWest Farm Credit,2580 Chester Kimm Road,"Wenatchee, WA 98801",Branch,"Chelan, Douglas, Okanogan"
WA,AgWest Farm Credit,"15220 NW Greenbrier Parkway, Suite 105","Beaverton, OR 97006",Branch,"Clackamas, Clallam, Clark, Cowlitz, Grays Harbor, Jefferson, Kitsap, Lewis, Marion, Mason, Pacific, Pierce, Polk, Thurston, Tillamook, Wahkiakum, Yamhill"
WA,AgWest Farm Credit,301 South Main Street,"Colfax, WA 99111-1802",Branch,"Garfield, Whitman"
WA,AgWest Farm Credit,9915 Saint Thomas Drive,"Pasco, WA 99301-8094",Branch,"Benton, Franklin"
WA,AgWest Farm Credit,2001 S. Flint Road,"Spokane, WA 99224-2585",Branch,"Benewah, Bonner, Boundary, Ferry, Kootenai, Lincoln, Lincoln, Pend Oreille, Spokane, Stevens"
WA,AgWest Farm Credit,1 W Pine Street,"Walla Walla, WA 99362-1838",Branch,"Columbia, Walla Walla"
WA,AgWest Farm Credit,2580 Chester Kimm Road,"Wenatchee, WA 98801",Branch,"Chelan, Douglas, Okanogan"
WA,AgWest Farm Credit,"15220 NW Greenbrier Parkway, Suite 105","Beaverton, OR 97006",Branch,"Clackamas, Clallam, Clark, Cowlitz, Grays Harbor, Jefferson, Kitsap, Lewis, Marion, Mason, Pacific, Pierce, Polk, Thurston, Tillamook, Wahkiakum, Yamhill"
WA,AgWest Farm Credit,1501 E Yonezawa Blvd,"Moses Lake, WA 98837-8826",Branch,"Adams, Grant"
WA,AgWest Farm Credit,2157 North Northlake Way,"Seattle, WA 98103-9184",Branch,"Aleutians East, Aleutians West, Anchorage, Bethel, Bristol Bay, Denali, Dillingham, Fairbanks North Star, Haines, Juneau, Kenai Peninsula, Ketchikan Gateway, King, Kodiak Island, Lake and Peninsula, Matanuska Susitna, Nome, North Slope, Northwest Arctic, Prince Wales Ketchikan, Sitka, Skagway Hoonah Angoon, Southeast Fairbanks, Valdez Cordova, Wade Hampton, Wrangell Petersburg, Yakutat, Yukon Koyukuk"
WA,AgWest Farm Credit,2631 Nez Perce Dr,"Lewiston, ID 83501-4121",Branch,"Asotin, Clearwater, Latah, Lewis, Lewis, Nez Perce"
WA,AgWest Farm Credit,"15220 NW Greenbrier Parkway, Suite 105","Beaverton, OR 97006",Branch,"Clackamas, Clallam, Clark, Cowlitz, Grays Harbor, Jefferson, Kitsap, Lewis, Marion, Mason, Pacific, Pierce, Polk, Thurston, Tillamook, Wahkiakum, Yamhill"
WA,AgWest Farm Credit,3591 Klindt Dr,"The Dalles, OR 97058-3688",Branch,"Gilliam, Hood River, Klickitat, Sherman, Wasco, Wheeler"
WA,AgWest Farm Credit,629 S Market Blvd,"Chehalis, WA 98532-3417",Branch,
WA,AgWest Farm Credit,2001 S. Flint Road,"Spokane, WA 99224-2585",Branch,"Benewah, Bonner, Boundary, Ferry, Kootenai, Lincoln, Lincoln, Pend Oreille, Spokane, Stevens"
WA,AgWest Farm Credit,2580 Chester Kimm Road,"Wenatchee, WA 98801",Branch,"Chelan, Douglas, Okanogan"
WA,AgWest Farm Credit,1360 N 16th Ave,"Yakima, WA 98902-7108",Branch,"Kittitas, Yakima"
WA,AgWest Farm Credit,"15220 NW Greenbrier Parkway, Suite 105","Beaverton, OR 97006",Branch,"Clackamas, Clallam, Clark, Cowlitz, Grays Harbor, Jefferson, Kitsap, Lewis, Marion, Mason, Pacific, Pierce, Polk, Thurston, Tillamook, Wahkiakum, Yamhill"
WA,AgWest Farm Credit,265 E George Hopper Rd,"Burlington, WA 98233-3105",Branch,
WA,AgWest Farm Credit,2001 S. Flint Road,"Spokane, WA 99224-2585",Branch,"Benewah, Bonner, Boundary, Ferry, Kootenai, Lincoln, Lincoln, Pend Oreille, Spokane, Stevens"
WA,AgWest Farm Credit,"15220 NW Greenbrier Parkway, Suite 105","Beaverton, OR 97006",Branch,"Clackamas, Clallam, Clark, Cowlitz, Grays Harbor, Jefferson, Kitsap, Lewis, Marion, Mason, Pacific, Pierce, Polk, Thurston, Tillamook, Wahkiakum, Yamhill"
WA,AgWest Farm Credit,2001 S. Flint Road,"Spokane, WA 99224-2585",Branch,"Benewah, Bonner, Boundary, Ferry, Kootenai, Lincoln, Lincoln, Pend Oreille, Spokane, Stevens"
WA,AgWest Farm Credit,1 W Pine Street,"Walla Walla, WA 99362-1838",Branch,"Columbia, Walla Walla"
WA,AgWest Farm Credit,301 South Main Street,"Colfax, WA 99111-1802",Branch,"Garfield, Whitman"
WA,AgWest Farm Credit,2735 Allen Rd,"Sunnyside, WA 98944-8923",Branch,
WA,AgWest Farm Credit,1360 N 16th Ave,"Yakima, WA 98902-7108",Branch,"Kittitas, Yakima"
WV,Horizon Farm Credit,921 S Center Ave,"Hunker, PA 15639",Branch,"Allegheny, Brooke, Fayette, Fayette, Greene, Hancock, Marshall, Ohio, Washington, Westmoreland"
WV,Horizon Farm Credit,125 Prosperity Dr,"Winchester, VA 22604",Branch,"Berkeley, Clarke, Frederick, Jefferson, Morgan, Page, Shenandoah, Warren, Washington"
WV,Farm Credit of the Virginias,527 E Main ST # 104,"Bridgeport, WV 26330",Branch,"Barbour, Braxton, Doddridge, Gilmer, Harrison, Lewis, Marion, Randolph, Ritchie, Taylor, Tucker, Tyler, Upshur, Webster, Wetzel"
WV,Farm Credit of the Virginias,2112 Ripley Rd,"Ripley, WV 25271",Branch,"Boone, Cabell, Calhoun, Clay, Jackson, Kanawha, Lincoln, Logan, Mason, Mingo, Pleasants, Putnam, Roane, Wayne, Wirt, Wood"
WV,Horizon Farm Credit,921 S Center Ave,"Hunker, PA 15639",Branch,"Allegheny, Brooke, Fayette, Fayette, Greene, Hancock, Marshall, Ohio, Washington, Westmoreland"
WV,Farm Credit of the Virginias,527 E Main ST # 104,"Bridgeport, WV 26330",Branch,"Barbour, Braxton, Doddridge, Gilmer, Harrison, Lewis, Marion, Randolph, Ritchie, Taylor, Tucker, Tyler, Upshur, Webster, Wetzel"
WV,Farm Credit of the Virginias,14428 Seneca Trail N,"Lewisburg, WV 24901",Branch,"Fayette, Greenbrier, McDowell, Mercer, Monroe, Nicholas, Pocahontas, Raleigh, Summers, Wyoming"
WV,Farm Credit of the Virginias,550 South Main Street,"Moorefield, WV 26836",Branch,"Grant, Hardy, Pendleton"
WV,Farm Credit of the Virginias,2112 Ripley Rd,"Ripley, WV 25271",Branch,"Boone, Cabell, Calhoun, Clay, Jackson, Kanawha, Lincoln, Logan, Mason, Mingo, Pleasants, Putnam, Roane, Wayne, Wirt, Wood"
WV,Horizon Farm Credit,921 S Center Ave,"Hunker, PA 15639",Branch,"Allegheny, Brooke, Fayette, Fayette, Greene, Hancock, Marshall, Ohio, Washington, Westmoreland"
WV,Farm Credit of the Virginias,527 E Main ST # 104,"Bridgeport, WV 26330",Branch,"Barbour, Braxton, Doddridge, Gilmer, Harrison, Lewis, Marion, Randolph, Ritchie, Taylor, Tucker, Tyler, Upshur, Webster, Wetzel"
WV,Farm Credit of the Virginias,14428 Seneca Trail N,"Lewisburg, WV 24901",Branch,"Fayette, Greenbrier, McDowell, Mercer, Monroe, Nicholas, Pocahontas, Raleigh, Summers, Wyoming"
WV,Farm Credit of the Virginias,550 South Main Street,"Moorefield, WV 26836",Branch,"Grant, Hardy, Pendleton"
WV,Farm Credit of the Virginias,2112 Ripley Rd,"Ripley, WV 25271",Branch,"Boone, Cabell, Calhoun, Clay, Jackson, Kanawha, Lincoln, Logan, Mason, Mingo, Pleasants, Putnam, Roane, Wayne, Wirt, Wood"
WV,Farm Credit of the Virginias,452 N High St,"Romney, WV 26757",Branch,"Hampshire, Mineral"
WV,Horizon Farm Credit,125 Prosperity Dr,"Winchester, VA 22604",Branch,"Berkeley, Clarke, Frederick, Jefferson, Morgan, Page, Shenandoah, Warren, Washington"
WV,Farm Credit of the Virginias,527 E Main ST # 104,"Bridgeport, WV 26330",Branch,"Barbour, Braxton, Doddridge, Gilmer, Harrison, Lewis, Marion, Randolph, Ritchie, Taylor, Tucker, Tyler, Upshur, Webster, Wetzel"
WV,Farm Credit of the Virginias,14428 Seneca Trail N,"Lewisburg, WV 24901",Branch,"Fayette, Greenbrier, McDowell, Mercer, Monroe, Nicholas, Pocahontas, Raleigh, Summers, Wyoming"
WV,Farm Credit of the Virginias,2112 Ripley Rd,"Ripley, WV 25271",Branch,"Boone, Cabell, Calhoun, Clay, Jackson, Kanawha, Lincoln, Logan, Mason, Mingo, Pleasants, Putnam, Roane, Wayne, Wirt, Wood"
WV,Horizon Farm Credit,921 S Center Ave,"Hunker, PA 15639",Branch,"Allegheny, Brooke, Fayette, Fayette, Greene, Hancock, Marshall, Ohio, Washington, Westmoreland"
WV,Farm Credit of the Virginias,527 E Main ST # 104,"Bridgeport, WV 26330",Branch,"Barbour, Braxton, Doddridge, Gilmer, Harrison, Lewis, Marion, Randolph, Ritchie, Taylor, Tucker, Tyler, Upshur, Webster, Wetzel"
WV,Farm Credit of the Virginias,14428 Seneca Trail N,"Lewisburg, WV 24901",Branch,"Fayette, Greenbrier, McDowell, Mercer, Monroe, Nicholas, Pocahontas, Raleigh, Summers, Wyoming"
WV,Farm Credit of the Virginias,2112 Ripley Rd,"Ripley, WV 25271",Branch,"Boone, Cabell, Calhoun, Clay, Jackson, Kanawha, Lincoln, Logan, Mason, Mingo, Pleasants, Putnam, Roane, Wayne, Wirt, Wood"
WV,Farm Credit of the Virginias,452 N High St,"Romney, WV 26757",Branch,"Hampshire, Mineral"
WV,Farm Credit of the Virginias,13195 Garrett Hwy,"Oakland, MD 21550",Branch,"Allegany, Garrett, Monongalia, Preston"
WV,Farm Credit of the Virginias,13195 Garrett Hwy,"Oakland, MD 21550-4003",Branch,"Allegany, Garrett, Monongalia, Preston"
WV,Horizon Farm Credit,921 S Center Ave,"Hunker, PA 15639",Branch,"Allegheny, Brooke, Fayette, Fayette, Greene, Hancock, Marshall, Ohio, Washington, Westmoreland"
WV,Horizon Farm Credit,125 Prosperity Dr,"Winchester, VA 22604",Branch,"Berkeley, Clarke, Frederick, Jefferson, Morgan, Page, Shenandoah, Warren, Washington"
WV,Farm Credit of the Virginias,14428 Seneca Trail N,"Lewisburg, WV 24901",Branch,"Fayette, Greenbrier, McDowell, Mercer, Monroe, Nicholas, Pocahontas, Raleigh, Summers, Wyoming"
WV,Farm Credit of the Virginias,550 South Main Street,"Moorefield, WV 26836",Branch,"Grant, Hardy, Pendleton"
WV,Farm Credit of the Virginias,13195 Garrett Hwy,"Oakland, MD 21550",Branch,"Allegany, Garrett, Monongalia, Preston"
WV,Farm Credit of the Virginias,13195 Garrett Hwy,"Oakland, MD 21550-4003",Branch,"Allegany, Garrett, Monongalia, Preston"
WV,Farm Credit of the Virginias,527 E Main ST # 104,"Bridgeport, WV 26330",Branch,"Barbour, Braxton, Doddridge, Gilmer, Harrison, Lewis, Marion, Randolph, Ritchie, Taylor, Tucker, Tyler, Upshur, Webster, Wetzel"
WV,Farm Credit of the Virginias,14428 Seneca Trail N,"Lewisburg, WV 24901",Branch,"Fayette, Greenbrier, McDowell, Mercer, Monroe, Nicholas, Pocahontas, Raleigh, Summers, Wyoming"
WV,Farm Credit of the Virginias,2112 Ripley Rd,"Ripley, WV 25271",Branch,"Boone, Cabell, Calhoun, Clay, Jackson, Kanawha, Lincoln, Logan, Mason, Mingo, Pleasants, Putnam, Roane, Wayne, Wirt, Wood"
WV,Farm Credit of the Virginias,527 E Main ST # 104,"Bridgeport, WV 26330",Branch,"Barbour, Braxton, Doddridge, Gilmer, Harrison, Lewis, Marion, Randolph, Ritchie, Taylor, Tucker, Tyler, Upshur, Webster, Wetzel"
WV,Farm Credit of the Virginias,14428 Seneca Trail N,"Lewisburg, WV 24901",Branch,"Fayette, Greenbrier, McDowell, Mercer, Monroe, Nicholas, Pocahontas, Raleigh, Summers, Wyoming"
WV,Farm Credit of the Virginias,2112 Ripley Rd,"Ripley, WV 25271",Branch,"Boone, Cabell, Calhoun, Clay, Jackson, Kanawha, Lincoln, Logan, Mason, Mingo, Pleasants, Putnam, Roane, Wayne, Wirt, Wood"
WV,Farm Credit of the Virginias,527 E Main ST # 104,"Bridgeport, WV 26330",Branch,"Barbour, Braxton, Doddridge, Gilmer, Harrison, Lewis, Marion, Randolph, Ritchie, Taylor, Tucker, Tyler, Upshur, Webster, Wetzel"
WV,Farm Credit of the Virginias,2112 Ripley Rd,"Ripley, WV 25271",Branch,"Boone, Cabell, Calhoun, Clay, Jackson, Kanawha, Lincoln, Logan, Mason, Mingo, Pleasants, Putnam, Roane, Wayne, Wirt, Wood"
WV,Farm Credit of the Virginias,14428 Seneca Trail N,"Lewisburg, WV 24901",Branch,"Fayette, Greenbrier, McDowell, Mercer, Monroe, Nicholas, Pocahontas, Raleigh, Summers, Wyoming"
WI,GreenStone Farm Credit Services,340 Patriot Dr.,"Little Chute, WI 54140",Branch,"Brown, Outagamie"
WI,Compeer Financial,2912 Pioneer Ave,"Rice Lake, WI 54868",Branch,"Ashland, Barron, Bayfield, Burnett, Carlton, Chippewa, Chippewa, Chisago, Cook, Douglas, Douglas, Iron, Lake, Pine, Polk, Polk, Rusk, Saint Louis, Sawyer, Washburn"
WI,GreenStone Farm Credit Services,"1801 N. Lincoln Rd., Ste. A","Escanaba, MI 49829",Branch,"Alger, Baraga, Chippewa, Chippewa, Delta, Dickinson, Florence, Gogebic, Houghton, Iron, Iron, Keweenaw, Luce, Mackinac, Menominee, Menominee, Ontonagon, Schoolcraft"
WI,Compeer Financial,1430 Northridge Dr,"Prairie du Sac, WI 53578",Branch,
WI,Compeer Financial,2912 Pioneer Ave,"Rice Lake, WI 54868",Branch,"Ashland, Barron, Bayfield, Burnett, Carlton, Chippewa, Chippewa, Chisago, Cook, Douglas, Douglas, Iron, Lake, Pine, Polk, Polk, Rusk, Saint Louis, Sawyer, Washburn"
WI,AgCountry Farm Credit Services,204 East Liberty Drive,"Thorp, WI 54771",Branch,
WI,Compeer Financial,540 Baldwin Plaza Drive,"Baldwin, WI 54002",Branch,"Anoka, Dunn, Eau Claire, Pepin, Pierce, Ramsey, Saint Croix, Washington, Washington"
WI,Compeer Financial,2912 Pioneer Ave,"Rice Lake, WI 54868",Branch,"Ashland, Barron, Bayfield, Burnett, Carlton, Chippewa, Chippewa, Chisago, Cook, Douglas, Douglas, Iron, Lake, Pine, Polk, Polk, Rusk, Saint Louis, Sawyer, Washburn"
WI,GreenStone Farm Credit Services,"3030 Park Dr., Ste. B","Sturgeon Bay, WI 54235",Branch,"Door, Kewaunee"
WI,Compeer Financial,2600 Jenny Wren Trail,"Sun Prairie, WI 53590",Branch,
WI,GreenStone Farm Credit Services,"1801 N. Lincoln Rd., Ste. A","Escanaba, MI 49829",Branch,"Alger, Baraga, Chippewa, Chippewa, Delta, Dickinson, Florence, Gogebic, Houghton, Iron, Iron, Keweenaw, Luce, Mackinac, Menominee, Menominee, Ontonagon, Schoolcraft"
WI,Compeer Financial,N5776 Cth D,"Fond du Lac, WI 54936",Branch,"Fond du Lac, Green Lake, Winnebago"
WI,Compeer Financial,9185 Old Potosi Rd,"Lancaster, WI 53813",Branch,
WI,GreenStone Farm Credit Services,"1801 N. Lincoln Rd., Ste. A","Escanaba, MI 49829",Branch,"Alger, Baraga, Chippewa, Chippewa, Delta, Dickinson, Florence, Gogebic, Houghton, Iron, Iron, Keweenaw, Luce, Mackinac, Menominee, Menominee, Ontonagon, Schoolcraft"
WI,Compeer Financial,3448 State Rd 23,"Dodgeville, WI 53533",Branch,"Iowa, Lafayette"
WI,Compeer Financial,815 Wright Road,"Johnson Creek, WI 53038",Branch,"Jefferson, Ozaukee, Waukesha"
WI,Compeer Financial,2912 Pioneer Ave,"Rice Lake, WI 54868",Branch,"Ashland, Barron, Bayfield, Burnett, Carlton, Chippewa, Chippewa, Chisago, Cook, Douglas, Douglas, Iron, Lake, Pine, Polk, Polk, Rusk, Saint Louis, Sawyer, Washburn"
WI,Compeer Financial,3448 State Rd 23,"Dodgeville, WI 53533",Branch,"Iowa, Lafayette"
WI,GreenStone Farm Credit Services,"4400 Calumet Ave., Ste. 102","Manitowoc, WI 54220",Branch,
WI,GreenStone Farm Credit Services,"3030 Park Dr., Ste. B","Sturgeon Bay, WI 54235",Branch,"Door, Kewaunee"
WI,GreenStone Farm Credit Services,"1801 N. Lincoln Rd., Ste. A","Escanaba, MI 49829",Branch,"Alger, Baraga, Chippewa, Chippewa, Delta, Dickinson, Florence, Gogebic, Houghton, Iron, Iron, Keweenaw, Luce, Mackinac, Menominee, Menominee, Ontonagon, Schoolcraft"
WI,GreenStone Farm Credit Services,280 S. Main St.,"Clintonville, WI 54929",Branch,"Menominee, Shawano, Waupaca"
WI,GreenStone Farm Credit Services,202 Sado Ln.,"Coleman, WI 54112",Branch,"Marinette, Oconto"
WI,AgCountry Farm Credit Services,611 South 32nd Avenue,"Wausau, WI 54402",Branch,
WI,Compeer Financial,540 Baldwin Plaza Drive,"Baldwin, WI 54002",Branch,"Anoka, Dunn, Eau Claire, Pepin, Pierce, Ramsey, Saint Croix, Washington, Washington"
WI,GreenStone Farm Credit Services,202 Sado Ln.,"Coleman, WI 54112",Branch,"Marinette, Oconto"
WI,Compeer Financial,815 Wright Road,"Johnson Creek, WI 53038",Branch,"Jefferson, Ozaukee, Waukesha"
WI,GreenStone Farm Credit Services,340 Patriot Dr.,"Little Chute, WI 54140",Branch,"Brown, Outagamie"
WI,Compeer Financial,1705 Hwy 14 West,"Janesville, WI 53547",Branch,
WI,AgCountry Farm Credit Services,600 S 8th Street,"Medford, WI 54451",Branch,"Price, Taylor"
WI,Compeer Financial,2912 Pioneer Ave,"Rice Lake, WI 54868",Branch,"Ashland, Barron, Bayfield, Burnett, Carlton, Chippewa, Chippewa, Chisago, Cook, Douglas, Douglas, Iron, Lake, Pine, Polk, Polk, Rusk, Saint Louis, Sawyer, Washburn"
WI,AgCountry Farm Credit Services,1216 Wildwood Dr,"Stevens Point, WI 54482",Branch,"Portage, Waushara"
WI,GreenStone Farm Credit Services,280 S. Main St.,"Clintonville, WI 54929",Branch,"Menominee, Shawano, Waupaca"
WI,Compeer Financial,2912 Pioneer Ave,"Rice Lake, WI 54868",Branch,"Ashland, Barron, Bayfield, Burnett, Carlton, Chippewa, Chippewa, Chisago, Cook, Douglas, Douglas, Iron, Lake, Pine, Polk, Polk, Rusk, Saint Louis, Sawyer, Washburn"
WI,AgCountry Farm Credit Services,600 S 8th Street,"Medford, WI 54451",Branch,"Price, Taylor"
WI,Compeer Financial,2912 Pioneer Ave,"Rice Lake, WI 54868",Branch,"Ashland, Barron, Bayfield, Burnett, Carlton, Chippewa, Chippewa, Chisago, Cook, Douglas, Douglas, Iron, Lake, Pine, Polk, Polk, Rusk, Saint Louis, Sawyer, Washburn"
WI,Compeer Financial,540 Baldwin Plaza Drive,"Baldwin, WI 54002",Branch,"Anoka, Dunn, Eau Claire, Pepin, Pierce, Ramsey, Saint Croix, Washington, Washington"
WI,GreenStone Farm Credit Services,280 S. Main St.,"Clintonville, WI 54929",Branch,"Menominee, Shawano, Waupaca"
WI,Compeer Financial,N5776 Cth D,"Fond du Lac, WI 54936",Branch,"Fond du Lac, Green Lake, Winnebago"
WI,Compeer Financial,815 Wright Road,"Johnson Creek, WI 53038",Branch,"Jefferson, Ozaukee, Waukesha"
WI,AgCountry Farm Credit Services,1207 N Central Ave,"Marshfield, WI 54449-7080",Branch,
WI,AgCountry Farm Credit Services,1216 Wildwood Dr,"Stevens Point, WI 54482",Branch,"Portage, Waushara"
WY,Farm Credit Services of America,1401 Wilkins Circle,"Casper, WY 82601",Branch,"Albany, Big Horn, Campbell, Carbon, Converse, Crook, Fremont, Hot Springs, Johnson, Lincoln, Natrona, Niobrara, Park, Platte, Sheridan, Sublette, Sweetwater, Teton, Uinta, Washakie, Weston"
WY,Idaho AgCredit,2883 Hwy 39,"American Falls, ID 83211",Branch,"Bannock, Bear Lake, Bingham, Blaine, Caribou, Cassia, Custer, Franklin, Gooding, Jerome, Lincoln, Lincoln, Minidoka, Oneida, Owyhee, Power, Teton, Teton, Twin Falls"
WY,Idaho AgCredit,PO Box 985,"Blackfoot, ID 83221",Branch,"Bannock, Bingham, Bonneville, Butte, Custer, Lemhi, Lincoln, Lincoln, Power, Teton, Teton"
WY,Idaho AgCredit,1586 North 2 East,"Rexburg, ID 83440",Branch,"Bonneville, Butte, Camas, Clark, Fremont, Fremont, Jefferson, Lemhi, Lincoln, Lincoln, Madison, Teton, Teton"
WY,Farm Credit Services of America,411 Valley View DR,"Scottsbluff, NE 69361-1482",Branch,"Banner, Box Butte, Cheyenne, Dawes, Deuel, Garden, Goshen, Kimball, Laramie, Morrill, Scotts Bluff, Sheridan, Sheridan, Sioux"
WY,Farm Credit Services of America,1401 Wilkins Circle,"Casper, WY 82601",Branch,"Albany, Big Horn, Campbell, Carbon, Converse, Crook, Fremont, Hot Springs, Johnson, Lincoln, Natrona, Niobrara, Park, Platte, Sheridan, Sublette, Sweetwater, Teton, Uinta, Washakie, Weston"
WY,Western AgCredit,848 Front St,"Evanston, WY 82930",Branch,"Daggett, Lincoln, Rich, Uinta"
WY,Farm Credit Services of America,411 Valley View DR,"Scottsbluff, NE 69361-1482",Branch,"Banner, Box Butte, Cheyenne, Dawes, Deuel, Garden, Goshen, Kimball, Laramie, Morrill, Scotts Bluff, Sheridan, Sheridan, Sioux"
WY,Farm Credit Services of America,1401 Wilkins Circle,"Casper, WY 82601",Branch,"Albany, Big Horn, Campbell, Carbon, Converse, Crook, Fremont, Hot Springs, Johnson, Lincoln, Natrona, Niobrara, Park, Platte, Sheridan, Sublette, Sweetwater, Teton, Uinta, Washakie, Weston"
WY,Idaho AgCredit,2883 Hwy 39,"American Falls, ID 83211",Branch,"Bannock, Bear Lake, Bingham, Blaine, Caribou, Cassia, Custer, Franklin, Gooding, Jerome, Lincoln, Lincoln, Minidoka, Oneida, Owyhee, Power, Teton, Teton, Twin Falls"
WY,Idaho AgCredit,PO Box 985,"Blackfoot, ID 83221",Branch,"Bannock, Bingham, Bonneville, Butte, Custer, Lemhi, Lincoln, Lincoln, Power, Teton, Teton"
WY,Idaho AgCredit,1586 North 2 East,"Rexburg, ID 83440",Branch,"Bonneville, Butte, Camas, Clark, Fremont, Fremont, Jefferson, Lemhi, Lincoln, Lincoln, Madison, Teton, Teton"
WY,Farm Credit Services of America,1401 Wilkins Circle,"Casper, WY 82601",Branch,"Albany, Big Horn, Campbell, Carbon, Converse, Crook, Fremont, Hot Springs, Johnson, Lincoln, Natrona, Niobrara, Park, Platte, Sheridan, Sublette, Sweetwater, Teton, Uinta, Washakie, Weston"
WY,Western AgCredit,848 Front St,"Evanston, WY 82930",Branch,"Daggett, Lincoln, Rich, Uinta"
